{
	"Index":208,
	"Name":"10_124",
	"Hyperbolic":false,
	"Torus":true,
	"Satellite":false,
	"Diagrams":[
		{
			"Scode":"{6, 20, 13, 2, 15, 17, 19, 5, 9, 11}",
			"Acode":"{4, 1, 8, 2, 9, 10, 1, 4, 6, 7}",
			"PDcode":[
				"{1, 7, 2, 6}",
				"{3, 1, 4, 20}",
				"{4, 14, 5, 13}",
				"{7, 3, 8, 2}",
				"{8, 16, 9, 15}",
				"{10, 18, 11, 17}",
				"{12, 20, 13, 19}",
				"{14, 6, 15, 5}",
				"{16, 10, 17, 9}",
				"{18, 12, 19, 11}"
			],
			"SolvingSeqs":[
				[
					"{1, 4, 8}",
					[],
					[
						"{1, 4, 2, 1}",
						"{4, 2, 5, 1}",
						"{8, 4, 9, 1}",
						"{4, 8, 3, 2}",
						"{8, 1, 7, 2}",
						"{1, 7, 10, 2}",
						"{7, 10, 6, 2}"
					],
					"{2, 5}",
					"{9}",
					9
				]
			]
		}
	],
	"ParabolicReps":[
		{
			"DiagramIdx":1,
			"SolvingSeqIdx":1,
			"u":{
				"CheckEq":[
					"1 - a^2*u - u^2",
					"-u - a*b*u + u^2",
					"-a - b + (1 - b*(a + b))*(-(b^2*(a + b)) - b*(1 - b*(a + b))) - u + a*(-(u*(b + a*u^2)) - a*(u - u^3))",
					"-b - b^2*(-(b^2*(a + b)) - b*(1 - b*(a + b))) + u - u^3 + (b + a*u^2)*(-(u*(b + a*u^2)) - a*(u - u^3))"
				],
				"TimingForPrimaryIdeals":5.1715e-2
			},
			"v":{
				"CheckEq":[
					"b^2*v",
					"1 - v + a*b*v",
					"-b - b^2*(-(b^2*(a + b)) - b*(1 - b*(a + b))) + b^2*v",
					"-a - b + (1 - b*(a + b))*(-(b^2*(a + b)) - b*(1 - b*(a + b))) + v + b*v*(a - b*v^2)"
				],
				"TimingForPrimaryIdeals":5.0791e-2
			},
			"PrimaryIdeals":[
				{
					"IdealName":"J10_124_1",
					"Generators":[
						"-1 + u",
						"a",
						"-1 - b + b^2"
					],
					"VariableOrder":[
						"u",
						"a",
						"b"
					],
					"Characteristic":0,
					"KnownGroebner":[],
					"Status":[
						"vCompNormalize"
					],
					"MonomialOrder":"lex",
					"IsHomogeneous":false,
					"IsZeroDim":true,
					"IdealDimension":0,
					"ZeroDimensionalVars":[
						"u",
						"a",
						"b"
					],
					"Timings":{
						"TimingmagmaVCompNormalize":4.74e-4,
						"TimingComplexVolumeN":0.25043,
						"TimingObstruction":4.7e-4,
						"TiminguValues_ij":7.12e-4,
						"TiminguPolys_ij_N":1.321e-3
					},
					"ComplexVolumeN":[
						-2.63189450695716229835586426663364030275031984193087750037689316699201195264512139813380624099161392848640691033973950509,
						-10.527578027828649193423457066534561211001279367723510001507572667968047810580485592535224963966455713945627641358958
					],
					"SortedReprnIndices":"{2, 1}",
					"Abelian":false,
					"Obstruction":1,
					"ij_list":[
						[
							"{1, 2}",
							"{4, 5}"
						],
						[
							"{1, 3}"
						],
						[
							"{1, 4}",
							"{2, 4}",
							"{2, 5}"
						],
						[
							"{1, 5}"
						],
						[
							"{1, 6}"
						],
						[
							"{1, 7}",
							"{1, 8}",
							"{2, 9}"
						],
						[
							"{1, 9}"
						],
						[
							"{1, 10}"
						],
						[
							"{2, 3}"
						],
						[
							"{2, 6}"
						],
						[
							"{2, 7}"
						],
						[
							"{2, 8}"
						],
						[
							"{2, 10}"
						],
						[
							"{3, 4}"
						],
						[
							"{3, 5}"
						],
						[
							"{3, 6}"
						],
						[
							"{3, 7}"
						],
						[
							"{3, 8}"
						],
						[
							"{3, 9}"
						],
						[
							"{3, 10}"
						],
						[
							"{4, 6}"
						],
						[
							"{4, 7}"
						],
						[
							"{4, 8}",
							"{4, 9}"
						],
						[
							"{4, 10}"
						],
						[
							"{5, 6}"
						],
						[
							"{5, 7}"
						],
						[
							"{5, 8}"
						],
						[
							"{5, 9}"
						],
						[
							"{5, 10}"
						],
						[
							"{6, 7}"
						],
						[
							"{6, 8}"
						],
						[
							"{6, 9}"
						],
						[
							"{6, 10}"
						],
						[
							"{7, 8}"
						],
						[
							"{7, 9}"
						],
						[
							"{7, 10}"
						],
						[
							"{8, 9}"
						],
						[
							"{8, 10}"
						],
						[
							"{9, 10}"
						]
					],
					"uPolys_ij_N":[
						"1 - 2*u + u^2",
						"1 - 2*u + u^2",
						"1 - 2*u + u^2",
						"u^2",
						"1 + 3*u + u^2",
						"-1 - u + u^2",
						"-1 - u + u^2",
						"1 + 3*u + u^2",
						"1 - 2*u + u^2",
						"-1 + u + u^2",
						"u^2",
						"-1 - u + u^2",
						"1 + 2*u + u^2",
						"u^2",
						"1 - 2*u + u^2",
						"1 - 2*u + u^2",
						"-1 + u + u^2",
						"u^2",
						"u^2",
						"-1 - u + u^2",
						"1 - 2*u + u^2",
						"-1 + u + u^2",
						"u^2",
						"-1 - u + u^2",
						"1 - 3*u + u^2",
						"-1 + u + u^2",
						"-1 + u + u^2",
						"-1 + u + u^2",
						"1 - 3*u + u^2",
						"1 - 3*u + u^2",
						"-1 + u + u^2",
						"-1 + u + u^2",
						"-1 + u + u^2",
						"1 - 3*u + u^2",
						"1 - 3*u + u^2",
						"-1 + u + u^2",
						"u^2",
						"1 - 3*u + u^2",
						"1 - 3*u + u^2"
					],
					"uPolysN":[
						"1 - 2*u + u^2",
						"1 + 2*u + u^2",
						"u^2",
						"1 + 2*u + u^2",
						"-1 + u + u^2",
						"-1 + u + u^2",
						"1 - u - u^2",
						"u^2",
						"1 + u - u^2",
						"1 + u - u^2"
					]
				},
				{
					"IdealName":"J10_124_2",
					"Generators":[
						"-1 + 4*u + u^2",
						"2 + a",
						"-1 + 2*b + u"
					],
					"VariableOrder":[
						"u",
						"a",
						"b"
					],
					"Characteristic":0,
					"KnownGroebner":[],
					"Status":[
						"vCompNormalize"
					],
					"MonomialOrder":"lex",
					"IsHomogeneous":false,
					"IsZeroDim":true,
					"IdealDimension":0,
					"ZeroDimensionalVars":[
						"u",
						"a",
						"b"
					],
					"Timings":{
						"TimingmagmaVCompNormalize":4.66e-4,
						"TimingComplexVolumeN":0.166902,
						"TimingObstruction":4.66e-4,
						"TiminguValues_ij":7.12e-4,
						"TiminguPolys_ij_N":1.384e-3
					},
					"ComplexVolumeN":[
						7.237709894132196320478626733242510832563379565309913126036456209228032869774083844867967162726938303337619003434283639,
						-0.6579736267392905745889660666584100756875799604827193750942232917480029881612803495334515602479034821216017275849348762719
					],
					"SortedReprnIndices":"{1, 2}",
					"Abelian":false,
					"Obstruction":-1,
					"ij_list":[
						[
							"{1, 2}",
							"{4, 5}"
						],
						[
							"{1, 3}"
						],
						[
							"{1, 4}",
							"{2, 4}",
							"{2, 5}"
						],
						[
							"{1, 5}"
						],
						[
							"{1, 6}"
						],
						[
							"{1, 7}",
							"{1, 8}",
							"{2, 9}"
						],
						[
							"{1, 9}"
						],
						[
							"{1, 10}"
						],
						[
							"{2, 3}"
						],
						[
							"{2, 6}"
						],
						[
							"{2, 7}"
						],
						[
							"{2, 8}"
						],
						[
							"{2, 10}"
						],
						[
							"{3, 4}"
						],
						[
							"{3, 5}"
						],
						[
							"{3, 6}"
						],
						[
							"{3, 7}"
						],
						[
							"{3, 8}"
						],
						[
							"{3, 9}"
						],
						[
							"{3, 10}"
						],
						[
							"{4, 6}"
						],
						[
							"{4, 7}"
						],
						[
							"{4, 8}",
							"{4, 9}"
						],
						[
							"{4, 10}"
						],
						[
							"{5, 6}"
						],
						[
							"{5, 7}"
						],
						[
							"{5, 8}"
						],
						[
							"{5, 9}"
						],
						[
							"{5, 10}"
						],
						[
							"{6, 7}"
						],
						[
							"{6, 8}"
						],
						[
							"{6, 9}"
						],
						[
							"{6, 10}"
						],
						[
							"{7, 8}"
						],
						[
							"{7, 9}"
						],
						[
							"{7, 10}"
						],
						[
							"{8, 9}"
						],
						[
							"{8, 10}"
						],
						[
							"{9, 10}"
						]
					],