{
	"Index":209,
	"Name":"10_125",
	"Hyperbolic":true,
	"Torus":false,
	"Satellite":false,
	"Diagrams":[
		{
			"Scode":"{6, 20, 12, 2, -15, -17, 4, -19, -9, -11}",
			"Acode":"{4, 1, 7, 2, -9, -10, 3, -1, -6, -7}",
			"PDcode":[
				"{1, 7, 2, 6}",
				"{3, 1, 4, 20}",
				"{5, 13, 6, 12}",
				"{7, 3, 8, 2}",
				"{8, 15, 9, 16}",
				"{10, 17, 11, 18}",
				"{13, 5, 14, 4}",
				"{14, 19, 15, 20}",
				"{16, 9, 17, 10}",
				"{18, 11, 19, 12}"
			],
			"SolvingSeqs":[
				[
					"{4, 7, 10}",
					[],
					[
						"{10, -7, 1, 1}",
						"{4, 7, 3, 2}",
						"{7, 3, 8, 1}",
						"{3, 1, 2, 2}",
						"{4, 2, 5, 1}",
						"{7, -10, 6, 2}",
						"{10, -6, 9, 2}"
					],
					"{1, 8}",
					"{5}",
					5
				]
			],
			"GeometricRepresentation":{
				"Volume":4.611961374497318894786808121309016075928663352688345621776343428258385686465130171268454575234632436847682680221,
				"ChernSimons":-18.301913012993194157454400893979280693631742982730506766876036187548051144105384654028388665587370794008604587865
			}
		}
	],
	"ParabolicReps":[
		{
			"DiagramIdx":1,
			"SolvingSeqIdx":1,
			"u":{
				"CheckEq":[
					"-1 + a - b + a*b + a*u^2",
					"b + u^2 - a*u^2 + b*(b - a*u^2)",
					"-a - u + a^2*u*(a^2*b*u + a*(u - a*b*u)) - a*(-(u*(b - a*u^2)) - a*(u + u^3))",
					"-b + u + u^3 - (u - a*b*u)*(a^2*b*u + a*(u - a*b*u)) - (b - a*u^2)*(-(u*(b - a*u^2)) - a*(u + u^3))"
				],
				"TimingForPrimaryIdeals":5.8647e-2
			},
			"v":{
				"CheckEq":[
					"b + b^2",
					"-1 + a - b + b*v^2 + b*(a + b*v^2)",
					"-b - b^2*v - b^2*v*(a*b^2*v - b*(v + a*b*v))",
					"-a + v - b*v*(a + b*v^2) - (v + a*b*v)*(a*b^2*v - b*(v + a*b*v))"
				],
				"TimingForPrimaryIdeals":5.3387e-2
			},
			"PrimaryIdeals":[
				{
					"IdealName":"J10_125_0",
					"Generators":[
						"4 + 4*u - 5*u^2 + 13*u^3 + u^4 + 8*u^5 + u^6 + u^7",
						"-194 + 360*a + 35*u + 165*u^2 + 187*u^3 + 62*u^4 + 25*u^5 - u^6",
						"3 + 15*b - 10*u + 15*u^2 - 9*u^3 + 11*u^4 + 2*u^6"
					],
					"VariableOrder":[
						"u",
						"a",
						"b"
					],
					"Characteristic":0,
					"KnownGroebner":[],
					"Status":[
						"vCompNormalize"
					],
					"MonomialOrder":"lex",
					"IsHomogeneous":false,
					"IsZeroDim":true,
					"IdealDimension":0,
					"ZeroDimensionalVars":[
						"u",
						"a",
						"b"
					],
					"Timings":{
						"TimingmagmaVCompNormalize":4.74e-4,
						"TimingComplexVolumeN":0.884087,
						"TimingObstruction":2.407e-3,
						"TiminguValues_ij":8.5e-4,
						"TiminguPolys_ij_N":8.02e-3
					},
					"ComplexVolumeN":[
						"-18.30191301299319415745440089397928069363174298273050676687603618754805114410538465402838866558737079400860458786510253253157952926477184`112.8181899141365 - 4.611961374497318894786808121309016075928663352688345621776343428258385686465130171268454575234632436847682680221192173371526071734600804`112.21957909080167*I",
						"-18.3019130129931941574544008939792806936317429827305067668760361875480511441053846540283886655873707940086196879390681`104.03283767540499 + 4.6119613744973188947868081213090160759286633526883456217763434282583856864651301712684545752346324368476655033898567`103.4342268499308*I",
						-1.26901254239316937699432437712852091033378886427474657298577707722328570410125442875303500947465857319979198862742904,
						"8.553552876376545827837831143392306926343119843234978012979164904812479517695317522729575696746564594207273711084680664817486516548297221`113.8010699381449 + 2.692343613333739147140827491440606313285358721969097654066329938903501743001979390189261709689682266337679924868144483586847432772711529`113.29905431987494*I",
						"8.553552876376545827837831143392306926343119843234978012979164904812479517695317522729575696746564594207273711084680682015167737183766109`113.79809368046577 - 2.692343613333739147140827491440606313285358721969097654066329938903501743001979390189261709689682266337679924868144374309667894452517848`113.2960776224361*I",
						"1.335729040147987617515448522598095681751293114995510632844189559812173391243089539590371520169462607229203116801310156213248450950860127`110.57353262629566 - 0.484212098689373229808452547982832104086715189423541317865780984500780128945791748051141344943250437329967436101917512623489426919802083`110.13284989487559*I",
						"1.335729040147987617515448522598095681751293114995510632844189559812173391243089539590371520169462607229203116801279319305496592618284756`120.21574385752598 + 0.484212098689373229808452547982832104086715189423541317865780984500780128945791748051141344943250437329967436101872881188981198980195511`119.78519678810393*I"
					],
					"GeometricComponent":"{1, 2}",
					"SortedReprnIndices":"{2, 1, 4, 5, 7, 6, 3}",
					"Abelian":false,
					"Obstruction":-1,
					"ij_list":[
						[
							"{1, 2}"
						],
						[
							"{1, 3}",
							"{4, 10}"
						],
						[
							"{1, 4}"
						],
						[
							"{1, 5}"
						],
						[
							"{1, 6}"
						],
						[
							"{1, 7}",
							"{7, 10}"
						],
						[
							"{1, 8}"
						],
						[
							"{1, 9}"
						],
						[
							"{1, 10}"
						],
						[
							"{2, 3}"
						],
						[
							"{2, 4}"
						],
						[
							"{2, 5}"
						],
						[
							"{2, 6}"
						],
						[
							"{2, 7}"
						],
						[
							"{2, 8}"
						],
						[
							"{2, 9}"
						],
						[
							"{2, 10}"
						],
						[
							"{3, 4}",
							"{7, 8}"
						],
						[
							"{3, 5}"
						],
						[
							"{3, 6}"
						],
						[
							"{3, 7}",
							"{3, 8}",
							"{4, 7}"
						],
						[
							"{3, 9}"
						],
						[
							"{3, 10}"
						],
						[
							"{4, 5}"
						],
						[
							"{4, 6}"
						],
						[
							"{4, 8}"
						],
						[
							"{4, 9}"
						],
						[
							"{5, 6}"
						],
						[
							"{5, 7}"
						],
						[
							"{5, 8}"
						],
						[
							"{5, 9}"
						],
						[
							"{5, 10}"
						],
						[
							"{6, 7}"
						],
						[
							"{6, 8}"
						],
						[
							"{6, 9}"
						],
						[
							"{6, 10}"
						],
						[
							"{7, 9}"
						],
						[
							"{8, 9}"
						],
						[
							"{8, 10}"
						],
						[
							"{9, 10}"
						]
					],