{
	"Index":212,
	"Name":"10_128",
	"Hyperbolic":true,
	"Torus":false,
	"Satellite":false,
	"Diagrams":[
		{
			"Scode":"{6, 20, 13, 2, 15, 17, 19, 5, 11, 9}",
			"Acode":"{4, 1, 8, 2, 9, 10, 1, 4, 7, 6}",
			"PDcode":[
				"{1, 7, 2, 6}",
				"{3, 1, 4, 20}",
				"{4, 14, 5, 13}",
				"{7, 3, 8, 2}",
				"{8, 16, 9, 15}",
				"{10, 18, 11, 17}",
				"{12, 20, 13, 19}",
				"{14, 6, 15, 5}",
				"{16, 12, 17, 11}",
				"{18, 10, 19, 9}"
			],
			"SolvingSeqs":[
				[
					"{1, 4, 8}",
					[],
					[
						"{1, 4, 2, 1}",
						"{4, 2, 5, 1}",
						"{8, 4, 9, 1}",
						"{5, 9, 6, 1}",
						"{4, 8, 3, 2}",
						"{8, 1, 7, 2}",
						"{1, 6, 10, 2}"
					],
					"{2, 9}",
					"{6}",
					6
				]
			],
			"GeometricRepresentation":{
				"Volume":5.86053930174000183379174955159808460306407039528250560730925630908747886730979180341114545485253383240147143,
				"ChernSimons":-14.21767317405193246926605767172607010233963184527894769831590841406020510871405486544125468842404819082288687
			}
		}
	],
	"ParabolicReps":[
		{
			"DiagramIdx":1,
			"SolvingSeqIdx":1,
			"u":{
				"CheckEq":[
					"1 - a^2*u - u^2",
					"-u - a*b*u + u^2",
					"-1 + a + (a + b)*(a*b - (a + b)*(b + a*u^2)) + (-u + a*(-(u*(b + a*u^2)) - a*(u - u^3)))*(u - u^3 + (b + a*u^2)*(-(u*(b + a*u^2)) - a*(u - u^3)))",
					"b + a*u^2 + b*(a*b - (a + b)*(b + a*u^2)) + (u - u^3 + (b + a*u^2)*(-(u*(b + a*u^2)) - a*(u - u^3)))^2"
				],
				"TimingForPrimaryIdeals":5.6702e-2
			},
			"v":{
				"CheckEq":[
					"b^2*v",
					"1 - v + a*b*v",
					"b + b^4*v^2 + b*(-(b*(a + b)) + b*(a - b*v^2))",
					"-1 + a - b*v^2 + (a + b)*(-(b*(a + b)) + b*(a - b*v^2)) + b^2*v*(v + b*v*(a - b*v^2))"
				],
				"TimingForPrimaryIdeals":5.0423e-2
			},
			"PrimaryIdeals":[
				{
					"IdealName":"J10_128_0",
					"Generators":[
						"-1 + 2*u + 3*u^2 + 15*u^3 - 3*u^4 - 13*u^5 + 4*u^7 + u^8",
						"-1 + 2*a - 9*u - 6*u^2 + 3*u^3 + 8*u^4 + u^5 - 3*u^6 - u^7",
						"-1 + 4*b + 5*u + 16*u^2 + 11*u^3 - 20*u^4 - 9*u^5 + 7*u^6 + 3*u^7"
					],
					"VariableOrder":[
						"u",
						"a",
						"b"
					],
					"Characteristic":0,
					"KnownGroebner":[],
					"Status":[
						"vCompNormalize"
					],
					"MonomialOrder":"lex",
					"IsHomogeneous":false,
					"IsZeroDim":true,
					"IdealDimension":0,
					"ZeroDimensionalVars":[
						"u",
						"a",
						"b"
					],
					"Timings":{
						"TimingmagmaVCompNormalize":4.79e-4,
						"TimingComplexVolumeN":0.769616,
						"TimingObstruction":2.718e-3,
						"TiminguValues_ij":9.35e-4,
						"TiminguPolys_ij_N":1.0494e-2
					},
					"ComplexVolumeN":[
						-18.50392196731630944487814525806809149311280785133595129430786613078837030309254266228777504457571483130939185825,
						"-14.217673174051932469266057671726070102339631845278947698315908414060205108714054865441254688424048190822886865249918096489665816774396107`109.06810929602018 - 5.860539301740001833791749551598084603064070395282505607309256309087478867309791803411145454852533832401471431479198911125829749292168981`108.68321835201209*I",
						"-14.217673174051932469266057671726070102339631845278947698315908414060205108714054865441254688424048190822886865249315024506613425456804117`119.81269231534647 + 5.860539301740001833791749551598084603064070395282505607309256309087478867309791803411145454852533832401471431478804124799586715462671076`119.4278125970726*I",
						"2.741046989978714960636834732723717818018102827461662562848154971495795734627915143918371571891480796690998324117534390091580903429258836`113.11157062975121 + 2.120616071867543399149052969465113860593657529561623045195107567720759096233375067445751309783538064664373587506997589468318837024208062`113.00019428177063*I",
						"2.7410469899787149606368347327237178180181028274616625628481549714957957346279151439183715718914807966909983282832267`104.68965543272488 - 2.1206160718675433991490529694651138605936575295616230451951075677207590962333750674457513097835380646643735823614412`104.57820100052182*I",
						-0.67582528199328748218453664509397688195923039347413948623646476691281942106565569988276610587432577303819882818528368382,
						"-1.140110093723040920217040859137953582598275526069448383690117205080096614277972894145836466609154825298374421641927673762356848113396923`118.56606343880283 + 1.322480433345357014962478065009865716986298430472304571936643910499657138083566455081758301535083085730964713879007909256821906482579858`118.63050666754407*I",
						"-1.140110093723040920217040859137953582598275526069448383690117205080096614277972894145836466609154825298374421638465179535238289093284165`108.09040879151239 - 1.322480433345357014962478065009865716986298430472304571936643910499657138083566455081758301535083085730964713884120671464292107887440965`108.15485125607346*I"
					],
					"GeometricComponent":"{2, 3}",
					"SortedReprnIndices":"{3, 2, 4, 5, 7, 8, 1, 6}",
					"Abelian":false,
					"Obstruction":-1,
					"ij_list":[
						[
							"{1, 2}",
							"{4, 5}"
						],
						[
							"{1, 3}"
						],
						[
							"{1, 4}",
							"{2, 4}",
							"{2, 5}"
						],
						[
							"{1, 5}"
						],
						[
							"{1, 6}"
						],
						[
							"{1, 7}",
							"{1, 8}",
							"{2, 9}"
						],
						[
							"{1, 9}"
						],
						[
							"{1, 10}"
						],
						[
							"{2, 3}"
						],
						[
							"{2, 6}"
						],
						[
							"{2, 7}"
						],
						[
							"{2, 8}"
						],
						[
							"{2, 10}"
						],
						[
							"{3, 4}"
						],
						[
							"{3, 5}"
						],
						[
							"{3, 6}"
						],
						[
							"{3, 7}"
						],
						[
							"{3, 8}"
						],
						[
							"{3, 9}"
						],
						[
							"{3, 10}"
						],
						[
							"{4, 6}"
						],
						[
							"{4, 7}"
						],
						[
							"{4, 8}",
							"{4, 9}"
						],
						[
							"{4, 10}"
						],
						[
							"{5, 6}"
						],
						[
							"{5, 7}"
						],
						[
							"{5, 8}"
						],
						[
							"{5, 9}"
						],
						[
							"{5, 10}"
						],
						[
							"{6, 7}"
						],
						[
							"{6, 8}"
						],
						[
							"{6, 9}"
						],
						[
							"{6, 10}"
						],
						[
							"{7, 8}"
						],
						[
							"{7, 9}"
						],
						[
							"{7, 10}"
						],
						[
							"{8, 9}"
						],
						[
							"{8, 10}"
						],
						[
							"{9, 10}"
						]
					],