{
	"Index":229,
	"Name":"10_145",
	"Hyperbolic":true,
	"Torus":false,
	"Satellite":false,
	"Diagrams":[
		{
			"Scode":"{-8, 20, -11, -17, -2, -15, -19, -5, -9, -13}",
			"Acode":"{-6, 1, -7, -10, -2, -9, -1, -4, -6, -8}",
			"PDcode":[
				"{1, 8, 2, 9}",
				"{3, 1, 4, 20}",
				"{4, 11, 5, 12}",
				"{6, 17, 7, 18}",
				"{7, 2, 8, 3}",
				"{10, 15, 11, 16}",
				"{12, 19, 13, 20}",
				"{14, 5, 15, 6}",
				"{16, 9, 17, 10}",
				"{18, 13, 19, 14}"
			],
			"SolvingSeqs":[
				[
					"{1, 6, 8}",
					[],
					[
						"{1, -6, 2, 1}",
						"{2, 1, 3, 1}",
						"{6, -2, 5, 2}",
						"{8, -1, 7, 2}",
						"{1, -8, 10, 2}",
						"{5, -10, 4, 2}",
						"{10, -6, 9, 2}"
					],
					"{3, 6}",
					"{8}",
					8
				]
			],
			"GeometricRepresentation":{
				"Volume":5.0448991629189043129255923862448059753615838611735060861972104641638595038770267095074829385041437063306045133620953514747,
				"ChernSimons":15.2298416159031931934096040625086759836118585021333757754694815896888041424381476874802482331373320563751270942550271612371
			}
		}
	],
	"ParabolicReps":[
		{
			"DiagramIdx":1,
			"SolvingSeqIdx":1,
			"u":{
				"CheckEq":[
					"-a + b + (1 + a*b)^2*u",
					"-b + u + (1 + a*b)*u*(b^2 + (1 + a*b)*u^2)",
					"-u - u^2 - u^3 - b*((a - b)*u^2 + b*(1 + u^2)) - b^2*(-(b^2*u) - (1 + a*b)*(u + u^3))",
					"1 + u + u^2 - (a - b)*((a - b)*u^2 + b*(1 + u^2)) - (1 + a*b)*(-(b^2*u) - (1 + a*b)*(u + u^3))"
				],
				"TimingForPrimaryIdeals":5.7473e-2
			},
			"v":{
				"CheckEq":[
					"-b - b^4*v",
					"-b^2 - b^4*v",
					"1 - (a - b)*b - v - b^2*(1 + a*b)*v",
					"-a + b + v - b^2*v*(1 + a*b - b^2*v^2)"
				],
				"TimingForPrimaryIdeals":3.6559e-2
			},
			"PrimaryIdeals":[
				{
					"IdealName":"J10_145_0",
					"Generators":[
						"4 + 17*u + 14*u^2 + 15*u^3 + 2*u^4 + u^5",
						"167 + 236*a - 70*u + 215*u^2 + 8*u^3 + 17*u^4",
						"26 + 118*b - 54*u + 31*u^2 - 9*u^3 + 3*u^4"
					],
					"VariableOrder":[
						"u",
						"a",
						"b"
					],
					"Characteristic":0,
					"KnownGroebner":[],
					"Status":[
						"vCompNormalize"
					],
					"MonomialOrder":"lex",
					"IsHomogeneous":false,
					"IsZeroDim":true,
					"IdealDimension":0,
					"ZeroDimensionalVars":[
						"u",
						"a",
						"b"
					],
					"Timings":{
						"TimingmagmaVCompNormalize":9.36e-4,
						"TimingComplexVolumeN":0.613518,
						"TimingObstruction":1.582e-3,
						"TiminguValues_ij":7.05e-4,
						"TiminguPolys_ij_N":4.5e-3
					},
					"ComplexVolumeN":[
						"15.229841615903193193409604062508675983611858502133375775469481589688804142438147687480248233137332056375127094255027161237091189179736831`122.75279775469777 + 5.044899162918904312925592386244805975361583861173506086197210464163859503877026709507482938504143706330604513362095351474679256409490838`122.28142611525254*I",
						"15.229841615903193193409604062508675983611858502133375775469481589688804142438147687480248233137332056375127094255027161237000652027859149`119.90111744299008 - 5.044899162918904312925592386244805975361583861173506086197210464163859503877026709507482938504143706330604513362095351474625366142519226`119.42128505322674*I",
						"-1.599320485770245159573069239287599755276670668941229407260122240825257520523816263874377657586480052187027263899263576279149199697642832`106.83932531278583 + 2.36166925830238743911790797149507592562604460469495772141089099451663303926459633414896829156539504427972117467797933357804445808393152`107.00860888905518*I",
						"-1.599320485770245159573069239287599755276670668941229407260122240825257520523816263874377657586480052187027263833465060301208371400637265`120.15452099630195 - 2.361669258302387439117907971495075925626044604694957721410890994516633039264596334148968291565395044279721174736581376375991472099428553`120.32381544858694*I",
						0.7028368761539533523579881865402757600517726541312807050857712015630337530257520079599501594341939817918737615166080396819
					],
					"GeometricComponent":"{1, 2}",
					"SortedReprnIndices":"{1, 2, 3, 4, 5}",
					"Abelian":false,
					"Obstruction":-1,
					"ij_list":[
						[
							"{1, 2}",
							"{1, 3}",
							"{5, 6}"
						],
						[
							"{1, 4}"
						],
						[
							"{1, 5}"
						],
						[
							"{1, 6}",
							"{2, 5}",
							"{2, 6}"
						],
						[
							"{1, 7}",
							"{1, 8}"
						],
						[
							"{1, 9}",
							"{2, 10}"
						],
						[
							"{1, 10}"
						],
						[
							"{2, 3}"
						],
						[
							"{2, 4}"
						],
						[
							"{2, 7}"
						],
						[
							"{2, 8}"
						],
						[
							"{2, 9}"
						],
						[
							"{3, 4}"
						],
						[
							"{3, 5}"
						],
						[
							"{3, 6}"
						],
						[
							"{3, 7}"
						],
						[
							"{3, 8}"
						],
						[
							"{3, 9}"
						],
						[
							"{3, 10}"
						],
						[
							"{4, 5}"
						],
						[
							"{4, 6}"
						],
						[
							"{4, 7}"
						],
						[
							"{4, 8}"
						],
						[
							"{4, 9}"
						],
						[
							"{4, 10}"
						],
						[
							"{5, 7}"
						],
						[
							"{5, 8}"
						],
						[
							"{5, 9}"
						],
						[
							"{5, 10}"
						],
						[
							"{6, 7}"
						],
						[
							"{6, 8}"
						],
						[
							"{6, 9}",
							"{6, 10}"
						],
						[
							"{7, 8}"
						],
						[
							"{7, 9}"
						],
						[
							"{7, 10}"
						],
						[
							"{8, 9}"
						],
						[
							"{8, 10}"
						],
						[
							"{9, 10}"
						]
					],
					"uPolys_ij_N":[
						"-16 + 177*u + 298*u^2 + 203*u^3 + 26*u^4 + u^5",
						"-1 + 3*u + 5*u^2 - u^3 - 3*u^4 + u^5",
						"-292 + 265*u + 1746*u^2 + 1783*u^3 + 38*u^4 + u^5",
						"-4 + 17*u - 14*u^2 + 15*u^3 - 2*u^4 + u^5",
						"-1 + 3*u - 4*u^2 + 8*u^3 + u^4 + u^5",
						"-1 + 3*u + 5*u^2 - u^3 - 3*u^4 + u^5",
						"-1 + u + 34*u^2 + 78*u^3 + 15*u^4 + u^5",
						"256 + 40865*u + 16110*u^2 + 26067*u^3 + 270*u^4 + u^5",
						"-13 + 71*u + 9*u^2 + 63*u^3 - 3*u^4 + u^5",
						"-41 - 3*u - 193*u^2 + 1063*u^3 + 39*u^4 + u^5",
						"-4 - 4*u + 18*u^2 + 26*u^3 + u^4 + u^5",
						"-121 + 221*u + 334*u^2 + 98*u^3 - 21*u^4 + u^5",
						"-16 + 160*u - 524*u^2 + 632*u^3 + 51*u^4 + u^5",
						"-44032 + 260864*u - 469248*u^2 + 285312*u^3 - 724*u^4 + u^5",
						"-292 + 265*u + 1746*u^2 + 1783*u^3 + 38*u^4 + u^5",
						"-4 - 4*u + 18*u^2 + 26*u^3 + u^4 + u^5",
						"-1121 + 777*u + 2667*u^2 + 1635*u^3 - 37*u^4 + u^5",
						"-79 + 41*u + 361*u^2 + 299*u^3 + 33*u^4 + u^5",
						"-1196 + 972*u + 11790*u^2 + 11594*u^3 - 149*u^4 + u^5",
						"-16 + 160*u - 524*u^2 + 632*u^3 + 51*u^4 + u^5",
						"-1 + 3*u + 5*u^2 - u^3 - 3*u^4 + u^5",
						"-4 - 4*u + 18*u^2 + 26*u^3 + u^4 + u^5",
						"-2 - u + 4*u^2 + 7*u^3 + 4*u^4 + u^5",
						"-2 - u + 4*u^2 + 7*u^3 + 4*u^4 + u^5",
						"-4 - 4*u + 18*u^2 + 26*u^3 + u^4 + u^5",
						"-1196 + 972*u + 11790*u^2 + 11594*u^3 - 149*u^4 + u^5",
						"-79 + 41*u + 361*u^2 + 299*u^3 + 33*u^4 + u^5",
						"-1121 + 777*u + 2667*u^2 + 1635*u^3 - 37*u^4 + u^5",
						"-4 - 4*u + 18*u^2 + 26*u^3 + u^4 + u^5",
						"-1 + u + 34*u^2 + 78*u^3 + 15*u^4 + u^5",
						"-1 + 3*u + 5*u^2 - u^3 - 3*u^4 + u^5",
						"-1 + 3*u - 4*u^2 + 8*u^3 + u^4 + u^5",
						"-1 + u + 34*u^2 + 78*u^3 + 15*u^4 + u^5",
						"-1 + 3*u - 4*u^2 + 8*u^3 + u^4 + u^5",
						"-32 + 80*u - 216*u^2 + 500*u^3 - 34*u^4 + u^5",
						"-4 + 17*u - 14*u^2 + 15*u^3 - 2*u^4 + u^5",
						"-1 + 3*u - 4*u^2 + 8*u^3 + u^4 + u^5",
						"-1 + u + 34*u^2 + 78*u^3 + 15*u^4 + u^5"
					],