{
	"Index":245,
	"Name":"10_161",
	"Hyperbolic":true,
	"Torus":false,
	"Satellite":false,
	"Diagrams":[
		{
			"Scode":"{10, 20, 15, 12, 17, 2, 6, 19, 9, 5}",
			"Acode":"{6, 1, 9, 7, 10, 2, 4, 1, 6, 4}",
			"PDcode":[
				"{1, 11, 2, 10}",
				"{3, 1, 4, 20}",
				"{4, 16, 5, 15}",
				"{7, 13, 8, 12}",
				"{8, 18, 9, 17}",
				"{11, 3, 12, 2}",
				"{13, 7, 14, 6}",
				"{14, 20, 15, 19}",
				"{16, 10, 17, 9}",
				"{18, 6, 19, 5}"
			],
			"SolvingSeqs":[
				[
					"{1, 6, 9}",
					[],
					[
						"{1, 6, 2, 1}",
						"{2, 1, 3, 1}",
						"{3, 9, 4, 1}",
						"{9, 1, 8, 2}",
						"{8, 4, 7, 2}",
						"{1, 4, 10, 2}",
						"{6, 10, 5, 2}"
					],
					"{6, 9}",
					"{4}",
					4
				]
			],
			"GeometricRepresentation":{
				"Volume":5.63877294885305374787799092092403350038274814620987854617213102590864604429006241427093402080967637012517056421513302204,
				"ChernSimons":13.63959296994040726143690431847822540079959837130560743531073907835684181461397475670973890286114214797749870891900061032
			}
		}
	],
	"ParabolicReps":[
		{
			"DiagramIdx":1,
			"SolvingSeqIdx":1,
			"u":{
				"CheckEq":[
					"-1 + a + (1 - u^2 + a*(-(a*u^2) + b*(1 - u^2)))*(u^2 + b*(-(a*u^2) + b*(1 - u^2)))",
					"b + a*u^2 + (u^2 + b*(-(a*u^2) + b*(1 - u^2)))^2",
					"-a - b - u + (1 - u^2 + a*(-(a*u^2) + b*(1 - u^2)))*(-(b*(1 - u^2 + a*(-(a*u^2) + b*(1 - u^2)))) + (a + b)*(u^2 + b*(-(a*u^2) + b*(1 - u^2))))",
					"-b + u - u^3 + (u^2 + b*(-(a*u^2) + b*(1 - u^2)))*(-(b*(1 - u^2 + a*(-(a*u^2) + b*(1 - u^2)))) + (a + b)*(u^2 + b*(-(a*u^2) + b*(1 - u^2))))"
				],
				"TimingForPrimaryIdeals":6.1162e-2
			},
			"v":{
				"CheckEq":[
					"b + b^4",
					"-b + b^2*(b^2*(a + b) - b*(1 + a*b))",
					"-a - b + (1 + a*b)*(b^2*(a + b) - b*(1 + a*b)) + v",
					"-1 + a + b^2*(1 + a*b) - b*v^2"
				],
				"TimingForPrimaryIdeals":5.2314e-2
			},
			"PrimaryIdeals":[
				{
					"IdealName":"J10_161_0",
					"Generators":[
						"-4 + 2*u + 11*u^2 - 21*u^3 + 16*u^4 - 6*u^5 + u^6",
						"-4 + 4*a + 3*u + 5*u^2 - 8*u^3 + 4*u^4 - u^5",
						"2 + 2*b - u - 5*u^2 + 8*u^3 - 4*u^4 + u^5"
					],
					"VariableOrder":[
						"u",
						"a",
						"b"
					],
					"Characteristic":0,
					"KnownGroebner":[],
					"Status":[
						"vCompNormalize"
					],
					"MonomialOrder":"lex",
					"IsHomogeneous":false,
					"IsZeroDim":true,
					"IdealDimension":0,
					"ZeroDimensionalVars":[
						"u",
						"a",
						"b"
					],
					"Timings":{
						"TimingmagmaVCompNormalize":4.9e-4,
						"TimingComplexVolumeN":0.528869,
						"TimingObstruction":2.511e-3,
						"TiminguValues_ij":1.326e-3,
						"TiminguPolys_ij_N":1.2172e-2
					},
					"ComplexVolumeN":[
						-0.63742937914850865073606399870781457196218134991040970376175619376207825875967490848961910250880699091935314024622842,
						"2.085759777972073114560131544410372600470055457547542591053796957269689473828798683526505941545161535104985821045431463482779339577500022`113.99878757591404 + 2.67799886756132341677349088584568575881364541763610288542291820171399972667363330682945047184491424122877640578142103178934307756348217`114.10758561368357*I",
						"2.08575977797207311456013154441037260047005545754754259105379695726968947382879868352650594154516153510498582104543146350603330224345525`121.53592761589276 - 2.677998867561323416773490885845685758813645417636102885422918201713999726673633306829450471844914241228776405781421031807054761930667585`121.64478755770833*I",
						"13.639592969940407261436904318478225400799598371305607435310739078356841814613974756709738902861142147977498708919000610323054390594920166`120.75827041150606 + 5.638772948853053747877990920924033500382748146209878546172131025908646044290062414270934020809676370125170564215133022038665418366375942`120.37819567001395*I",
						"13.639592969940407261436904318478225400799598371305607435310739078356841814613974756709738902861142147977498708919000623508879419223735816`112.78016589091071 - 5.638772948853053747877990920924033500382748146209878546172131025908646044290062414270934020809676370125170564215133298629868677797136413`112.39654908815918*I",
						-7.7841991808012819906441953940250287815118276909007122206695006663108797324810597383120659776271785009895554542099
					],
					"GeometricComponent":"{4, 5}",
					"SortedReprnIndices":"{4, 5, 2, 3, 6, 1}",
					"Abelian":false,
					"Obstruction":-1,
					"ij_list":[
						[
							"{1, 2}",
							"{1, 3}"
						],
						[
							"{1, 4}"
						],
						[
							"{1, 5}"
						],
						[
							"{1, 6}",
							"{2, 6}"
						],
						[
							"{1, 7}"
						],
						[
							"{1, 8}",
							"{1, 9}"
						],
						[
							"{1, 10}"
						],
						[
							"{2, 3}"
						],
						[
							"{2, 4}"
						],
						[
							"{2, 5}"
						],
						[
							"{2, 7}"
						],
						[
							"{2, 8}"
						],
						[
							"{2, 9}"
						],
						[
							"{2, 10}"
						],
						[
							"{3, 4}"
						],
						[
							"{3, 5}"
						],
						[
							"{3, 6}"
						],
						[
							"{3, 7}"
						],
						[
							"{3, 8}"
						],
						[
							"{3, 9}"
						],
						[
							"{3, 10}"
						],
						[
							"{4, 5}"
						],
						[
							"{4, 6}"
						],
						[
							"{4, 7}"
						],
						[
							"{4, 8}"
						],
						[
							"{4, 9}"
						],
						[
							"{4, 10}"
						],
						[
							"{5, 6}"
						],
						[
							"{5, 7}"
						],
						[
							"{5, 8}"
						],
						[
							"{5, 9}"
						],
						[
							"{5, 10}"
						],
						[
							"{6, 7}"
						],
						[
							"{6, 8}"
						],
						[
							"{6, 9}"
						],
						[
							"{6, 10}"
						],
						[
							"{7, 8}"
						],
						[
							"{7, 9}"
						],
						[
							"{7, 10}"
						],
						[
							"{8, 9}"
						],
						[
							"{8, 10}"
						],
						[
							"{9, 10}"
						]
					],