{
	"Index":223,
	"Name":"10_139",
	"Hyperbolic":true,
	"Torus":false,
	"Satellite":false,
	"Diagrams":[
		{
			"Scode":"{8, 20, 13, 15, 2, 17, 19, 5, 7, 11}",
			"Acode":"{5, 1, 8, 9, 2, 10, 1, 4, 5, 7}",
			"PDcode":[
				"{1, 9, 2, 8}",
				"{3, 1, 4, 20}",
				"{4, 14, 5, 13}",
				"{6, 16, 7, 15}",
				"{9, 3, 10, 2}",
				"{10, 18, 11, 17}",
				"{12, 20, 13, 19}",
				"{14, 6, 15, 5}",
				"{16, 8, 17, 7}",
				"{18, 12, 19, 11}"
			],
			"SolvingSeqs":[
				[
					"{5, 7, 10}",
					[],
					[
						"{10, 7, 1, 1}",
						"{1, 5, 2, 1}",
						"{2, 1, 3, 1}",
						"{7, 10, 6, 2}",
						"{10, 5, 9, 2}",
						"{5, 9, 4, 2}",
						"{9, 4, 8, 2}"
					],
					"{5, 7}",
					"{3}",
					3
				]
			],
			"GeometricRepresentation":{
				"Volume":4.8511707573327375670583270521153124788452830277699878221058537294640356957944180268042146488315255915094511728488650258,
				"ChernSimons":4.5188489348260628479555100828652810221910254698728881232567279684374495442507694319411861022535281408052066749043146957
			}
		}
	],
	"ParabolicReps":[
		{
			"DiagramIdx":1,
			"SolvingSeqIdx":1,
			"u":{
				"CheckEq":[
					"-a - b + (1 - b*(a + b))*(-(b^2*(a + b)) - b*(1 - b*(a + b))) - a^2*u",
					"-b - b^2*(-(b^2*(a + b)) - b*(1 - b*(a + b))) + u - a*u*(b + a*u^2)",
					"1 - a^2*u + (a - b - a*u^2)*(b + a*u^2)",
					"-u - a*b*u + (b + a*u^2)^2"
				],
				"TimingForPrimaryIdeals":5.725e-2
			},
			"v":{
				"CheckEq":[
					"b^2 + b^2*v",
					"-b - b^2*(-(b^2*(a + b)) - b*(1 - b*(a + b))) + b^2*v",
					"-a - b + (1 - b*(a + b))*(-(b^2*(a + b)) - b*(1 - b*(a + b))) + v + b*v*(a - b*v^2)",
					"1 - v + a*b*v + b*(a - b - b*v^2)"
				],
				"TimingForPrimaryIdeals":3.2609e-2
			},
			"PrimaryIdeals":[
				{
					"IdealName":"J10_139_0",
					"Generators":[
						"1 - 4*u - 2*u^2 + 2*u^3 + u^4",
						"1 + a + 2*u - u^2 - u^3",
						"b - 2*u + u^2 + u^3"
					],
					"VariableOrder":[
						"u",
						"a",
						"b"
					],
					"Characteristic":0,
					"KnownGroebner":[],
					"Status":[
						"vCompNormalize"
					],
					"MonomialOrder":"lex",
					"IsHomogeneous":false,
					"IsZeroDim":true,
					"IdealDimension":0,
					"ZeroDimensionalVars":[
						"u",
						"a",
						"b"
					],
					"Timings":{
						"TimingmagmaVCompNormalize":4.64e-4,
						"TimingComplexVolumeN":0.368036,
						"TimingObstruction":1.324e-3,
						"TiminguValues_ij":9.81e-4,
						"TiminguPolys_ij_N":4.566e-3
					},
					"ComplexVolumeN":[
						"4.518848934826062847955510082865281022191025469872888123256727968437449544250769431941186102253528140805206674904314695740230366493655094`119.42977147169249 + 4.85117075733273756705832705211531247884528302776998782210585372946403569579441802680421464883152559150945117284886502576642024004402213`119.46094768385453*I",
						"4.518848934826062847955510082865281022191025469872888123256727968437449544250769431941186102253528140805206674904116018930262680480184552`109.94207464639612 - 4.851170757332737567058327052115312478845283027769987822105853729464035695794418026804214648831525591509451172848262926679023020173378517`109.97289338500582*I",
						-0.58864660237909899739337279093289668614370288758763773644338389756532418665601595044266326175771757388381526202838112,
						-6.8041172004248002620452322081516401690193981509513400723345138099395674314423220396060800421295800024225937688179111
					],
					"GeometricComponent":"{1, 2}",
					"SortedReprnIndices":"{1, 2, 4, 3}",
					"Abelian":false,
					"Obstruction":-1,
					"ij_list":[
						[
							"{1, 2}"
						],
						[
							"{1, 3}"
						],
						[
							"{1, 4}"
						],
						[
							"{1, 5}",
							"{2, 5}"
						],
						[
							"{1, 6}"
						],
						[
							"{1, 7}",
							"{7, 10}"
						],
						[
							"{1, 8}"
						],
						[
							"{1, 9}"
						],
						[
							"{1, 10}"
						],
						[
							"{2, 3}"
						],
						[
							"{2, 4}"
						],
						[
							"{2, 6}"
						],
						[
							"{2, 7}"
						],
						[
							"{2, 8}"
						],
						[
							"{2, 9}"
						],
						[
							"{2, 10}"
						],
						[
							"{3, 4}"
						],
						[
							"{3, 5}"
						],
						[
							"{3, 6}"
						],
						[
							"{3, 7}"
						],
						[
							"{3, 8}"
						],
						[
							"{3, 9}"
						],
						[
							"{3, 10}"
						],
						[
							"{4, 5}"
						],
						[
							"{4, 6}"
						],
						[
							"{4, 7}"
						],
						[
							"{4, 8}"
						],
						[
							"{4, 9}"
						],
						[
							"{4, 10}"
						],
						[
							"{5, 6}"
						],
						[
							"{5, 7}"
						],
						[
							"{5, 8}"
						],
						[
							"{5, 9}",
							"{5, 10}"
						],
						[
							"{6, 7}"
						],
						[
							"{6, 8}"
						],
						[
							"{6, 9}"
						],
						[
							"{6, 10}"
						],
						[
							"{7, 8}"
						],
						[
							"{7, 9}"
						],
						[
							"{8, 9}"
						],
						[
							"{8, 10}"
						],
						[
							"{9, 10}"
						]
					],
					"uPolys_ij_N":[
						"1 + 12*u + 22*u^2 - 4*u^3 + u^4",
						"1 + 12*u + 22*u^2 - 4*u^3 + u^4",
						"1 + 4*u - 2*u^2 - 2*u^3 + u^4",
						"-1 - 2*u + 4*u^2 + 2*u^3 + u^4",
						"-16 - 16*u + 144*u^2 + 24*u^3 + u^4",
						"-1 - 2*u + 4*u^2 + 2*u^3 + u^4",
						"-1 - 2*u + 4*u^2 + 2*u^3 + u^4",
						"1 + 4*u - 2*u^2 - 2*u^3 + u^4",
						"1 + 12*u + 22*u^2 - 4*u^3 + u^4",
						"1 + 100*u + 582*u^2 - 28*u^3 + u^4",
						"19 + 116*u + 60*u^2 + 10*u^3 + u^4",
						"-1 - 2*u + 4*u^2 + 2*u^3 + u^4",
						"-2 - 2*u + 6*u^2 - 4*u^3 + u^4",
						"-113 - 180*u + 184*u^2 - 26*u^3 + u^4",
						"13 + 40*u + 10*u^2 + u^4",
						"1 + 4*u - 2*u^2 - 2*u^3 + u^4",
						"4 + 28*u + 16*u^2 + 4*u^3 + u^4",
						"-16 - 16*u + 144*u^2 + 24*u^3 + u^4",
						"-481 - 658*u + 3420*u^2 + 66*u^3 + u^4",
						"-41 - 88*u + 76*u^2 + 18*u^3 + u^4",
						"-2 - 2*u + 6*u^2 - 4*u^3 + u^4",
						"22 + 74*u + 22*u^2 - 6*u^3 + u^4",
						"142 + 774*u + 586*u^2 + 26*u^3 + u^4",
						"4 + 28*u + 16*u^2 + 4*u^3 + u^4",
						"23 + 160*u + 252*u^2 + 30*u^3 + u^4",
						"-1 - 2*u + 4*u^2 + 2*u^3 + u^4",
						"-2 - 2*u + 6*u^2 - 4*u^3 + u^4",
						"-2 - 2*u + 6*u^2 - 4*u^3 + u^4",
						"22 + 74*u + 22*u^2 - 6*u^3 + u^4",
						"1 + 12*u + 22*u^2 - 4*u^3 + u^4",
						"1 + 4*u - 2*u^2 - 2*u^3 + u^4",
						"22 + 74*u + 22*u^2 - 6*u^3 + u^4",
						"-2 - 2*u + 6*u^2 - 4*u^3 + u^4",
						"1 + 12*u + 22*u^2 - 4*u^3 + u^4",
						"113 + 756*u + 918*u^2 + 20*u^3 + u^4",
						"-1 + 20*u + 80*u^2 - 14*u^3 + u^4",
						"-1 - 2*u + 4*u^2 + 2*u^3 + u^4",
						"1 + 12*u + 22*u^2 - 4*u^3 + u^4",
						"1 + 4*u - 2*u^2 - 2*u^3 + u^4",
						"4 + 28*u + 16*u^2 + 4*u^3 + u^4",
						"-16 - 16*u + 144*u^2 + 24*u^3 + u^4",
						"4 + 28*u + 16*u^2 + 4*u^3 + u^4"
					],
					"uPolysN":[
						"-1 - 2*u + 4*u^2 + 2*u^3 + u^4",
						"1 - 12*u + 22*u^2 + 4*u^3 + u^4",
						"-2 - 2*u + 6*u^2 - 4*u^3 + u^4",
						"-2 - 2*u + 6*u^2 - 4*u^3 + u^4",
						"1 - 2*u - 4*u^2 + 2*u^3 - u^4",
						"-1 - 2*u + 4*u^2 + 2*u^3 + u^4",
						"1 - 2*u - 4*u^2 + 2*u^3 - u^4",
						"2 - 2*u - 6*u^2 - 4*u^3 - u^4",
						"2 - 2*u - 6*u^2 - 4*u^3 - u^4",
						"1 - 2*u - 4*u^2 + 2*u^3 - u^4"
					]
				},
				{
					"IdealName":"J10_139_1",
					"Generators":[
						"-1 - 2*u + u^2",
						"2 + a - u",
						"-1 + b + u"
					],
					"VariableOrder":[
						"u",
						"a",
						"b"
					],
					"Characteristic":0,
					"KnownGroebner":[],
					"Status":[
						"vCompNormalize"
					],
					"MonomialOrder":"lex",
					"IsHomogeneous":false,
					"IsZeroDim":true,
					"IdealDimension":0,
					"ZeroDimensionalVars":[
						"u",
						"a",
						"b"
					],
					"Timings":{
						"TimingmagmaVCompNormalize":4.66e-4,
						"TimingComplexVolumeN":0.178964,
						"TimingObstruction":5.25e-4,
						"TiminguValues_ij":9.28e-4,
						"TiminguPolys_ij_N":2.102e-3
					},