{
	"Index":2331,
	"Name":"12n242",
	"Hyperbolic":true,
	"Torus":false,
	"Satellite":false,
	"Diagrams":[
		{
			"Scode":"{6, 24, 15, 2, 17, 19, 21, 23, 5, 9, 11, 13}",
			"Acode":"{4, 1, 9, 2, 10, 11, 12, 1, 4, 6, 7, 8}",
			"PDcode":[
				"{1, 7, 2, 6}",
				"{3, 1, 4, 24}",
				"{4, 16, 5, 15}",
				"{7, 3, 8, 2}",
				"{8, 18, 9, 17}",
				"{10, 20, 11, 19}",
				"{12, 22, 13, 21}",
				"{14, 24, 15, 23}",
				"{16, 6, 17, 5}",
				"{18, 10, 19, 9}",
				"{20, 12, 21, 11}",
				"{22, 14, 23, 13}"
			],
			"SolvingSeqs":[
				[
					"{4, 8, 12}",
					[],
					[
						"{12, 8, 1, 1}",
						"{1, 4, 2, 1}",
						"{4, 2, 5, 1}",
						"{8, 1, 9, 1}",
						"{9, 4, 10, 1}",
						"{4, 9, 3, 2}",
						"{8, 12, 7, 2}",
						"{12, 7, 11, 2}",
						"{7, 11, 6, 2}"
					],
					"{2, 5}",
					"{10}",
					10
				]
			],
			"GeometricRepresentation":{
				"Volume":2.828122088330783162763898809276634942770981317300649477043520327258802548322471630936947017929999107412541289279,
				"ChernSimons":-4.669062443357528096192366388340626183203400143477533750238858872878925178689394620340098058920231671547464358587
			}
		}
	],
	"ParabolicReps":[
		{
			"DiagramIdx":1,
			"SolvingSeqIdx":1,
			"u":{
				"CheckEq":[
					"-1 + a - b - a*u^2 - a^2*u*(u - a*u*(b + a*u^2)) + a*(-(a*(b + a*u^2)) + (a - b - a*u^2)*(b + a*u^2))",
					"b + a*u^2 + (u - a*u*(b + a*u^2))^2 + (b + a*u^2)*(-(a*(b + a*u^2)) + (a - b - a*u^2)*(b + a*u^2))",
					"1 - a^2*u + (a - b - a*u^2)*(b + a*u^2) + (-u - a^2*u + a*u*(b + a*u^2))*(-((b + a*u^2)^2*(-u - a^2*u + a*u*(b + a*u^2))) + (u - a*u*(b + a*u^2))*(1 + (a - b - a*u^2)*(b + a*u^2))) + (a - a^2*u*(-(a^2*b*u) + a*(u + a*b*u)))*(-((u + a*b*u)*(a - a^2*u*(-(a^2*b*u) + a*(u + a*b*u)))) + a^2*u*(b - (u + a*b*u)*(-(a^2*b*u) + a*(u + a*b*u))))",
					"-u - a*b*u + (b + a*u^2)^2 + (u - a*u*(b + a*u^2))*(-((b + a*u^2)^2*(-u - a^2*u + a*u*(b + a*u^2))) + (u - a*u*(b + a*u^2))*(1 + (a - b - a*u^2)*(b + a*u^2))) + (b - (u + a*b*u)*(-(a^2*b*u) + a*(u + a*b*u)))*(-((u + a*b*u)*(a - a^2*u*(-(a^2*b*u) + a*(u + a*b*u)))) + a^2*u*(b - (u + a*b*u)*(-(a^2*b*u) + a*(u + a*b*u))))"
				],
				"TimingForPrimaryIdeals":6.408e-2
			},
			"v":{
				"CheckEq":[
					"b + b^4*v^2 + b*(-(b*(a - b*v^2)) + b*(a - b - b*v^2))",
					"-1 + a - b - b*v^2 + b^2*v*(v + b*v*(a - b*v^2)) + (a - b*v^2)*(-(b*(a - b*v^2)) + b*(a - b - b*v^2))",
					"b^2 + b^2*v + b^2*v*(-(b^2*(v - b^2*v + b*v*(a - b*v^2))) + b^2*v*(1 + b*(a - b - b*v^2))) + (b + b^2*v*(-(a*b^2*v) - b*(v - a*b*v)))*((v - a*b*v)*(b + b^2*v*(-(a*b^2*v) - b*(v - a*b*v))) + b^2*v*(a - (v - a*b*v)*(-(a*b^2*v) - b*(v - a*b*v))))",
					"1 - v + a*b*v + b*(a - b - b*v^2) + (v - b^2*v + b*v*(a - b*v^2))*(-(b^2*(v - b^2*v + b*v*(a - b*v^2))) + b^2*v*(1 + b*(a - b - b*v^2))) + (a - (v - a*b*v)*(-(a*b^2*v) - b*(v - a*b*v)))*((v - a*b*v)*(b + b^2*v*(-(a*b^2*v) - b*(v - a*b*v))) + b^2*v*(a - (v - a*b*v)*(-(a*b^2*v) - b*(v - a*b*v))))"
				],
				"TimingForPrimaryIdeals":4.7471e-2
			},
			"PrimaryIdeals":[
				{
					"IdealName":"J12n242_0",
					"Generators":[
						"-1 + 2*u + 3*u^2 + u^3",
						"-1 + a",
						"1 + b - 2*u - u^2"
					],
					"VariableOrder":[
						"u",
						"a",
						"b"
					],
					"Characteristic":0,
					"KnownGroebner":[],
					"Status":[
						"vCompNormalize"
					],
					"MonomialOrder":"lex",
					"IsHomogeneous":false,
					"IsZeroDim":true,
					"IdealDimension":0,
					"ZeroDimensionalVars":[
						"u",
						"a",
						"b"
					],
					"Timings":{
						"TimingmagmaVCompNormalize":4.87e-4,
						"TimingComplexVolumeN":0.501141,
						"TimingObstruction":1.429e-3,
						"TiminguValues_ij":2.126e-3,
						"TiminguPolys_ij_N":7.776e-3
					},
					"ComplexVolumeN":[
						"-4.669062443357528096192366388340626183203400143477533750238858872878925178689394620340098058920231671547464358586697709239921277606218471`112.16673765847766 - 2.828122088330783162763898809276634942770981317300649477043520327258802548322471630936947017929999107412541289278776503320160825130230936`111.94900613008029*I",
						"-4.6690624433575280961923663883406261832034001434775337502388588728789251786893946203400980589202316715536288657662296`98.88188456677074 + 2.8281220883307831627638988092766349427709813173006494770435203272588025483224716309369470179299991076614511429202389`98.6641530383716*I",
						-0.53147951437430242644975822319489876890689912028572312593563163046219446504041600232157728587808888872909719660067
					],
					"GeometricComponent":"{1, 2}",
					"SortedReprnIndices":"{2, 1, 3}",
					"Abelian":false,
					"Obstruction":-1,
					"ij_list":[
						[
							"{1, 2}"
						],
						[
							"{1, 3}"
						],
						[
							"{1, 4}",
							"{2, 4}"
						],
						[
							"{1, 5}"
						],
						[
							"{1, 6}"
						],
						[
							"{1, 7}"
						],
						[
							"{1, 8}",
							"{8, 12}"
						],
						[
							"{1, 9}"
						],
						[
							"{1, 10}"
						],
						[
							"{1, 11}"
						],
						[
							"{1, 12}"
						],
						[
							"{2, 3}"
						],
						[
							"{2, 5}"
						],
						[
							"{2, 6}"
						],
						[
							"{2, 7}"
						],
						[
							"{2, 8}"
						],
						[
							"{2, 9}"
						],
						[
							"{2, 10}"
						],
						[
							"{2, 11}"
						],
						[
							"{2, 12}"
						],
						[
							"{3, 4}"
						],
						[
							"{3, 5}"
						],
						[
							"{3, 6}"
						],
						[
							"{3, 7}"
						],
						[
							"{3, 8}"
						],
						[
							"{3, 9}"
						],
						[
							"{3, 10}"
						],
						[
							"{3, 11}"
						],
						[
							"{3, 12}"
						],
						[
							"{4, 5}"
						],
						[
							"{4, 6}"
						],
						[
							"{4, 7}"
						],
						[
							"{4, 8}"
						],
						[
							"{4, 9}",
							"{4, 10}"
						],
						[
							"{4, 11}"
						],
						[
							"{4, 12}"
						],
						[
							"{5, 6}"
						],
						[
							"{5, 7}"
						],
						[
							"{5, 8}"
						],
						[
							"{5, 9}"
						],
						[
							"{5, 10}"
						],
						[
							"{5, 11}"
						],
						[
							"{5, 12}"
						],
						[
							"{6, 7}"
						],
						[
							"{6, 8}"
						],
						[
							"{6, 9}"
						],
						[
							"{6, 10}"
						],
						[
							"{6, 11}"
						],
						[
							"{6, 12}"
						],
						[
							"{7, 8}",
							"{8, 9}"
						],
						[
							"{7, 9}"
						],
						[
							"{7, 10}"
						],
						[
							"{7, 11}"
						],
						[
							"{7, 12}"
						],
						[
							"{8, 10}"
						],
						[
							"{8, 11}"
						],
						[
							"{9, 10}"
						],
						[
							"{9, 11}"
						],
						[
							"{9, 12}"
						],
						[
							"{10, 11}"
						],
						[
							"{10, 12}"
						],
						[
							"{11, 12}"
						]
					],