{
	"Index":4,
	"Name":"5_2",
	"Hyperbolic":true,
	"Torus":false,
	"Satellite":false,
	"Diagrams":[
		{
			"Scode":"{6, 10, 8, 2, 4}",
			"Acode":"{4, 1, 5, 2, 3}",
			"PDcode":[
				"{1, 7, 2, 6}",
				"{3, 1, 4, 10}",
				"{5, 9, 6, 8}",
				"{7, 3, 8, 2}",
				"{9, 5, 10, 4}"
			],
			"SolvingSeqs":[
				[
					"{2, 4}",
					[],
					[
						"{4, 2, 5, 1}",
						"{2, 4, 1, 2}",
						"{4, 5, 3, 2}"
					],
					"{2}",
					"{5}",
					5
				]
			],
			"GeometricRepresentation":{
				"Volume":2.8281220883307831627638988092766349427709813173006494770435203272588025483224716309369470179299991074125412892787964,
				"ChernSimons":3.0241283765093016597199512216946009939844502422707353125033006435089177082861937465064691583004729662434600396243412
			}
		}
	],
	"ParabolicReps":[
		{
			"DiagramIdx":1,
			"SolvingSeqIdx":1,
			"u":{
				"CheckEq":[
					"1 - u^2 - u^3",
					"-u + u^3 + u^4"
				],
				"TimingForPrimaryIdeals":5.4739e-2
			},
			"v":{
				"CheckEq":[
					"1 - v"
				],
				"TimingForPrimaryIdeals":3.6575e-2
			},
			"PrimaryIdeals":[
				{
					"IdealName":"J5_2_0",
					"Generators":[
						"-1 + u^2 + u^3"
					],
					"VariableOrder":[
						"u"
					],
					"Characteristic":0,
					"KnownGroebner":[],
					"Status":[
						"vCompNormalize"
					],
					"MonomialOrder":"lex",
					"IsHomogeneous":false,
					"IsZeroDim":true,
					"IdealDimension":0,
					"ZeroDimensionalVars":[
						"u"
					],
					"Timings":{
						"TimingmagmaVCompNormalize":4.02e-4,
						"TimingComplexVolumeN":0.190294,
						"TimingObstruction":4.05e-4,
						"TiminguValues_ij":1.27e-4,
						"TiminguPolys_ij_N":2.59e-4
					},
					"ComplexVolumeN":[
						"3.024128376509301659719951221694600993984450242270735312503300643508917708286193746506469158300472966243460039624341155796662276669120484`116.10207246635787 - 2.828122088330783162763898809276634942770981317300649477043520327258802548322471630936947017929999107412541289278796393424966173937435235`116.07297039973531*I",
						"3.024128376509301659719951221694600993984450242270735312503300643508917708286193746506469158300472966243460039624341121473487257466873517`114.3259424854223 + 2.828122088330783162763898809276634942770981317300649477043520327258802548322471630936947017929999107412541289278796311149833562922722452`114.29684041585718*I",
						-1.11345455247392401002265694345112642031205078092107531179992659890781300536278487151205161474166981657490712236167
					],
					"GeometricComponent":"{1, 2}",
					"SortedReprnIndices":"{2, 1, 3}",
					"Abelian":false,
					"Obstruction":-1,
					"ij_list":[
						[
							"{1, 2}",
							"{4, 5}"
						],
						[
							"{1, 3}"
						],
						[
							"{1, 4}",
							"{2, 4}",
							"{2, 5}"
						],
						[
							"{1, 5}",
							"{2, 3}"
						],
						[
							"{3, 4}"
						],
						[
							"{3, 5}"
						]
					],
					"uPolys_ij_N":[
						"1 + 2*u + u^2 + u^3",
						"1 + 2*u + u^2 + u^3",
						"1 - u^2 + u^3",
						"1 + 2*u - 3*u^2 + u^3",
						"1 + 2*u - 3*u^2 + u^3",
						"1 + 2*u + u^2 + u^3"
					],
					"uPolysN":[
						"1 - u^2 + u^3",
						"1 - 2*u + u^2 - u^3",
						"1 + 2*u + u^2 + u^3",
						"1 - u^2 - u^3",
						"1 - 2*u + u^2 - u^3"
					]
				},
				{
					"IdealName":"abJ5_2_1",
					"Generators":[
						"-1 + v"
					],
					"VariableOrder":[
						"v"
					],
					"Characteristic":0,
					"KnownGroebner":[],
					"Status":[
						"vCompNormalize"
					],
					"MonomialOrder":"lex",
					"IsHomogeneous":false,
					"IsZeroDim":true,
					"IdealDimension":0,
					"ZeroDimensionalVars":[
						"v"
					],
					"Timings":{
						"TimingmagmaVCompNormalize":3.96e-4,
						"TimingComplexVolumeN":4.2365e-2,
						"TimingObstruction":1.05e-4,
						"TiminguValues_ij":7.3e-5,
						"TiminguPolys_ij_N":1.1e-5
					},
					"ComplexVolumeN":"{0}",
					"GeometricComponent":0,
					"SortedReprnIndices":"{1}",
					"Abelian":true,
					"Obstruction":1,
					"ij_list":[
						[
							"{1, 2}",
							"{1, 3}",
							"{1, 4}",
							"{1, 5}",
							"{2, 3}",
							"{2, 4}",
							"{2, 5}",
							"{3, 4}",
							"{3, 5}",
							"{4, 5}"
						]
					],
					"uPolys_ij_N":[
						"u"
					],
					"uPolysN":[
						"u",
						"-u",
						"u",
						"-u",
						"-u"
					]
				}
			],
			"uPolyC":[
				"1 - u^2 + u^3",
				"1 - 2*u + u^2 - u^3",
				"1 + 2*u + u^2 + u^3",
				"1 - u^2 - u^3",
				"1 - 2*u + u^2 - u^3"
			],
			"RileyPolyC":[
				"-1 + 2*y - y^2 + y^3",
				"1 - 2*y - 3*y^2 - y^3",
				"-1 + 2*y + 3*y^2 + y^3",
				"1 - 2*y + y^2 - y^3",
				"1 - 2*y - 3*y^2 - y^3"
			]
		}
	]
}