{
	"Index":5,
	"Name":"6_1",
	"Hyperbolic":true,
	"Torus":false,
	"Satellite":false,
	"Diagrams":[
		{
			"Scode":"{-8, 12, 10, -2, 6, 4}",
			"Acode":"{-5, 1, 6, -2, 4, 3}",
			"PDcode":[
				"{1, 8, 2, 9}",
				"{3, 1, 4, 12}",
				"{5, 11, 6, 10}",
				"{7, 2, 8, 3}",
				"{9, 7, 10, 6}",
				"{11, 5, 12, 4}"
			],
			"SolvingSeqs":[
				[
					"{1, 5}",
					[],
					[
						"{1, -5, 2, 1}",
						"{2, 1, 3, 1}",
						"{5, -2, 4, 2}",
						"{1, 3, 6, 2}"
					],
					"{5}",
					"{3}",
					3
				]
			],
			"GeometricRepresentation":{
				"Volume":3.1639632288831439839910147159731544848127876715181152665829224419755659849630848398717252885615033467923027554708850550896,
				"ChernSimons":6.7907414992481869901718124438095165095346534552976362412335747678101253941044390579604390515413035765001320247384302205315
			}
		}
	],
	"ParabolicReps":[
		{
			"DiagramIdx":1,
			"SolvingSeqIdx":1,
			"u":{
				"CheckEq":[
					"-1 - u^3 - u^2*(1 + u^2)",
					"u + u^4 + u^2*(u + u^3)"
				],
				"TimingForPrimaryIdeals":3.5712e-2
			},
			"v":{
				"CheckEq":[
					"-1 + v"
				],
				"TimingForPrimaryIdeals":3.4843e-2
			},
			"PrimaryIdeals":[
				{
					"IdealName":"J6_1_0",
					"Generators":[
						"1 + u^2 + u^3 + u^4"
					],
					"VariableOrder":[
						"u"
					],
					"Characteristic":0,
					"KnownGroebner":[],
					"Status":[
						"vCompNormalize"
					],
					"MonomialOrder":"lex",
					"IsHomogeneous":false,
					"IsZeroDim":true,
					"IdealDimension":0,
					"ZeroDimensionalVars":[
						"u"
					],
					"Timings":{
						"TimingmagmaVCompNormalize":7.72e-4,
						"TimingComplexVolumeN":0.245318,
						"TimingObstruction":7.44e-4,
						"TiminguValues_ij":2.02e-4,
						"TiminguPolys_ij_N":7.7e-4
					},
					"ComplexVolumeN":[
						"6.790741499248186990171812443809516509534653455297636241233574767810125394104439057960439051541303576500132024738430220531549527473095047`122.16448053392695 + 3.16396322888314398399101471597315448481278767151811526658292244197556598496308483987172528856150334679230275547088505508963395853548453`121.92195295277097*I",
						"6.790741499248186990171812443809516509534653455297636241233574767810125394104439057960439051541303576500132024738430219985966136650046561`115.74468539676099 - 3.163963228883143983991014715973154484812787671518115266582922441975565984963084839871725288561503346792302755470885055656320977974459708`115.41299962960174*I",
						"-0.211005231855281244282151777225415752658853850470442490291341850330095512491635562625923449062268755284114748889081457813034631453868651`122.1517362927814 - 1.415104897265563340689508587710502036134667959601598629957353035205987690713994386040697076107083284492933774836750762869954294924874264`123.0200229089941*I",
						"-0.211005231855281244282151777225415752658853850470442490291341850330095512491635562625923449062268755284114748889081457813034631510135422`120.3851007291833 + 1.41510489726556334068950858771050203613466795960159862995735303520598769071399438604069707610708328449293377483675076286995429400372932`121.2121769430081*I"
					],
					"GeometricComponent":"{1, 2}",
					"SortedReprnIndices":"{1, 2, 4, 3}",
					"Abelian":false,
					"Obstruction":-1,
					"ij_list":[
						[
							"{1, 2}",
							"{1, 3}",
							"{4, 5}"
						],
						[
							"{1, 4}"
						],
						[
							"{1, 5}",
							"{2, 4}",
							"{2, 5}"
						],
						[
							"{1, 6}"
						],
						[
							"{2, 3}"
						],
						[
							"{2, 6}"
						],
						[
							"{3, 4}"
						],
						[
							"{3, 5}"
						],
						[
							"{3, 6}"
						],
						[
							"{4, 6}"
						],
						[
							"{5, 6}"
						]
					],
					"uPolys_ij_N":[
						"1 + 2*u + 3*u^2 + u^3 + u^4",
						"2 + u + 5*u^2 - u^3 + u^4",
						"1 + u^2 + u^3 + u^4",
						"1 - 2*u + 7*u^2 - 5*u^3 + u^4",
						"1 - 2*u + 7*u^2 - 5*u^3 + u^4",
						"2 + u + 5*u^2 - u^3 + u^4",
						"1 - 2*u + 7*u^2 - 5*u^3 + u^4",
						"2 + u + 5*u^2 - u^3 + u^4",
						"1 + 2*u + 3*u^2 + u^3 + u^4",
						"1 + 2*u + 3*u^2 + u^3 + u^4",
						"1 - 2*u + 7*u^2 - 5*u^3 + u^4"
					],
					"uPolysN":[
						"1 + u^2 + u^3 + u^4",
						"1 - 2*u + 3*u^2 - u^3 + u^4",
						"1 + 2*u + 3*u^2 + u^3 + u^4",
						"1 + u^2 - u^3 + u^4",
						"1 - 2*u + 3*u^2 - u^3 + u^4",
						"1 - 2*u + 3*u^2 - u^3 + u^4"
					]
				},
				{
					"IdealName":"abJ6_1_1",
					"Generators":[
						"-1 + v"
					],
					"VariableOrder":[
						"v"
					],
					"Characteristic":0,
					"KnownGroebner":[],
					"Status":[
						"vCompNormalize"
					],
					"MonomialOrder":"lex",
					"IsHomogeneous":false,
					"IsZeroDim":true,
					"IdealDimension":0,
					"ZeroDimensionalVars":[
						"v"
					],
					"Timings":{
						"TimingmagmaVCompNormalize":3.99e-4,
						"TimingComplexVolumeN":3.8831e-2,
						"TimingObstruction":1.18e-4,
						"TiminguValues_ij":9.2e-5,
						"TiminguPolys_ij_N":1.1e-5
					},
					"ComplexVolumeN":"{0}",
					"GeometricComponent":0,
					"SortedReprnIndices":"{1}",
					"Abelian":true,
					"Obstruction":1,
					"ij_list":[
						[
							"{1, 2}",
							"{1, 3}",
							"{1, 4}",
							"{1, 5}",
							"{1, 6}",
							"{2, 3}",
							"{2, 4}",
							"{2, 5}",
							"{2, 6}",
							"{3, 4}",
							"{3, 5}",
							"{3, 6}",
							"{4, 5}",
							"{4, 6}",
							"{5, 6}"
						]
					],
					"uPolys_ij_N":[
						"u"
					],
					"uPolysN":[
						"u",
						"-u",
						"u",
						"-u",
						"-u",
						"-u"
					]
				}
			],
			"uPolyC":[
				"1 + u^2 + u^3 + u^4",
				"1 - 2*u + 3*u^2 - u^3 + u^4",
				"1 + 2*u + 3*u^2 + u^3 + u^4",
				"1 + u^2 - u^3 + u^4",
				"1 - 2*u + 3*u^2 - u^3 + u^4",
				"1 - 2*u + 3*u^2 - u^3 + u^4"
			],
			"RileyPolyC":[
				"1 + 2*y + 3*y^2 + y^3 + y^4",
				"1 + 2*y + 7*y^2 + 5*y^3 + y^4",
				"1 + 2*y + 7*y^2 + 5*y^3 + y^4",
				"1 + 2*y + 3*y^2 + y^3 + y^4",
				"1 + 2*y + 7*y^2 + 5*y^3 + y^4",
				"1 + 2*y + 7*y^2 + 5*y^3 + y^4"
			]
		}
	]
}