{
	"Index":6,
	"Name":"6_2",
	"Hyperbolic":true,
	"Torus":false,
	"Satellite":false,
	"Diagrams":[
		{
			"Scode":"{-8, 12, 10, -2, 4, 6}",
			"Acode":"{-5, 1, 6, -2, 3, 4}",
			"PDcode":[
				"{1, 8, 2, 9}",
				"{3, 1, 4, 12}",
				"{5, 11, 6, 10}",
				"{7, 2, 8, 3}",
				"{9, 5, 10, 4}",
				"{11, 7, 12, 6}"
			],
			"SolvingSeqs":[
				[
					"{1, 5}",
					[],
					[
						"{1, -5, 2, 1}",
						"{2, 1, 3, 1}",
						"{5, -2, 4, 2}",
						"{1, 4, 6, 2}"
					],
					"{5}",
					"{3}",
					3
				]
			],
			"GeometricRepresentation":{
				"Volume":4.40083251612304610144120386564092803398348541851646545852175251331660013097240531667712243024018131677372629771029,
				"ChernSimons":-5.87256269363005151888551102064706719881338855004200701406605147178177157233154982438353422666049092666832961754291
			}
		}
	],
	"ParabolicReps":[
		{
			"DiagramIdx":1,
			"SolvingSeqIdx":1,
			"u":{
				"CheckEq":[
					"-1 - u*(1 + u^2)^2 - u*(u + u^3)",
					"u + u^3*(1 + u^2) + (u + u^3)^2"
				],
				"TimingForPrimaryIdeals":5.8092e-2
			},
			"v":{
				"CheckEq":[
					"-1 + v"
				],
				"TimingForPrimaryIdeals":3.4001e-2
			},
			"PrimaryIdeals":[
				{
					"IdealName":"J6_2_0",
					"Generators":[
						"1 + u + u^2 + 2*u^3 + u^4 + u^5"
					],
					"VariableOrder":[
						"u"
					],
					"Characteristic":0,
					"KnownGroebner":[],
					"Status":[
						"vCompNormalize"
					],
					"MonomialOrder":"lex",
					"IsHomogeneous":false,
					"IsZeroDim":true,
					"IdealDimension":0,
					"ZeroDimensionalVars":[
						"u"
					],
					"Timings":{
						"TimingmagmaVCompNormalize":6.65e-4,
						"TimingComplexVolumeN":0.316437,
						"TimingObstruction":8.34e-4,
						"TiminguValues_ij":1.96e-4,
						"TiminguPolys_ij_N":9.87e-4
					},
					"ComplexVolumeN":[
						-2.401081296680316945624057312070157367501481931827923081889981409969953270911516767958865869501571405089010831134776480144511,
						"-5.872562693630051518885511020647067198813388550042007014066051471781771572331549824383534226660490926668329617542908241439908099673252409`114.01987391561993 + 4.400832516123046101441203865640928033983485418516465458521752513316600130972405316677122430240181316773726297710286685043249426459190495`113.90517795806129*I",
						"-5.872562693630051518885511020647067198813388550042007014066051471781771572331549824383534226660490926668329617542989907502179954955544593`111.01280183000698 - 4.400832516123046101441203865640928033983485418516465458521752513316600130972405316677122430240181316773726297710109577409128811621625138`110.88750900893625*I",
						"-0.3290999588468089724283285732249674689211450394746244147989698553982854090270957238883628913776375446551843888577665`103.20990351288833 - 1.5305795757513833170537853948030234903157993855856292067784383085111787940527458953327158636222304488949460930702054`103.87743159865276*I",
						"-0.329099958846808972428328573224967468921145039474624414798969855398285409027095723888362891377637544655184402220220876654503086793866712`122.14343981494997 + 1.530579575751383317053785394803023490315799385585629206778438308511178794052745895332715863622230448894946170639433864272881366963404179`122.83610577581214*I"
					],
					"GeometricComponent":"{2, 3}",
					"SortedReprnIndices":"{2, 3, 5, 4, 1}",
					"Abelian":false,
					"Obstruction":-1,
					"ij_list":[
						[
							"{1, 2}",
							"{1, 3}",
							"{4, 5}"
						],
						[
							"{1, 4}"
						],
						[
							"{1, 5}",
							"{2, 4}",
							"{2, 5}"
						],
						[
							"{1, 6}"
						],
						[
							"{2, 3}"
						],
						[
							"{2, 6}"
						],
						[
							"{3, 4}"
						],
						[
							"{3, 5}"
						],
						[
							"{3, 6}"
						],
						[
							"{4, 6}"
						],
						[
							"{5, 6}"
						]
					],
					"uPolys_ij_N":[
						"-1 - u + u^2 + 4*u^3 + 3*u^4 + u^5",
						"1 + u + u^2 - 2*u^3 - u^4 + u^5",
						"1 + u + u^2 + 2*u^3 + u^4 + u^5",
						"1 - u + 3*u^2 + 8*u^3 + 5*u^4 + u^5",
						"1 + 3*u + 3*u^2 + 8*u^3 + u^4 + u^5",
						"1 + 3*u + 3*u^2 + 8*u^3 + u^4 + u^5",
						"1 - u + 3*u^2 + 8*u^3 + 5*u^4 + u^5",
						"1 + u + u^2 - 2*u^3 - u^4 + u^5",
						"1 + u + u^2 - 2*u^3 - u^4 + u^5",
						"1 + u + u^2 - 2*u^3 - u^4 + u^5",
						"1 - u + 3*u^2 + 8*u^3 + 5*u^4 + u^5"
					],
					"uPolysN":[
						"1 + u + u^2 + 2*u^3 + u^4 + u^5",
						"1 - u - u^2 + 4*u^3 - 3*u^4 + u^5",
						"1 + u + u^2 - 2*u^3 - u^4 + u^5",
						"1 - u + u^2 - 2*u^3 + u^4 - u^5",
						"1 - u + u^2 + 2*u^3 - u^4 - u^5",
						"1 - u + u^2 + 2*u^3 - u^4 - u^5"
					]
				},
				{
					"IdealName":"abJ6_2_1",
					"Generators":[
						"-1 + v"
					],
					"VariableOrder":[
						"v"
					],
					"Characteristic":0,
					"KnownGroebner":[],
					"Status":[
						"vCompNormalize"
					],
					"MonomialOrder":"lex",
					"IsHomogeneous":false,
					"IsZeroDim":true,
					"IdealDimension":0,
					"ZeroDimensionalVars":[
						"v"
					],
					"Timings":{
						"TimingmagmaVCompNormalize":6.88e-4,
						"TimingComplexVolumeN":3.0192e-2,
						"TimingObstruction":1.17e-4,
						"TiminguValues_ij":9.1e-5,
						"TiminguPolys_ij_N":1.1e-5
					},
					"ComplexVolumeN":"{0}",
					"GeometricComponent":0,
					"SortedReprnIndices":"{1}",
					"Abelian":true,
					"Obstruction":1,
					"ij_list":[
						[
							"{1, 2}",
							"{1, 3}",
							"{1, 4}",
							"{1, 5}",
							"{1, 6}",
							"{2, 3}",
							"{2, 4}",
							"{2, 5}",
							"{2, 6}",
							"{3, 4}",
							"{3, 5}",
							"{3, 6}",
							"{4, 5}",
							"{4, 6}",
							"{5, 6}"
						]
					],
					"uPolys_ij_N":[
						"u"
					],
					"uPolysN":[
						"u",
						"-u",
						"u",
						"-u",
						"-u",
						"-u"
					]
				}
			],
			"uPolyC":[
				"1 + u + u^2 + 2*u^3 + u^4 + u^5",
				"1 - u - u^2 + 4*u^3 - 3*u^4 + u^5",
				"1 + u + u^2 - 2*u^3 - u^4 + u^5",
				"1 - u + u^2 - 2*u^3 + u^4 - u^5",
				"1 - u + u^2 + 2*u^3 - u^4 - u^5",
				"1 - u + u^2 + 2*u^3 - u^4 - u^5"
			],
			"RileyPolyC":[
				"-1 - y + y^2 + 4*y^3 + 3*y^4 + y^5",
				"-1 + 3*y - 3*y^2 + 8*y^3 - y^4 + y^5",
				"-1 - y - 3*y^2 + 8*y^3 - 5*y^4 + y^5",
				"1 + y - y^2 - 4*y^3 - 3*y^4 - y^5",
				"1 + y + 3*y^2 - 8*y^3 + 5*y^4 - y^5",
				"1 + y + 3*y^2 - 8*y^3 + 5*y^4 - y^5"
			]
		}
	]
}