{
	"Index":7,
	"Name":"6_3",
	"Hyperbolic":true,
	"Torus":false,
	"Satellite":false,
	"Diagrams":[
		{
			"Scode":"{6, 12, -10, 2, -4, -8}",
			"Acode":"{4, 1, -6, 2, -3, -5}",
			"PDcode":[
				"{1, 7, 2, 6}",
				"{3, 1, 4, 12}",
				"{5, 10, 6, 11}",
				"{7, 3, 8, 2}",
				"{9, 4, 10, 5}",
				"{11, 8, 12, 9}"
			],
			"SolvingSeqs":[
				[
					"{1, 4}",
					[],
					[
						"{1, 4, 2, 1}",
						"{4, 2, 5, 1}",
						"{1, -5, 6, 2}",
						"{4, -6, 3, 2}"
					],
					"{2}",
					"{5}",
					5
				]
			],
			"GeometricRepresentation":{
				"Volume":5.6930210912813007651124832774812229269443017330068800378508706999954760725909067076549195424070400361412245,
				"ChernSimons":0
			}
		}
	],
	"ParabolicReps":[
		{
			"DiagramIdx":1,
			"SolvingSeqIdx":1,
			"u":{
				"CheckEq":[
					"-u + u^2 + u*(u - u^3)^2*(1 - u*(u - u^3))",
					"1 - u^2 + u*(1 - u*(u - u^3))^2"
				],
				"TimingForPrimaryIdeals":3.3066e-2
			},
			"v":{
				"CheckEq":[
					"1 - v"
				],
				"TimingForPrimaryIdeals":3.5948e-2
			},
			"PrimaryIdeals":[
				{
					"IdealName":"J6_3_0",
					"Generators":[
						"1 + u - 2*u^3 - u^4 + u^5 + u^6"
					],
					"VariableOrder":[
						"u"
					],
					"Characteristic":0,
					"KnownGroebner":[],
					"Status":[
						"vCompNormalize"
					],
					"MonomialOrder":"lex",
					"IsHomogeneous":false,
					"IsZeroDim":true,
					"IdealDimension":0,
					"ZeroDimensionalVars":[
						"u"
					],
					"Timings":{
						"TimingmagmaVCompNormalize":7.5e-4,
						"TimingComplexVolumeN":0.389938,
						"TimingObstruction":1.171e-3,
						"TiminguValues_ij":2.55e-4,
						"TiminguPolys_ij_N":1.87e-3
					},
					"ComplexVolumeN":[
						"-5.693021091281300765112483277481222926944301733006880037850870699995476072590906707654919542407040036141224456613475503326343380508661117`107.6871492491857*I",
						"5.693021091281300765112483277481222926944301733006880037850870699995476072590906707654919542407040036141224456802400770331855391420868876`122.41911793194467*I",
						"1.8906057206143215015446383700475960531073745839904520087703139568195840088095733751809980963166646429159221180360872`105.35209825250566 + 0.9243048137789518747614598640465944886193269161825939788891870030023753192161426746660142310305618473363648663873312`105.04131249970119*I",
						"1.890605720614321501544638370047596053107374583990452008770313956819584008809573375180998096316664642915922117768587250785246246191576128`112.1732325486125 - 0.924304813778951874761459864046594488619326916182593978889187003002375319216142674666014231030561847336364866391158086578118046577775678`111.86244679581007*I",
						"-1.890605720614321501544638370047596053107374583990452008770313956819584008809573375180998096316664642915922117768589484231644831542823928`112.35122597854638 + 0.924304813778951874761459864046594488619326916182593978889187003002375319216142674666014231030561847336364866391159079167994025947633646`112.04044022574391*I",
						"-1.890605720614321501544638370047596053107374583990452008770313956819584008809573375180998096316664642915922117768588278964890470866047414`110.60114375206591 - 0.924304813778951874761459864046594488619326916182593978889187003002375319216142674666014231030561847336364866391159373859529568415484556`110.2903579992616*I"
					],
					"GeometricComponent":"{1, 2}",
					"SortedReprnIndices":"{2, 1, 3, 5, 4, 6}",
					"Abelian":false,
					"Obstruction":-1,
					"ij_list":[
						[
							"{1, 2}",
							"{4, 5}"
						],
						[
							"{1, 3}"
						],
						[
							"{1, 4}",
							"{2, 4}",
							"{2, 5}"
						],
						[
							"{1, 5}"
						],
						[
							"{1, 6}"
						],
						[
							"{2, 3}"
						],
						[
							"{2, 6}"
						],
						[
							"{3, 4}"
						],
						[
							"{3, 5}"
						],
						[
							"{3, 6}"
						],
						[
							"{4, 6}"
						],
						[
							"{5, 6}"
						]
					],
					"uPolys_ij_N":[
						"1 + u + 2*u^2 + 4*u^3 + 5*u^4 + 3*u^5 + u^6",
						"1 + u + 2*u^2 + 4*u^3 + 5*u^4 + 3*u^5 + u^6",
						"1 - u + 2*u^3 - u^4 - u^5 + u^6",
						"1 - u + 2*u^2 - 4*u^3 + 5*u^4 - 3*u^5 + u^6",
						"1 + 3*u + 6*u^2 + 5*u^4 + u^5 + u^6",
						"1 - 3*u + 6*u^2 + 5*u^4 - u^5 + u^6",
						"1 - 3*u + 6*u^2 + 5*u^4 - u^5 + u^6",
						"1 - u + 2*u^2 - 4*u^3 + 5*u^4 - 3*u^5 + u^6",
						"1 + u - 2*u^3 - u^4 + u^5 + u^6",
						"1 + u - 2*u^3 - u^4 + u^5 + u^6",
						"1 + u - 2*u^3 - u^4 + u^5 + u^6",
						"1 - u + 2*u^2 - 4*u^3 + 5*u^4 - 3*u^5 + u^6"
					],
					"uPolysN":[
						"1 - u + 2*u^3 - u^4 - u^5 + u^6",
						"1 - u + 2*u^2 - 4*u^3 + 5*u^4 - 3*u^5 + u^6",
						"1 + u - 2*u^3 - u^4 + u^5 + u^6",
						"1 + u - 2*u^3 - u^4 + u^5 + u^6",
						"1 - u + 2*u^3 - u^4 - u^5 + u^6",
						"1 + u + 2*u^2 + 4*u^3 + 5*u^4 + 3*u^5 + u^6"
					]
				},
				{
					"IdealName":"abJ6_3_1",
					"Generators":[
						"-1 + v"
					],
					"VariableOrder":[
						"v"
					],
					"Characteristic":0,
					"KnownGroebner":[],
					"Status":[
						"vCompNormalize"
					],
					"MonomialOrder":"lex",
					"IsHomogeneous":false,
					"IsZeroDim":true,
					"IdealDimension":0,
					"ZeroDimensionalVars":[
						"v"
					],
					"Timings":{
						"TimingmagmaVCompNormalize":6.99e-4,
						"TimingComplexVolumeN":4.8793e-2,
						"TimingObstruction":1.21e-4,
						"TiminguValues_ij":9.4e-5,
						"TiminguPolys_ij_N":1.1e-5
					},
					"ComplexVolumeN":"{0}",
					"GeometricComponent":0,
					"SortedReprnIndices":"{1}",
					"Abelian":true,
					"Obstruction":1,
					"ij_list":[
						[
							"{1, 2}",
							"{1, 3}",
							"{1, 4}",
							"{1, 5}",
							"{1, 6}",
							"{2, 3}",
							"{2, 4}",
							"{2, 5}",
							"{2, 6}",
							"{3, 4}",
							"{3, 5}",
							"{3, 6}",
							"{4, 5}",
							"{4, 6}",
							"{5, 6}"
						]
					],
					"uPolys_ij_N":[
						"u"
					],
					"uPolysN":[
						"u",
						"-u",
						"u",
						"-u",
						"-u",
						"-u"
					]
				}
			],
			"uPolyC":[
				"1 - u + 2*u^3 - u^4 - u^5 + u^6",
				"1 - u + 2*u^2 - 4*u^3 + 5*u^4 - 3*u^5 + u^6",
				"1 + u - 2*u^3 - u^4 + u^5 + u^6",
				"1 + u - 2*u^3 - u^4 + u^5 + u^6",
				"1 - u + 2*u^3 - u^4 - u^5 + u^6",
				"1 + u + 2*u^2 + 4*u^3 + 5*u^4 + 3*u^5 + u^6"
			],
			"RileyPolyC":[
				"1 - y + 2*y^2 - 4*y^3 + 5*y^4 - 3*y^5 + y^6",
				"1 + 3*y + 6*y^2 + 5*y^4 + y^5 + y^6",
				"1 - y + 2*y^2 - 4*y^3 + 5*y^4 - 3*y^5 + y^6",
				"1 - y + 2*y^2 - 4*y^3 + 5*y^4 - 3*y^5 + y^6",
				"1 - y + 2*y^2 - 4*y^3 + 5*y^4 - 3*y^5 + y^6",
				"1 + 3*y + 6*y^2 + 5*y^4 + y^5 + y^6"
			]
		}
	]
}