{
	"Index":8,
	"Name":"7_1",
	"Hyperbolic":false,
	"Torus":true,
	"Satellite":false,
	"Diagrams":[
		{
			"Scode":"{8, 10, 12, 14, 2, 4, 6}",
			"Acode":"{5, 6, 7, 1, 2, 3, 4}",
			"PDcode":[
				"{1, 9, 2, 8}",
				"{3, 11, 4, 10}",
				"{5, 13, 6, 12}",
				"{7, 1, 8, 14}",
				"{9, 3, 10, 2}",
				"{11, 5, 12, 4}",
				"{13, 7, 14, 6}"
			],
			"SolvingSeqs":[
				[
					"{1, 4}",
					[],
					[
						"{4, 1, 5, 1}",
						"{1, 5, 2, 1}",
						"{1, 4, 7, 2}",
						"{4, 7, 3, 2}",
						"{7, 3, 6, 2}"
					],
					"{5}",
					"{2}",
					2
				]
			]
		}
	],
	"ParabolicReps":[
		{
			"DiagramIdx":1,
			"SolvingSeqIdx":1,
			"u":{
				"CheckEq":[
					"u + u^2 + u*(u - u^3) + u^2*(-u^3 - u*(1 - u^2))",
					"-1 - u + u^2 + (1 - u^2)*(-u^3 - u*(1 - u^2))"
				],
				"TimingForPrimaryIdeals":5.5091e-2
			},
			"v":{
				"CheckEq":[
					"-1 + v"
				],
				"TimingForPrimaryIdeals":3.4069e-2
			},
			"PrimaryIdeals":[
				{
					"IdealName":"J7_1_1",
					"Generators":[
						"-1 - 2*u + u^2 + u^3"
					],
					"VariableOrder":[
						"u"
					],
					"Characteristic":0,
					"KnownGroebner":[],
					"Status":[
						"vCompNormalize"
					],
					"MonomialOrder":"lex",
					"IsHomogeneous":false,
					"IsZeroDim":true,
					"IdealDimension":0,
					"ZeroDimensionalVars":[
						"u"
					],
					"Timings":{
						"TimingmagmaVCompNormalize":6.46e-4,
						"TimingComplexVolumeN":0.208851,
						"TimingObstruction":5.27e-4,
						"TiminguValues_ij":2.69e-4,
						"TiminguPolys_ij_N":4.9e-4
					},
					"ComplexVolumeN":[
						-17.624293573373854676490162499778841313060177512929983261452409600392937182891437933931738220925986128257189131739327042996022,
						-0.704971742934954187059606499991153652522407100517199330458096384015717487315657517357269528837039445130287565269573082,
						-6.34474568641458768353645849992038287270166390465479397412286745614145738584091765621542575953335500617258808742615773547857
					],
					"SortedReprnIndices":"{1, 3, 2}",
					"Abelian":false,
					"Obstruction":-1,
					"ij_list":[
						[
							"{1, 2}",
							"{1, 7}",
							"{3, 4}",
							"{4, 5}"
						],
						[
							"{1, 3}",
							"{5, 7}"
						],
						[
							"{1, 4}",
							"{1, 5}",
							"{3, 7}",
							"{4, 7}"
						],
						[
							"{1, 6}",
							"{3, 5}"
						],
						[
							"{2, 3}"
						],
						[
							"{2, 4}",
							"{4, 6}"
						],
						[
							"{2, 5}"
						],
						[
							"{2, 6}"
						],
						[
							"{2, 7}"
						],
						[
							"{3, 6}"
						],
						[
							"{5, 6}"
						],
						[
							"{6, 7}"
						]
					],
					"uPolys_ij_N":[
						"1 + 6*u + 5*u^2 + u^3",
						"-1 - 4*u - 3*u^2 + u^3",
						"-1 - 2*u + u^2 + u^3",
						"-1 - 4*u - 3*u^2 + u^3",
						"1 + 6*u + 5*u^2 + u^3",
						"-1 - 4*u - 3*u^2 + u^3",
						"-1 - 2*u + u^2 + u^3",
						"-1 - 2*u + u^2 + u^3",
						"-1 - 4*u - 3*u^2 + u^3",
						"-1 - 2*u + u^2 + u^3",
						"1 + 6*u + 5*u^2 + u^3",
						"1 + 6*u + 5*u^2 + u^3"
					],
					"uPolysN":[
						"-1 - 2*u + u^2 + u^3",
						"-1 - 2*u + u^2 + u^3",
						"-1 - 2*u + u^2 + u^3",
						"1 - 2*u - u^2 + u^3",
						"1 - 2*u - u^2 + u^3",
						"1 - 2*u - u^2 + u^3",
						"1 - 2*u - u^2 + u^3"
					]
				},
				{
					"IdealName":"abJ7_1_2",
					"Generators":[
						"-1 + v"
					],
					"VariableOrder":[
						"v"
					],
					"Characteristic":0,
					"KnownGroebner":[],
					"Status":[
						"vCompNormalize"
					],
					"MonomialOrder":"lex",
					"IsHomogeneous":false,
					"IsZeroDim":true,
					"IdealDimension":0,
					"ZeroDimensionalVars":[
						"v"
					],
					"Timings":{
						"TimingmagmaVCompNormalize":7.14e-4,
						"TimingComplexVolumeN":6.2297e-2,
						"TimingObstruction":1.33e-4,
						"TiminguValues_ij":1.19e-4,
						"TiminguPolys_ij_N":1.2e-5
					},
					"ComplexVolumeN":"{0}",
					"SortedReprnIndices":"{1}",
					"Abelian":true,
					"Obstruction":1,
					"ij_list":[
						[
							"{1, 2}",
							"{1, 3}",
							"{1, 4}",
							"{1, 5}",
							"{1, 6}",
							"{1, 7}",
							"{2, 3}",
							"{2, 4}",
							"{2, 5}",
							"{2, 6}",
							"{2, 7}",
							"{3, 4}",
							"{3, 5}",
							"{3, 6}",
							"{3, 7}",
							"{4, 5}",
							"{4, 6}",
							"{4, 7}",
							"{5, 6}",
							"{5, 7}",
							"{6, 7}"
						]
					],
					"uPolys_ij_N":[
						"u"
					],
					"uPolysN":[
						"u",
						"u",
						"u",
						"-u",
						"-u",
						"-u",
						"-u"
					]
				}
			],
			"uPolyC":[
				"-1 - 2*u + u^2 + u^3",
				"-1 - 2*u + u^2 + u^3",
				"-1 - 2*u + u^2 + u^3",
				"1 - 2*u - u^2 + u^3",
				"1 - 2*u - u^2 + u^3",
				"1 - 2*u - u^2 + u^3",
				"1 - 2*u - u^2 + u^3"
			],
			"RileyPolyC":[
				"-1 + 6*y - 5*y^2 + y^3",
				"-1 + 6*y - 5*y^2 + y^3",
				"-1 + 6*y - 5*y^2 + y^3",
				"-1 + 6*y - 5*y^2 + y^3",
				"-1 + 6*y - 5*y^2 + y^3",
				"-1 + 6*y - 5*y^2 + y^3",
				"-1 + 6*y - 5*y^2 + y^3"
			]
		}
	]
}