{
	"Index":9,
	"Name":"7_2",
	"Hyperbolic":true,
	"Torus":false,
	"Satellite":false,
	"Diagrams":[
		{
			"Scode":"{8, 14, 12, 10, 2, 6, 4}",
			"Acode":"{5, 1, 7, 6, 2, 4, 3}",
			"PDcode":[
				"{1, 9, 2, 8}",
				"{3, 1, 4, 14}",
				"{5, 13, 6, 12}",
				"{7, 11, 8, 10}",
				"{9, 3, 10, 2}",
				"{11, 7, 12, 6}",
				"{13, 5, 14, 4}"
			],
			"SolvingSeqs":[
				[
					"{3, 7}",
					[],
					[
						"{3, 7, 4, 1}",
						"{7, 3, 1, 1}",
						"{3, 1, 2, 2}",
						"{7, 4, 6, 2}",
						"{6, 2, 5, 2}"
					],
					"{4}",
					"{1}",
					1
				]
			],
			"GeometricRepresentation":{
				"Volume":3.33174423164111482391456910802971279554695790918600492122160445559874137284236651557886226034878628388576471638797793331,
				"ChernSimons":10.95829154223537169742613050940897825562269309098617384564747398825366573761181730801352448070904028504854880011422332144
			}
		}
	],
	"ParabolicReps":[
		{
			"DiagramIdx":1,
			"SolvingSeqIdx":1,
			"u":{
				"CheckEq":[
					"-u + u^2 - u^3 + u*(u + u^3) - u^2*(-u^3 - (1 + u^2)*(u + u^3))",
					"1 - u + u^2 + (1 + u^2)*(-u^3 - (1 + u^2)*(u + u^3))"
				],
				"TimingForPrimaryIdeals":3.566e-2
			},
			"v":{
				"CheckEq":[
					"1 - v"
				],
				"TimingForPrimaryIdeals":3.6011e-2
			},
			"PrimaryIdeals":[
				{
					"IdealName":"J7_2_0",
					"Generators":[
						"-1 + 3*u - 3*u^2 + 4*u^3 - u^4 + u^5"
					],
					"VariableOrder":[
						"u"
					],
					"Characteristic":0,
					"KnownGroebner":[],
					"Status":[
						"vCompNormalize"
					],
					"MonomialOrder":"lex",
					"IsHomogeneous":false,
					"IsZeroDim":true,
					"IdealDimension":0,
					"ZeroDimensionalVars":[
						"u"
					],
					"Timings":{
						"TimingmagmaVCompNormalize":7.55e-4,
						"TimingComplexVolumeN":0.372291,
						"TimingObstruction":1.082e-3,
						"TiminguValues_ij":3.93e-4,
						"TiminguPolys_ij_N":1.75e-3
					},
					"ComplexVolumeN":[
						"10.958291542235371697426130509408978255622693090986173845647473988253665737611817308013524480709040285048548800114223321435445890614638206`120.68436680888315 + 3.331744231641114823914569108029712795546957909186004921221604455598741372842366515578862260348786283885764716387977933314164035820218654`120.17828753381934*I",
						"10.958291542235371697426130509408978255622693090986173845647473988253665737611817308013524480709040285048548800114223321435447903496929898`121.44588848873342 - 3.331744231641114823914569108029712795546957909186004921221604455598741372842366515578862260348786283885764716387977933314161524076115479`120.98239879819698*I",
						"1.819805364851510544625139985753294644573100018153383052766796030887775954068478589224037258083469565217705637108177377233809263234360841`121.09717166645548 + 2.213968761684279567448859884635460362515610469567247802164567816990405839208605383865459895686325714529042653101672030941096934257787525`121.1847801328073*I",
						"1.819805364851510544625139985753294644573100018153383052766796030887775954068478589224037258083469565217705637108178668534384445603223576`110.34566610803957 - 2.213968761684279567448859884635460362515610469567247802164567816990405839208605383865459895686325714529042653101666767529885160759657637`110.43081265587216*I",
						-0.8821828114503679370163134906341679621073377001771372307951665977327713273125786869706899682886391209724440900097435
					],
					"GeometricComponent":"{1, 2}",
					"SortedReprnIndices":"{1, 2, 3, 4, 5}",
					"Abelian":false,
					"Obstruction":-1,
					"ij_list":[
						[
							"{1, 2}"
						],
						[
							"{1, 3}",
							"{3, 7}",
							"{4, 6}",
							"{4, 7}"
						],
						[
							"{1, 4}",
							"{3, 6}"
						],
						[
							"{1, 5}"
						],
						[
							"{1, 6}"
						],
						[
							"{1, 7}",
							"{2, 3}",
							"{3, 4}",
							"{6, 7}"
						],
						[
							"{2, 4}"
						],
						[
							"{2, 5}"
						],
						[
							"{2, 6}"
						],
						[
							"{2, 7}"
						],
						[
							"{3, 5}"
						],
						[
							"{4, 5}"
						],
						[
							"{5, 6}"
						],
						[
							"{5, 7}"
						]
					],
					"uPolys_ij_N":[
						"1 + 3*u + 3*u^2 + 4*u^3 + u^4 + u^5",
						"1 + 3*u + 3*u^2 + 4*u^3 + u^4 + u^5",
						"1 - u - u^2 + 10*u^3 - u^4 + u^5",
						"1 + u - u^2 + u^4 + u^5",
						"3 + 5*u - 9*u^2 - 2*u^3 + 3*u^4 + u^5",
						"1 + 3*u - 13*u^2 + 16*u^3 - 7*u^4 + u^5",
						"3 + 5*u - 9*u^2 - 2*u^3 + 3*u^4 + u^5",
						"1 + u - u^2 + u^4 + u^5",
						"1 + u - u^2 + u^4 + u^5",
						"1 - u - u^2 + 10*u^3 - u^4 + u^5",
						"3 + 5*u - 9*u^2 - 2*u^3 + 3*u^4 + u^5",
						"1 + 3*u - 13*u^2 + 16*u^3 - 7*u^4 + u^5",
						"1 + 3*u + 3*u^2 + 4*u^3 + u^4 + u^5",
						"1 - u - u^2 + 10*u^3 - u^4 + u^5"
					],
					"uPolysN":[
						"1 + u - u^2 + u^4 + u^5",
						"1 - 3*u + 3*u^2 - 4*u^3 + u^4 - u^5",
						"1 + 3*u + 3*u^2 + 4*u^3 + u^4 + u^5",
						"1 + 3*u + 3*u^2 + 4*u^3 + u^4 + u^5",
						"1 - u - u^2 + u^4 - u^5",
						"1 - 3*u + 3*u^2 - 4*u^3 + u^4 - u^5",
						"1 - 3*u + 3*u^2 - 4*u^3 + u^4 - u^5"
					]
				},
				{
					"IdealName":"abJ7_2_1",
					"Generators":[
						"-1 + v"
					],
					"VariableOrder":[
						"v"
					],
					"Characteristic":0,
					"KnownGroebner":[],
					"Status":[
						"vCompNormalize"
					],
					"MonomialOrder":"lex",
					"IsHomogeneous":false,
					"IsZeroDim":true,
					"IdealDimension":0,
					"ZeroDimensionalVars":[
						"v"
					],
					"Timings":{
						"TimingmagmaVCompNormalize":7.48e-4,
						"TimingComplexVolumeN":5.6708e-2,
						"TimingObstruction":1.41e-4,
						"TiminguValues_ij":1.18e-4,
						"TiminguPolys_ij_N":1.2e-5
					},
					"ComplexVolumeN":"{0}",
					"GeometricComponent":0,
					"SortedReprnIndices":"{1}",
					"Abelian":true,
					"Obstruction":1,
					"ij_list":[
						[
							"{1, 2}",
							"{1, 3}",
							"{1, 4}",
							"{1, 5}",
							"{1, 6}",
							"{1, 7}",
							"{2, 3}",
							"{2, 4}",
							"{2, 5}",
							"{2, 6}",
							"{2, 7}",
							"{3, 4}",
							"{3, 5}",
							"{3, 6}",
							"{3, 7}",
							"{4, 5}",
							"{4, 6}",
							"{4, 7}",
							"{5, 6}",
							"{5, 7}",
							"{6, 7}"
						]
					],
					"uPolys_ij_N":[
						"u"
					],
					"uPolysN":[
						"u",
						"-u",
						"u",
						"u",
						"-u",
						"-u",
						"-u"
					]
				}
			],
			"uPolyC":[
				"1 + u - u^2 + u^4 + u^5",
				"1 - 3*u + 3*u^2 - 4*u^3 + u^4 - u^5",
				"1 + 3*u + 3*u^2 + 4*u^3 + u^4 + u^5",
				"1 + 3*u + 3*u^2 + 4*u^3 + u^4 + u^5",
				"1 - u - u^2 + u^4 - u^5",
				"1 - 3*u + 3*u^2 - 4*u^3 + u^4 - u^5",
				"1 - 3*u + 3*u^2 - 4*u^3 + u^4 - u^5"
			],
			"RileyPolyC":[
				"-1 + 3*y - 3*y^2 + 4*y^3 - y^4 + y^5",
				"1 - 3*y - 13*y^2 - 16*y^3 - 7*y^4 - y^5",
				"-1 + 3*y + 13*y^2 + 16*y^3 + 7*y^4 + y^5",
				"-1 + 3*y + 13*y^2 + 16*y^3 + 7*y^4 + y^5",
				"1 - 3*y + 3*y^2 - 4*y^3 + y^4 - y^5",
				"1 - 3*y - 13*y^2 - 16*y^3 - 7*y^4 - y^5",
				"1 - 3*y - 13*y^2 - 16*y^3 - 7*y^4 - y^5"
			]
		}
	]
}