{
	"Index":10,
	"Name":"7_3",
	"Hyperbolic":true,
	"Torus":false,
	"Satellite":false,
	"Diagrams":[
		{
			"Scode":"{8, 10, 14, 12, 2, 4, 6}",
			"Acode":"{5, 6, 1, 7, 2, 3, 4}",
			"PDcode":[
				"{1, 9, 2, 8}",
				"{3, 11, 4, 10}",
				"{5, 1, 6, 14}",
				"{7, 13, 8, 12}",
				"{9, 3, 10, 2}",
				"{11, 5, 12, 4}",
				"{13, 7, 14, 6}"
			],
			"SolvingSeqs":[
				[
					"{5, 7}",
					[],
					[
						"{5, 7, 4, 2}",
						"{7, 4, 1, 1}",
						"{1, 5, 2, 1}",
						"{4, 1, 3, 2}",
						"{7, 3, 6, 2}"
					],
					"{5}",
					"{2}",
					2
				]
			],
			"GeometricRepresentation":{
				"Volume":4.592125697027062550196613994655473732354360326543270894426065765041363091864797025835868422067745209380893891239920270993099,
				"ChernSimons":-3.695578187060886850348750863443284611934215975462796278633106380538998171670484174803342875384458252997584708413296463019366
			}
		}
	],
	"ParabolicReps":[
		{
			"DiagramIdx":1,
			"SolvingSeqIdx":1,
			"u":{
				"CheckEq":[
					"1 - u*(1 + u^2)^2 + (-2*u - u^3)*(u + u^3)",
					"-u + (u + u^3)^2 - u*(1 + u^2)*(-u^2 - u*(u + u^3))"
				],
				"TimingForPrimaryIdeals":3.5164e-2
			},
			"v":{
				"CheckEq":[
					"1 - v"
				],
				"TimingForPrimaryIdeals":3.5504e-2
			},
			"PrimaryIdeals":[
				{
					"IdealName":"J7_3_0",
					"Generators":[
						"-1 + u + 2*u^2 + 2*u^3 + 3*u^4 + u^5 + u^6"
					],
					"VariableOrder":[
						"u"
					],
					"Characteristic":0,
					"KnownGroebner":[],
					"Status":[
						"vCompNormalize"
					],
					"MonomialOrder":"lex",
					"IsHomogeneous":false,
					"IsZeroDim":true,
					"IdealDimension":0,
					"ZeroDimensionalVars":[
						"u"
					],
					"Timings":{
						"TimingmagmaVCompNormalize":5.37e-4,
						"TimingComplexVolumeN":0.448718,
						"TimingObstruction":1.219e-3,
						"TiminguValues_ij":3.52e-4,
						"TiminguPolys_ij_N":2.254e-3
					},
					"ComplexVolumeN":[
						-7.660086295534163187972546010066815151050586727349858243189377289296061382406455228171140188831737322141753442640187294325536,
						"-3.695578187060886850348750863443284611934215975462796278633106380538998171670484174803342875384458252997584708413296463019366071655668208`123.63700279161787 - 4.59212569702706255019661399465547373235436032654327089442606576504136309186479702583586842206774520938089389123992027099309895878179964`123.78599975044874*I",
						"-3.695578187060886850348750863443284611934215975462796278633106380538998171670484174803342875384458252997584708413296463002505946730326264`115.2609022173498 + 4.592125697027062550196613994655473732354360326543270894426065765041363091864797025835868422067745209380893891239920270982198487134871792`115.35523358969941*I",
						"2.960244627649268595791475194467106453013486706937693416217349575296381501341659190566175369842661107557119050199229147618648758537129387`119.6057968904214 + 1.972411763840850097357997743316895886059326492494089402648521267558466514918769735296516906110326482620235000809228855452812033060793072`119.42948628295642*I",
						"2.960244627649268595791475194467106453013486706937693416217349575296381501341659190566175369842661107557119050199229147618666549001580442`122.83640611931533 - 1.972411763840850097357997743316895886059326492494089402648521267558466514918769735296516906110326482620235000809228855452843286918502266`122.69764706705189*I",
						-0.738850986731958921747393651856979666421654142840726658392458476438750099355100046356298203803220618801341154705701219
					],
					"GeometricComponent":"{2, 3}",
					"SortedReprnIndices":"{3, 2, 4, 5, 1, 6}",
					"Abelian":false,
					"Obstruction":-1,
					"ij_list":[
						[
							"{1, 2}"
						],
						[
							"{1, 3}"
						],
						[
							"{1, 4}",
							"{4, 7}",
							"{5, 7}"
						],
						[
							"{1, 5}",
							"{2, 5}"
						],
						[
							"{1, 6}"
						],
						[
							"{1, 7}",
							"{4, 5}"
						],
						[
							"{2, 3}"
						],
						[
							"{2, 4}"
						],
						[
							"{2, 6}"
						],
						[
							"{2, 7}"
						],
						[
							"{3, 4}"
						],
						[
							"{3, 5}"
						],
						[
							"{3, 6}"
						],
						[
							"{3, 7}"
						],
						[
							"{4, 6}"
						],
						[
							"{5, 6}"
						],
						[
							"{6, 7}"
						]
					],
					"uPolys_ij_N":[
						"1 + 5*u + 6*u^2 + 16*u^3 + 17*u^4 + 7*u^5 + u^6",
						"-1 - u + 2*u^2 - 2*u^3 + 3*u^4 - u^5 + u^6",
						"-1 - u + 2*u^2 - 2*u^3 + 3*u^4 - u^5 + u^6",
						"-1 - u + 2*u^2 - 2*u^3 - 3*u^4 + u^5 + u^6",
						"3 + u - 14*u^2 + 14*u^3 - u^4 - 3*u^5 + u^6",
						"1 + 5*u - 6*u^2 - 4*u^3 + 9*u^4 - 5*u^5 + u^6",
						"1 + 5*u + 6*u^2 + 16*u^3 + 17*u^4 + 7*u^5 + u^6",
						"1 + 5*u + 2*u^2 - 10*u^3 + 7*u^4 + 3*u^5 + u^6",
						"-1 - u + 2*u^2 - 2*u^3 - 3*u^4 + u^5 + u^6",
						"3 + u - 14*u^2 + 14*u^3 - u^4 - 3*u^5 + u^6",
						"1 + 5*u - 6*u^2 - 4*u^3 + 9*u^4 - 5*u^5 + u^6",
						"3 + u - 14*u^2 + 14*u^3 - u^4 - 3*u^5 + u^6",
						"-1 - u + 2*u^2 - 2*u^3 - 3*u^4 + u^5 + u^6",
						"-1 - u + 2*u^2 - 2*u^3 - 3*u^4 + u^5 + u^6",
						"1 + 5*u + 2*u^2 - 10*u^3 + 7*u^4 + 3*u^5 + u^6",
						"1 + 5*u + 6*u^2 + 16*u^3 + 17*u^4 + 7*u^5 + u^6",
						"1 + 5*u + 6*u^2 + 16*u^3 + 17*u^4 + 7*u^5 + u^6"
					],
					"uPolysN":[
						"-1 - u + 2*u^2 - 2*u^3 - 3*u^4 + u^5 + u^6",
						"-1 - u + 2*u^2 - 2*u^3 - 3*u^4 + u^5 + u^6",
						"1 - u - 2*u^2 - 2*u^3 - 3*u^4 - u^5 - u^6",
						"-1 - u + 2*u^2 - 2*u^3 + 3*u^4 - u^5 + u^6",
						"1 - u - 2*u^2 - 2*u^3 + 3*u^4 + u^5 - u^6",
						"1 - u - 2*u^2 - 2*u^3 + 3*u^4 + u^5 - u^6",
						"1 - u - 2*u^2 - 2*u^3 - 3*u^4 - u^5 - u^6"
					]
				},
				{
					"IdealName":"abJ7_3_1",
					"Generators":[
						"-1 + v"
					],
					"VariableOrder":[
						"v"
					],
					"Characteristic":0,
					"KnownGroebner":[],
					"Status":[
						"vCompNormalize"
					],
					"MonomialOrder":"lex",
					"IsHomogeneous":false,
					"IsZeroDim":true,
					"IdealDimension":0,
					"ZeroDimensionalVars":[
						"v"
					],
					"Timings":{
						"TimingmagmaVCompNormalize":3.84e-4,
						"TimingComplexVolumeN":5.2054e-2,
						"TimingObstruction":1.36e-4,
						"TiminguValues_ij":1.19e-4,
						"TiminguPolys_ij_N":1.1e-5
					},
					"ComplexVolumeN":"{0}",
					"GeometricComponent":0,
					"SortedReprnIndices":"{1}",
					"Abelian":true,
					"Obstruction":1,
					"ij_list":[
						[
							"{1, 2}",
							"{1, 3}",
							"{1, 4}",
							"{1, 5}",
							"{1, 6}",
							"{1, 7}",
							"{2, 3}",
							"{2, 4}",
							"{2, 5}",
							"{2, 6}",
							"{2, 7}",
							"{3, 4}",
							"{3, 5}",
							"{3, 6}",
							"{3, 7}",
							"{4, 5}",
							"{4, 6}",
							"{4, 7}",
							"{5, 6}",
							"{5, 7}",
							"{6, 7}"
						]
					],
					"uPolys_ij_N":[
						"u"
					],
					"uPolysN":[
						"u",
						"u",
						"-u",
						"u",
						"-u",
						"-u",
						"-u"
					]
				}
			],
			"uPolyC":[
				"-1 - u + 2*u^2 - 2*u^3 - 3*u^4 + u^5 + u^6",
				"-1 - u + 2*u^2 - 2*u^3 - 3*u^4 + u^5 + u^6",
				"1 - u - 2*u^2 - 2*u^3 - 3*u^4 - u^5 - u^6",
				"-1 - u + 2*u^2 - 2*u^3 + 3*u^4 - u^5 + u^6",
				"1 - u - 2*u^2 - 2*u^3 + 3*u^4 + u^5 - u^6",
				"1 - u - 2*u^2 - 2*u^3 + 3*u^4 + u^5 - u^6",
				"1 - u - 2*u^2 - 2*u^3 - 3*u^4 - u^5 - u^6"
			],
			"RileyPolyC":[
				"1 - 5*y + 6*y^2 - 16*y^3 + 17*y^4 - 7*y^5 + y^6",
				"1 - 5*y + 6*y^2 - 16*y^3 + 17*y^4 - 7*y^5 + y^6",
				"-1 + 5*y + 6*y^2 - 4*y^3 - 9*y^4 - 5*y^5 - y^6",
				"1 - 5*y - 6*y^2 + 4*y^3 + 9*y^4 + 5*y^5 + y^6",
				"-1 + 5*y - 6*y^2 + 16*y^3 - 17*y^4 + 7*y^5 - y^6",
				"-1 + 5*y - 6*y^2 + 16*y^3 - 17*y^4 + 7*y^5 - y^6",
				"-1 + 5*y + 6*y^2 - 4*y^3 - 9*y^4 - 5*y^5 - y^6"
			]
		}
	]
}