{
	"Index":11,
	"Name":"7_4",
	"Hyperbolic":true,
	"Torus":false,
	"Satellite":false,
	"Diagrams":[
		{
			"Scode":"{10, 8, 14, 12, 2, 4, 6}",
			"Acode":"{6, 5, 1, 7, 2, 3, 4}",
			"PDcode":[
				"{1, 11, 2, 10}",
				"{3, 9, 4, 8}",
				"{5, 1, 6, 14}",
				"{7, 13, 8, 12}",
				"{9, 3, 10, 2}",
				"{11, 5, 12, 4}",
				"{13, 7, 14, 6}"
			],
			"SolvingSeqs":[
				[
					"{3, 5}",
					[],
					[
						"{3, 5, 2, 2}",
						"{5, 2, 6, 1}",
						"{6, 3, 7, 1}",
						"{2, 6, 1, 2}",
						"{5, 7, 4, 2}"
					],
					"{3}",
					"{7}",
					7
				]
			],
			"GeometricRepresentation":{
				"Volume":5.13794120187341776984134833947484503564967509273571236859774806067858030762351888625844330986910496952287977793309846145064,
				"ChernSimons":9.44073665323226262701239907797107412229408481668330349852763187606756384079991060125010526574527574898048314306463304441248
			}
		}
	],
	"ParabolicReps":[
		{
			"DiagramIdx":1,
			"SolvingSeqIdx":1,
			"u":{
				"CheckEq":[
					"1 - u*(-2*u - u^3)^2 + (1 + u^2)*(-u^2 - u*(u + u^3))",
					"-u - u*(-2*u - u^3)*(u + u^3) + (-u^2 - u*(u + u^3))^2"
				],
				"TimingForPrimaryIdeals":3.3882e-2
			},
			"v":{
				"CheckEq":[
					"1 - v"
				],
				"TimingForPrimaryIdeals":3.2635e-2
			},
			"PrimaryIdeals":[
				{
					"IdealName":"J7_4_0",
					"Generators":[
						"-1 + 2*u + u^3"
					],
					"VariableOrder":[
						"u"
					],
					"Characteristic":0,
					"KnownGroebner":[],
					"Status":[
						"vCompNormalize"
					],
					"MonomialOrder":"lex",
					"IsHomogeneous":false,
					"IsZeroDim":true,
					"IdealDimension":0,
					"ZeroDimensionalVars":[
						"u"
					],
					"Timings":{
						"TimingmagmaVCompNormalize":4.18e-4,
						"TimingComplexVolumeN":0.272802,
						"TimingObstruction":6.64e-4,
						"TiminguValues_ij":3.61e-4,
						"TiminguPolys_ij_N":1.147e-3
					},
					"ComplexVolumeN":[
						"9.440736653232262627012399077971074122294084816683303498527631876067563840799910601250105265745275748980483143064633044412482306379004986`123.06103265365333 - 5.137941201873417769841348339474845035649675092735712368597748060678580307623518886258443309869104969522879777933098461450639927601887318`122.82623714638854*I",
						"9.440736653232262627012399077971074122294084816683303498527631876067563840799910601250105265745275748980483143064564631656789469115111519`109.50856688157579 + 5.137941201873417769841348339474845035649675092735712368597748060678580307623518886258443309869104969522879777933013170222725357949307701`109.24435012823241*I",
						-0.787198571134034452828231322835871163179720720091824181964123229065045507164611590330292624673205739616918777544
					],
					"GeometricComponent":"{1, 2}",
					"SortedReprnIndices":"{2, 1, 3}",
					"Abelian":false,
					"Obstruction":-1,
					"ij_list":[
						[
							"{1, 2}"
						],
						[
							"{1, 3}"
						],
						[
							"{1, 4}"
						],
						[
							"{1, 5}"
						],
						[
							"{1, 6}"
						],
						[
							"{1, 7}"
						],
						[
							"{2, 3}",
							"{5, 6}"
						],
						[
							"{2, 4}"
						],
						[
							"{2, 5}",
							"{2, 6}",
							"{3, 5}"
						],
						[
							"{2, 7}"
						],
						[
							"{3, 4}"
						],
						[
							"{3, 6}",
							"{3, 7}"
						],
						[
							"{4, 5}"
						],
						[
							"{4, 6}"
						],
						[
							"{4, 7}"
						],
						[
							"{5, 7}"
						],
						[
							"{6, 7}"
						]
					],
					"uPolys_ij_N":[
						"1 + 4*u - 4*u^2 + u^3",
						"1 + 2*u + u^3",
						"1 + 2*u + u^3",
						"2 + 5*u + 3*u^2 + u^3",
						"1 + 2*u + u^3",
						"1 + 4*u - 4*u^2 + u^3",
						"1 + 4*u - 4*u^2 + u^3",
						"4 + 13*u - u^2 + u^3",
						"1 + 2*u + u^3",
						"4 + 14*u + 7*u^2 + u^3",
						"1 + 4*u - 4*u^2 + u^3",
						"2 + 5*u + 3*u^2 + u^3",
						"1 + 4*u - 4*u^2 + u^3",
						"4 + 14*u + 7*u^2 + u^3",
						"1 + 2*u + u^3",
						"1 + 2*u + u^3",
						"4 + 13*u - u^2 + u^3"
					],
					"uPolysN":[
						"1 + 2*u + u^3",
						"1 + 2*u + u^3",
						"1 - 2*u - u^3",
						"1 + 2*u + u^3",
						"1 - 2*u - u^3",
						"2 - 5*u + 3*u^2 - u^3",
						"1 - 2*u - u^3"
					]
				},
				{
					"IdealName":"J7_4_1",
					"Generators":[
						"1 + 2*u + 2*u^2 + u^3 + u^4"
					],
					"VariableOrder":[
						"u"
					],
					"Characteristic":0,
					"KnownGroebner":[],
					"Status":[
						"vCompNormalize"
					],
					"MonomialOrder":"lex",
					"IsHomogeneous":false,
					"IsZeroDim":true,
					"IdealDimension":0,
					"ZeroDimensionalVars":[
						"u"
					],
					"Timings":{
						"TimingmagmaVCompNormalize":3.84e-4,
						"TimingComplexVolumeN":0.293252,
						"TimingObstruction":8.88e-4,
						"TiminguValues_ij":3.31e-4,
						"TiminguPolys_ij_N":1.585e-3
					},
					"ComplexVolumeN":[
						"3.289868133696452872944830333292050378437899802413596875471116458740014940806401747667257801239517410608008637924674381359256708042990131`120.31393810754777 - 2.029883212819307250042405108549040571883378615060599584034978213553194952516488044272940708456513389891723655062719775251950753645287112`120.1045475073026*I",
						"3.289868133696452872944830333292050378437899802413596875471116458740014940806401747667257801239517410608008637924674380788034672805539458`115.4599227756519 + 2.029883212819307250042405108549040571883378615060599584034978213553194952516488044272940708456513389891723655062719775251232615481857891`115.2502153371639*I",
						"3.289868133696452872944830333292050378437899802413596875471116458740014940806401747667257801239517410608008637924666652788654037245567146`108.55800956980298 + 2.029883212819307250042405108549040571883378615060599584034978213553194952516488044272940708456513389891723655061627596712255875645616548`108.34830213109329*I",
						"3.289868133696452872944830333292050378437899802413596875471116458740014940806401747667257801239517410608008637924674381359257444686866905`122.73718909693937 - 2.029883212819307250042405108549040571883378615060599584034978213553194952516488044272940708456513389891723655062719775251950711298584743`122.56266074285287*I"
					],
					"GeometricComponent":0,
					"SortedReprnIndices":"{2, 3, 1, 4}",
					"Abelian":false,
					"Obstruction":-1,
					"ij_list":[
						[
							"{1, 2}"
						],
						[
							"{1, 3}"
						],
						[
							"{1, 4}"
						],
						[
							"{1, 5}"
						],
						[
							"{1, 6}"
						],
						[
							"{1, 7}"
						],
						[
							"{2, 3}",
							"{5, 6}"
						],
						[
							"{2, 4}"
						],
						[
							"{2, 5}",
							"{2, 6}",
							"{3, 5}"
						],
						[
							"{2, 7}"
						],
						[
							"{3, 4}"
						],
						[
							"{3, 6}",
							"{3, 7}"
						],
						[
							"{4, 5}"
						],
						[
							"{4, 6}"
						],
						[
							"{4, 7}"
						],
						[
							"{5, 7}"
						],
						[
							"{6, 7}"
						]
					],
					"uPolys_ij_N":[
						"1 + 2*u^2 - 3*u^3 + u^4",
						"1 - 2*u + 2*u^2 - u^3 + u^4",
						"1 - 2*u + 2*u^2 - u^3 + u^4",
						"1 - 2*u + 3*u^2 - 2*u^3 + u^4",
						"1 - 2*u + 2*u^2 - u^3 + u^4",
						"1 + 2*u^2 - 3*u^3 + u^4",
						"1 + 2*u^2 - 3*u^3 + u^4",
						"1 - 2*u + 3*u^2 - 2*u^3 + u^4",
						"1 - 2*u + 2*u^2 - u^3 + u^4",
						"1 - 4*u + 6*u^2 - 4*u^3 + u^4",
						"1 + 2*u^2 - 3*u^3 + u^4",
						"1 - 2*u + 3*u^2 - 2*u^3 + u^4",
						"1 + 2*u^2 - 3*u^3 + u^4",
						"1 - 4*u + 6*u^2 - 4*u^3 + u^4",
						"1 - 2*u + 2*u^2 - u^3 + u^4",
						"1 - 2*u + 2*u^2 - u^3 + u^4",
						"1 - 2*u + 3*u^2 - 2*u^3 + u^4"
					],
					"uPolysN":[
						"1 - 2*u + 2*u^2 - u^3 + u^4",
						"1 - 2*u + 2*u^2 - u^3 + u^4",
						"1 + 2*u + 2*u^2 + u^3 + u^4",
						"1 - 2*u + 2*u^2 - u^3 + u^4",
						"1 + 2*u + 2*u^2 + u^3 + u^4",
						"1 + 2*u + 3*u^2 + 2*u^3 + u^4",
						"1 + 2*u + 2*u^2 + u^3 + u^4"
					]
				},
				{
					"IdealName":"abJ7_4_2",
					"Generators":[
						"-1 + v"
					],
					"VariableOrder":[
						"v"
					],
					"Characteristic":0,
					"KnownGroebner":[],
					"Status":[
						"vCompNormalize"
					],