{
	"Index":12,
	"Name":"7_5",
	"Hyperbolic":true,
	"Torus":false,
	"Satellite":false,
	"Diagrams":[
		{
			"Scode":"{8, 14, 12, 10, 2, 4, 6}",
			"Acode":"{5, 1, 7, 6, 2, 3, 4}",
			"PDcode":[
				"{1, 9, 2, 8}",
				"{3, 1, 4, 14}",
				"{5, 13, 6, 12}",
				"{7, 11, 8, 10}",
				"{9, 3, 10, 2}",
				"{11, 5, 12, 4}",
				"{13, 7, 14, 6}"
			],
			"SolvingSeqs":[
				[
					"{1, 4}",
					[],
					[
						"{1, 4, 7, 2}",
						"{4, 7, 3, 2}",
						"{3, 1, 2, 2}",
						"{7, 3, 6, 2}",
						"{4, 6, 5, 1}"
					],
					"{1}",
					"{5}",
					5
				]
			],
			"GeometricRepresentation":{
				"Volume":6.4435373808505730861433217166220580738732173682263229369631879809753221475587604386071102177145755945539878865704428127567,
				"ChernSimons":-2.3796774707473914040080052735273368559995144329752880053273080632025402205334330239444456435068946953614767136492439319201
			}
		}
	],
	"ParabolicReps":[
		{
			"DiagramIdx":1,
			"SolvingSeqIdx":1,
			"u":{
				"CheckEq":[
					"1 - 2*u + u^3 - u*(1 - u^2)^2*(u - u*(1 - u^2)*(-u^2 - u*(u - u^3)))",
					"-u + u^3 + (u - u*(1 - u^2)*(-u^2 - u*(u - u^3)))^2"
				],
				"TimingForPrimaryIdeals":3.4149e-2
			},
			"v":{
				"CheckEq":[
					"1 - v"
				],
				"TimingForPrimaryIdeals":3.1581e-2
			},
			"PrimaryIdeals":[
				{
					"IdealName":"J7_5_0",
					"Generators":[
						"-1 + 2*u + 3*u^4 - 2*u^5 - 3*u^6 + u^7 + u^8"
					],
					"VariableOrder":[
						"u"
					],
					"Characteristic":0,
					"KnownGroebner":[],
					"Status":[
						"vCompNormalize"
					],
					"MonomialOrder":"lex",
					"IsHomogeneous":false,
					"IsZeroDim":true,
					"IdealDimension":0,
					"ZeroDimensionalVars":[
						"u"
					],
					"Timings":{
						"TimingmagmaVCompNormalize":4.07e-4,
						"TimingComplexVolumeN":0.620192,
						"TimingObstruction":1.671e-3,
						"TiminguValues_ij":3.53e-4,
						"TiminguPolys_ij_N":3.304e-3
					},
					"ComplexVolumeN":[
						-6.50273062982475894176847669920016227632448968274354510892080190227530471983574389586298125835168725743447237803274831471059,
						"-2.379677470747391404008005273527336855999514432975288005327308063202540220533433023944445643506894695361476713649243931920050621786633866`121.54309727712695 - 6.443537380850573086143321716622058073873217368226322936963187980975322147558760438607110217714575594553987886570442812756738695291661534`121.99313918671332*I",
						"-2.379677470747391404008005273527336855999514432975288005327308063202540220533433023944445643506894695361476713649243931926011900278902701`114.10568440683451 + 6.443537380850573086143321716622058073873217368226322936963187980975322147558760438607110217714575594553987886570442812874067424230361917`114.53829066050635*I",
						"2.159413390632406115433278849669306184663805078167887896891831045000133830268237503818903159650515199907895388698438927983981597227044003`122.85122199444267 + 2.578494122738030479332384497411299838518280058404742247217919784730419015565040353193661981186968934105719690769260718076266891666404506`122.97088748881579*I",
						"2.1594133906324061154332788496693061846638050781678878968918310450001338302682375038189031596505151999078951015324295`104.50517651612262 - 2.578494122738030479332384497411299838518280058404742247217919784730419015565040353193661981186968934105719468961185`104.58220687183511*I",
						-0.84503554661893714625904260299069229838946994951520068260350972745180035995181622294135407239813706679713738233362,
						"-1.040655032207845976828759424984617608964160532683622309009041855044063481050627041973176552627984458342626751753022399320488623091598063`121.58852802563067 + 1.131233638598146604494633020332819833033048548916892297898930787708725942078515425050838747106111505260658691330593184977621426421393251`121.67189037854278*I",
						"-1.040655032207845976828759424984617608964160532683622309009041855044063481050627041973176552627984458342626751753022399320488324330982753`117.13584801752819 - 1.131233638598146604494633020332819833033048548916892297898930787708725942078515425050838747106111505260658691330593184977621463718230322`117.17209411808062*I"
					],
					"GeometricComponent":"{2, 3}",
					"SortedReprnIndices":"{3, 2, 4, 5, 7, 8, 1, 6}",
					"Abelian":false,
					"Obstruction":-1,
					"ij_list":[
						[
							"{1, 2}",
							"{1, 3}"
						],
						[
							"{1, 4}",
							"{3, 7}",
							"{4, 7}"
						],
						[
							"{1, 5}"
						],
						[
							"{1, 6}"
						],
						[
							"{1, 7}",
							"{3, 4}"
						],
						[
							"{2, 3}"
						],
						[
							"{2, 4}"
						],
						[
							"{2, 5}"
						],
						[
							"{2, 6}"
						],
						[
							"{2, 7}"
						],
						[
							"{3, 5}"
						],
						[
							"{3, 6}"
						],
						[
							"{4, 5}"
						],
						[
							"{4, 6}"
						],
						[
							"{5, 6}"
						],
						[
							"{5, 7}"
						],
						[
							"{6, 7}"
						]
					],
					"uPolys_ij_N":[
						"1 + 4*u + 6*u^2 + 10*u^3 + 11*u^4 + 10*u^5 + 7*u^6 + 3*u^7 + u^8",
						"-1 - 2*u + 3*u^4 + 2*u^5 - 3*u^6 - u^7 + u^8",
						"-1 - 2*u + 2*u^3 + u^4 - 2*u^5 - u^6 + u^7 + u^8",
						"1 + 8*u + 18*u^2 + 8*u^3 - 9*u^4 - 8*u^5 + u^6 + 3*u^7 + u^8",
						"1 + 4*u - 6*u^2 - 14*u^3 + 3*u^4 + 22*u^5 + 19*u^6 + 7*u^7 + u^8",
						"1 + 4*u - 22*u^2 + 34*u^3 - 17*u^4 - 6*u^5 + 11*u^6 - 5*u^7 + u^8",
						"1 + 8*u + 18*u^2 + 8*u^3 - 9*u^4 - 8*u^5 + u^6 + 3*u^7 + u^8",
						"-1 - 2*u + 2*u^3 + u^4 - 2*u^5 - u^6 + u^7 + u^8",
						"-1 - 2*u + 2*u^3 + u^4 - 2*u^5 - u^6 + u^7 + u^8",
						"1 - 2*u - 4*u^2 + 22*u^3 + 39*u^4 + 18*u^5 + 3*u^6 + u^7 + u^8",
						"1 + 8*u + 18*u^2 + 8*u^3 - 9*u^4 - 8*u^5 + u^6 + 3*u^7 + u^8",
						"-1 - 2*u + 3*u^4 + 2*u^5 - 3*u^6 - u^7 + u^8",
						"1 + 4*u - 22*u^2 + 34*u^3 - 17*u^4 - 6*u^5 + 11*u^6 - 5*u^7 + u^8",
						"1 + 4*u + 6*u^2 + 10*u^3 + 11*u^4 + 10*u^5 + 7*u^6 + 3*u^7 + u^8",
						"1 + 4*u + 6*u^2 + 10*u^3 + 11*u^4 + 10*u^5 + 7*u^6 + 3*u^7 + u^8",
						"1 - 2*u - 4*u^2 + 22*u^3 + 39*u^4 + 18*u^5 + 3*u^6 + u^7 + u^8",
						"1 + 4*u - 6*u^2 - 14*u^3 + 3*u^4 + 22*u^5 + 19*u^6 + 7*u^7 + u^8"
					],
					"uPolysN":[
						"-1 - 2*u + 2*u^3 + u^4 - 2*u^5 - u^6 + u^7 + u^8",
						"1 - 4*u + 6*u^2 - 10*u^3 + 11*u^4 - 10*u^5 + 7*u^6 - 3*u^7 + u^8",
						"-1 - 2*u + 3*u^4 + 2*u^5 - 3*u^6 - u^7 + u^8",
						"1 + 4*u + 6*u^2 + 10*u^3 + 11*u^4 + 10*u^5 + 7*u^6 + 3*u^7 + u^8",
						"1 - 2*u + 2*u^3 - u^4 - 2*u^5 + u^6 + u^7 - u^8",
						"1 - 2*u - 3*u^4 + 2*u^5 + 3*u^6 - u^7 - u^8",
						"1 - 2*u - 3*u^4 + 2*u^5 + 3*u^6 - u^7 - u^8"
					]
				},
				{
					"IdealName":"abJ7_5_1",
					"Generators":[
						"-1 + v"
					],
					"VariableOrder":[
						"v"
					],
					"Characteristic":0,
					"KnownGroebner":[],
					"Status":[
						"vCompNormalize"
					],
					"MonomialOrder":"lex",
					"IsHomogeneous":false,
					"IsZeroDim":true,
					"IdealDimension":0,
					"ZeroDimensionalVars":[
						"v"
					],
					"Timings":{
						"TimingmagmaVCompNormalize":5.9e-4,
						"TimingComplexVolumeN":6.1007e-2,
						"TimingObstruction":1.36e-4,
						"TiminguValues_ij":1.23e-4,
						"TiminguPolys_ij_N":1.1e-5
					},
					"ComplexVolumeN":"{0}",
					"GeometricComponent":0,
					"SortedReprnIndices":"{1}",
					"Abelian":true,
					"Obstruction":1,
					"ij_list":[
						[
							"{1, 2}",
							"{1, 3}",
							"{1, 4}",
							"{1, 5}",
							"{1, 6}",
							"{1, 7}",
							"{2, 3}",
							"{2, 4}",
							"{2, 5}",
							"{2, 6}",
							"{2, 7}",
							"{3, 4}",
							"{3, 5}",
							"{3, 6}",
							"{3, 7}",
							"{4, 5}",
							"{4, 6}",
							"{4, 7}",
							"{5, 6}",
							"{5, 7}",
							"{6, 7}"
						]
					],
					"uPolys_ij_N":[
						"u"
					],
					"uPolysN":[
						"u",
						"-u",
						"u",
						"u",
						"-u",
						"-u",
						"-u"
					]
				}
			],