{
	"Index":13,
	"Name":"7_6",
	"Hyperbolic":true,
	"Torus":false,
	"Satellite":false,
	"Diagrams":[
		{
			"Scode":"{6, 14, 10, 2, -12, 4, -8}",
			"Acode":"{4, 1, 6, 2, -7, 3, -5}",
			"PDcode":[
				"{1, 7, 2, 6}",
				"{3, 1, 4, 14}",
				"{5, 11, 6, 10}",
				"{7, 3, 8, 2}",
				"{9, 12, 10, 13}",
				"{11, 5, 12, 4}",
				"{13, 8, 14, 9}"
			],
			"SolvingSeqs":[
				[
					"{3, 7}",
					[],
					[
						"{7, 3, 6, 2}",
						"{3, 6, 4, 1}",
						"{6, -7, 5, 2}",
						"{7, -5, 1, 1}",
						"{3, 1, 2, 2}"
					],
					"{1}",
					"{4}",
					4
				]
			],
			"GeometricRepresentation":{
				"Volume":7.084925953510830364728651465842946535803269264618714410392357288452730211130714737471818401211189052823614,
				"ChernSimons":-3.598125959768096778295410824549123173716728250463684048827169421914492080917560827781024897021011899138406
			}
		}
	],
	"ParabolicReps":[
		{
			"DiagramIdx":1,
			"SolvingSeqIdx":1,
			"u":{
				"CheckEq":[
					"u + u^2*(u + u^3) + (u + u^2*(u + u^3))^2 + u^2*(u^5 - (1 + u^2)*(u + u^2*(u + u^3)))",
					"-1 + u^3 + u^3*(u + u^2*(u + u^3)) + (1 + u^2)*(u^5 - (1 + u^2)*(u + u^2*(u + u^3)))"
				],
				"TimingForPrimaryIdeals":5.1985e-2
			},
			"v":{
				"CheckEq":[
					"-1 + v"
				],
				"TimingForPrimaryIdeals":3.4596e-2
			},
			"PrimaryIdeals":[
				{
					"IdealName":"J7_6_0",
					"Generators":[
						"1 + u + 2*u^3 - u^4 + 3*u^5 - u^6 + 2*u^7 - u^8 + u^9"
					],
					"VariableOrder":[
						"u"
					],
					"Characteristic":0,
					"KnownGroebner":[],
					"Status":[
						"vCompNormalize"
					],
					"MonomialOrder":"lex",
					"IsHomogeneous":false,
					"IsZeroDim":true,
					"IdealDimension":0,
					"ZeroDimensionalVars":[
						"u"
					],
					"Timings":{
						"TimingmagmaVCompNormalize":4.03e-4,
						"TimingComplexVolumeN":0.720412,
						"TimingObstruction":1.943e-3,
						"TiminguValues_ij":3.29e-4,
						"TiminguPolys_ij_N":3.996e-3
					},
					"ComplexVolumeN":[
						"-0.61694074704675098404236509616219181481341619418008635042102853698911089594648283236291872494768181364519257269662902274244511497178656`111.86842965034147 - 2.454417344359935525597820701163286202751639841259408561811807359752174304519814522000069437155479313785920607431554793077515736292099381`112.46813464836646*I",
						"-0.616940747046750984042365096162191814813416194180086350421028536989110895946482832362918724947681813645192572696691667054259331275305202`107.90300902046633 + 2.454417344359935525597820701163286202751639841259408561811807359752174304519814522000069437155479313785920607430940551027081111217667098`108.50271397671531*I",
						-1.19844534565942133782011011700162299211507471423204054344503439198430860381055135684587987210749626708897257713946677770,
						"1.783435162011665018830463936886105266569750945161841988151025330998679351031745593891231678973638646599279905865575726370514483269397928`120.71566892079 - 2.093373890206887558940437418401557750308587088387202084136160186233993351113983297042122949652041798364774866970073223609931871204122533`120.78698260292937*I",
						"1.783435162011665018830463936886105266569750945161841988151025330998679351031745593891231678973638646599279905865575726324210497039875782`115.85609917034215 + 2.093373890206887558940437418401557750308587088387202084136160186233993351113983297042122949652041798364774866970073223614820168833017163`115.92568865321553*I",
						"-3.598125959768096778295410824549123173716728250463684048827169421914492080917560827781024897021011899138405619955137`105.67361381792267 + 7.0849259535108303647286514658429465358032692646187144103923572884527302111307147374718184012111890528236138225787616`105.96787277095666*I",
						"-3.598125959768096778295410824549123173716728250463684048827169421914492080917560827781024897021011899138405619387912140913709567403182162`107.06421509156239 - 7.084925953510830364728651465842946535803269264618714410392357288452730211130714737471818401211189052823613822411554979574261676525911042`107.35847404459635*I",
						"-4.3713490831841255517085012075810921334673436988326442869903222082679556890768301875756781737401109741392148831990582`103.67240045083918 - 1.3361705971852942274931600398908559435495304968849419397897939742195339957959619720856031262665634469409323168739855`103.15764687222345*I",
						"-4.371349083184125551708501207581092133467343698832644286990322208267955689076830187575678173740110974139214860530374764621049348192451493`118.90913994500563 + 1.336170597185294227493160039890855943549530496884941939789793974219533995795961972085603126266563446940932248774098407279996687420765977`118.39438786613596*I"
					],
					"GeometricComponent":"{6, 7}",
					"SortedReprnIndices":"{6, 7, 2, 1, 5, 4, 9, 8, 3}",
					"Abelian":false,
					"Obstruction":-1,
					"ij_list":[
						[
							"{1, 2}"
						],
						[
							"{1, 3}"
						],
						[
							"{1, 4}"
						],
						[
							"{1, 5}"
						],
						[
							"{1, 6}"
						],
						[
							"{1, 7}"
						],
						[
							"{2, 3}"
						],
						[
							"{2, 4}"
						],
						[
							"{2, 5}"
						],
						[
							"{2, 6}"
						],
						[
							"{2, 7}"
						],
						[
							"{3, 4}",
							"{5, 7}",
							"{6, 7}"
						],
						[
							"{3, 5}"
						],
						[
							"{3, 6}",
							"{3, 7}"
						],
						[
							"{4, 5}"
						],
						[
							"{4, 6}"
						],
						[
							"{4, 7}"
						],
						[
							"{5, 6}"
						]
					],
					"uPolys_ij_N":[
						"1 + u - 2*u^2 - 4*u^3 - u^4 + 9*u^5 + 15*u^6 + 12*u^7 + 5*u^8 + u^9",
						"1 + u - 2*u^2 - 4*u^3 - u^4 + 9*u^5 + 15*u^6 + 12*u^7 + 5*u^8 + u^9",
						"1 - u + 2*u^3 - 3*u^4 + u^5 + 3*u^6 - 2*u^7 - u^8 + u^9",
						"1 + u - 6*u^2 + 12*u^3 - 17*u^4 + 17*u^5 - 13*u^6 + 8*u^7 - 3*u^8 + u^9",
						"1 + 3*u - 2*u^2 + 6*u^3 + 25*u^4 + 11*u^5 - 9*u^6 - 2*u^7 + 3*u^8 + u^9",
						"-1 + 13*u + 22*u^2 - 15*u^4 + 5*u^5 + 25*u^6 + 20*u^7 + 7*u^8 + u^9",
						"1 + 5*u + 10*u^2 - u^4 + 37*u^5 + 7*u^6 + 12*u^7 + u^8 + u^9",
						"1 - u + 2*u^3 - 3*u^4 + u^5 + 3*u^6 - 2*u^7 - u^8 + u^9",
						"1 - u + 2*u^3 - 3*u^4 + u^5 + 3*u^6 - 2*u^7 - u^8 + u^9",
						"7 + 3*u + 2*u^2 - 14*u^3 - 23*u^4 + 33*u^5 - u^6 - 8*u^7 + u^8 + u^9",
						"1 + 5*u + 10*u^2 - u^4 + 37*u^5 + 7*u^6 + 12*u^7 + u^8 + u^9",
						"1 + u - 6*u^2 + 12*u^3 - 17*u^4 + 17*u^5 - 13*u^6 + 8*u^7 - 3*u^8 + u^9",
						"1 - 5*u + 4*u^2 + 16*u^3 + u^4 + 15*u^5 + 3*u^6 + 6*u^7 + u^8 + u^9",
						"1 + u + 2*u^3 - u^4 + 3*u^5 - u^6 + 2*u^7 - u^8 + u^9",
						"1 + u - 2*u^2 - 4*u^3 - u^4 + 9*u^5 + 15*u^6 + 12*u^7 + 5*u^8 + u^9",
						"1 + u + 2*u^3 - u^4 + 3*u^5 - u^6 + 2*u^7 - u^8 + u^9",
						"1 - 5*u + 4*u^2 + 16*u^3 + u^4 + 15*u^5 + 3*u^6 + 6*u^7 + u^8 + u^9",
						"-1 + 13*u + 22*u^2 - 15*u^4 + 5*u^5 + 25*u^6 + 20*u^7 + 7*u^8 + u^9"
					],
					"uPolysN":[
						"1 - u + 2*u^3 - 3*u^4 + u^5 + 3*u^6 - 2*u^7 - u^8 + u^9",
						"1 - u - 2*u^2 + 4*u^3 - u^4 - 9*u^5 + 15*u^6 - 12*u^7 + 5*u^8 - u^9",
						"1 + u + 2*u^3 - u^4 + 3*u^5 - u^6 + 2*u^7 - u^8 + u^9",
						"1 + u - 2*u^3 - 3*u^4 - u^5 + 3*u^6 + 2*u^7 - u^8 - u^9",
						"1 + u - 6*u^2 + 12*u^3 - 17*u^4 + 17*u^5 - 13*u^6 + 8*u^7 - 3*u^8 + u^9",
						"1 - u - 2*u^3 - u^4 - 3*u^5 - u^6 - 2*u^7 - u^8 - u^9",
						"1 - u - 6*u^2 - 12*u^3 - 17*u^4 - 17*u^5 - 13*u^6 - 8*u^7 - 3*u^8 - u^9"
					]
				},
				{
					"IdealName":"abJ7_6_1",
					"Generators":[
						"-1 + v"
					],
					"VariableOrder":[
						"v"
					],
					"Characteristic":0,
					"KnownGroebner":[],
					"Status":[
						"vCompNormalize"
					],
					"MonomialOrder":"lex",
					"IsHomogeneous":false,
					"IsZeroDim":true,
					"IdealDimension":0,
					"ZeroDimensionalVars":[
						"v"
					],
					"Timings":{
						"TimingmagmaVCompNormalize":3.95e-4,
						"TimingComplexVolumeN":5.1799e-2,
						"TimingObstruction":1.42e-4,
						"TiminguValues_ij":1.26e-4,
						"TiminguPolys_ij_N":1.2e-5
					},
					"ComplexVolumeN":"{0}",
					"GeometricComponent":0,
					"SortedReprnIndices":"{1}",
					"Abelian":true,