{
	"Index":14,
	"Name":"7_7",
	"Hyperbolic":true,
	"Torus":false,
	"Satellite":false,
	"Diagrams":[
		{
			"Scode":"{-8, 14, -12, -2, 4, -6, 10}",
			"Acode":"{-5, 1, -7, -2, 3, -4, 6}",
			"PDcode":[
				"{1, 8, 2, 9}",
				"{3, 1, 4, 14}",
				"{5, 12, 6, 13}",
				"{7, 2, 8, 3}",
				"{9, 5, 10, 4}",
				"{11, 6, 12, 7}",
				"{13, 11, 14, 10}"
			],
			"SolvingSeqs":[
				[
					"{4, 7}",
					[],
					[
						"{4, -7, 3, 2}",
						"{7, -4, 6, 2}",
						"{7, 6, 1, 1}",
						"{3, 1, 2, 2}",
						"{6, 3, 5, 2}"
					],
					"{4}",
					"{1}",
					1
				]
			],
			"GeometricRepresentation":{
				"Volume":7.6433751723599554782218444485807710336426049910086081239212503593448722049003801762287754925821387141865849486501142611343,
				"ChernSimons":-2.6250305237922981432057610937323907277607063764225832738323025353361237452986377870676978908000287297618040206030085174052
			}
		}
	],
	"ParabolicReps":[
		{
			"DiagramIdx":1,
			"SolvingSeqIdx":1,
			"u":{
				"CheckEq":[
					"1 - u^3 - (1 + u^3*(u + u^3 + u^5))*(u^2 - (u + u^3)*(u + u^3 + u^5))",
					"-u + u^2*(-u - u^3) - (u^2 - (u + u^3)*(u + u^3 + u^5))^2"
				],
				"TimingForPrimaryIdeals":3.5589e-2
			},
			"v":{
				"CheckEq":[
					"1 - v"
				],
				"TimingForPrimaryIdeals":3.0822e-2
			},
			"PrimaryIdeals":[
				{
					"IdealName":"J7_7_0",
					"Generators":[
						"1 + u + u^2 + u^4"
					],
					"VariableOrder":[
						"u"
					],
					"Characteristic":0,
					"KnownGroebner":[],
					"Status":[
						"vCompNormalize"
					],
					"MonomialOrder":"lex",
					"IsHomogeneous":false,
					"IsZeroDim":true,
					"IdealDimension":0,
					"ZeroDimensionalVars":[
						"u"
					],
					"Timings":{
						"TimingmagmaVCompNormalize":4.16e-4,
						"TimingComplexVolumeN":0.328587,
						"TimingObstruction":9.61e-4,
						"TiminguValues_ij":3.31e-4,
						"TiminguPolys_ij_N":1.641e-3
					},
					"ComplexVolumeN":[
						"0.980096456944071706733345927086365538541756475215784836096744305966116274895436913234068990180270024457799701640671583170303825264317696`110.5701376974182 + 1.397088165568881439461453224073685527954733410709811351356140350690829371940843957160377803729316893061912100999705919133568555163682722`110.72409269205195*I",
						"0.980096456944071706733345927086365538541756475215784836096744305966116274895436913234068990180270024457799701640671326725553608133179745`120.43330279723752 - 1.397088165568881439461453224073685527954733410709811351356140350690829371940843957160377803729316893061912100999703988503589038973869538`120.58940436812824*I",
						"-2.625030523792298143205761093732390727760706376422583273832302535336123745298637787067697890800028729761804020603008517405182341054670911`122.21726790328026 - 7.643375172359955478221844448580771033642604991008608123921250359344872204900380176228775492582138714186584948650114261134305999623971103`122.73774276000815*I",
						"-2.62503052379229814320576109373239072776070637642258327383230253533612374529863778706769789080002872976180402060300851997152668028634298`114.82076750761047 + 7.643375172359955478221844448580771033642604991008608123921250359344872204900380176228775492582138714186584948650114260269668387884348098`115.28491832831371*I"
					],
					"GeometricComponent":"{3, 4}",
					"SortedReprnIndices":"{4, 3, 1, 2}",
					"Abelian":false,
					"Obstruction":-1,
					"ij_list":[
						[
							"{1, 2}"
						],
						[
							"{1, 3}"
						],
						[
							"{1, 4}",
							"{3, 6}"
						],
						[
							"{1, 5}"
						],
						[
							"{1, 6}"
						],
						[
							"{1, 7}",
							"{5, 7}"
						],
						[
							"{2, 3}"
						],
						[
							"{2, 4}"
						],
						[
							"{2, 5}"
						],
						[
							"{2, 6}"
						],
						[
							"{2, 7}"
						],
						[
							"{3, 4}",
							"{6, 7}"
						],
						[
							"{3, 5}"
						],
						[
							"{3, 7}",
							"{4, 6}",
							"{4, 7}"
						],
						[
							"{4, 5}"
						],
						[
							"{5, 6}"
						]
					],
					"uPolys_ij_N":[
						"1 + u + 3*u^2 + 2*u^3 + u^4",
						"1 + u + 3*u^2 + 2*u^3 + u^4",
						"2 - 3*u + 4*u^2 - 3*u^3 + u^4",
						"1 - u + u^2 + u^4",
						"1 + u + 3*u^2 + 2*u^3 + u^4",
						"1 - 5*u + 7*u^2 - 2*u^3 + u^4",
						"1 - 5*u + 7*u^2 - 2*u^3 + u^4",
						"1 - u + u^2 + u^4",
						"1 - u + u^2 + u^4",
						"8 - 12*u + 12*u^2 - 5*u^3 + u^4",
						"4 - 13*u + 16*u^2 - 7*u^3 + u^4",
						"1 + u + 3*u^2 + 2*u^3 + u^4",
						"2 - 3*u + 4*u^2 - 3*u^3 + u^4",
						"1 - u + u^2 + u^4",
						"1 + u + 3*u^2 + 2*u^3 + u^4",
						"4 - 7*u + 2*u^2 + u^3 + u^4"
					],
					"uPolysN":[
						"1 - u + u^2 + u^4",
						"1 - u + 3*u^2 - 2*u^3 + u^4",
						"1 - u + u^2 + u^4",
						"1 + u + u^2 + u^4",
						"2 + 3*u + 4*u^2 + 3*u^3 + u^4",
						"1 + u + u^2 + u^4",
						"1 - u + 3*u^2 - 2*u^3 + u^4"
					]
				},
				{
					"IdealName":"J7_7_1",
					"Generators":[
						"1 - 2*u + 2*u^2 - 2*u^3 + 2*u^4 - u^5 + u^6"
					],
					"VariableOrder":[
						"u"
					],
					"Characteristic":0,
					"KnownGroebner":[],
					"Status":[
						"vCompNormalize"
					],
					"MonomialOrder":"lex",
					"IsHomogeneous":false,
					"IsZeroDim":true,
					"IdealDimension":0,
					"ZeroDimensionalVars":[
						"u"
					],
					"Timings":{
						"TimingmagmaVCompNormalize":3.96e-4,
						"TimingComplexVolumeN":0.43966,
						"TimingObstruction":1.373e-3,
						"TiminguValues_ij":3.07e-4,
						"TiminguPolys_ij_N":2.511e-3
					},
					"ComplexVolumeN":[
						"-0.2657397571871512132248791115974493844534495601428615629678158152310972325202080011607886429390444443645485982855087070935484983284146`106.47488885840237 + 2.828122088330783162763898809276634942770981317300649477043520327258802548322471630936947017929999107412541289339152369137345912080198881`107.50193047832047*I",
						"-0.265739757187151213224879111597449384453449560142861562967815815231097232520208001160788642939044444364548598299626904495122446404637771`107.68992673789323 - 2.828122088330783162763898809276634942770981317300649477043520327258802548322471630936947017929999107412541289278538721022613358407513872`108.71696835781133*I",
						-4.40332268617037688296748727674317679874995058333467218727104305764782794616918661917930941598118722718292,
						-4.4033226861703768829674872767431767987499505833346721872710430576478279461691866191793094159811872271829157602863451210067,
						"-0.265739757187151213224879111597449384453449560142861562967815815231097232520208001160788642939044444364548598300333225397855784976805243`114.92788089626103 + 2.828122088330783162763898809276634942770981317300649477043520327258802548322471630936947017929999107412541289278796393439217786710006213`115.95492251890064*I",
						"-0.265739757187151213224879111597449384453449560142861562967815815231097232520208001160788642939044444364548598300333240201393210288123771`111.65855620056763 - 2.828122088330783162763898809276634942770981317300649477043520327258802548322471630936947017929999107412541289278796385253084098242226585`112.68559782048706*I"
					],
					"GeometricComponent":0,
					"SortedReprnIndices":"{1, 5, 2, 6, 3, 4}",
					"Abelian":false,
					"Obstruction":-1,
					"ij_list":[
						[
							"{1, 2}"
						],
						[
							"{1, 3}"
						],
						[
							"{1, 4}",
							"{3, 6}"
						],
						[
							"{1, 5}"
						],
						[
							"{1, 6}"
						],
						[
							"{1, 7}",
							"{5, 7}"
						],
						[
							"{2, 3}"
						],
						[
							"{2, 4}"
						],
						[
							"{2, 5}"
						],
						[
							"{2, 6}"
						],
						[
							"{2, 7}"
						],
						[
							"{3, 4}",
							"{6, 7}"
						],
						[
							"{3, 5}"
						],
						[
							"{3, 7}",
							"{4, 6}",
							"{4, 7}"
						],
						[
							"{4, 5}"
						],
						[
							"{5, 6}"
						]
					],