{
	"Index":15,
	"Name":"8_1",
	"Hyperbolic":true,
	"Torus":false,
	"Satellite":false,
	"Diagrams":[
		{
			"Scode":"{-10, 16, 14, 12, -2, 8, 6, 4}",
			"Acode":"{-6, 1, 8, 7, -2, 5, 4, 3}",
			"PDcode":[
				"{1, 10, 2, 11}",
				"{3, 1, 4, 16}",
				"{5, 15, 6, 14}",
				"{7, 13, 8, 12}",
				"{9, 2, 10, 3}",
				"{11, 9, 12, 8}",
				"{13, 7, 14, 6}",
				"{15, 5, 16, 4}"
			],
			"SolvingSeqs":[
				[
					"{4, 8}",
					[],
					[
						"{4, 8, 3, 2}",
						"{8, 3, 1, 1}",
						"{3, 1, 2, 2}",
						"{8, 4, 7, 2}",
						"{4, 7, 5, 1}",
						"{7, 5, 6, 2}"
					],
					"{5}",
					"{1}",
					1
				]
			],
			"GeometricRepresentation":{
				"Volume":3.4272052462740162198635395900533060307058393707238053472622670270069375703531481117035581689583422190854109410422554428653,
				"ChernSimons":15.3544767479980331034097825682274874109881964189427021158019706326320846481985482637844868094797219018728827068498873867821
			}
		}
	],
	"ParabolicReps":[
		{
			"DiagramIdx":1,
			"SolvingSeqIdx":1,
			"u":{
				"CheckEq":[
					"1 - u + u^2 + (1 + u^2)*(u^3 - u*(1 + u^2)) - (1 + u^2)*(-(u^2*(1 + u^2)) + (1 + u^2)*(-u^2 - u*(u + u^3)))",
					"-u + u^2 + u^2*(u^3 - u*(1 + u^2)) - (-u^2 - u*(u + u^3))*(-(u^2*(1 + u^2)) + (1 + u^2)*(-u^2 - u*(u + u^3)))"
				],
				"TimingForPrimaryIdeals":3.4534e-2
			},
			"v":{
				"CheckEq":[
					"1 - v"
				],
				"TimingForPrimaryIdeals":3.4104e-2
			},
			"PrimaryIdeals":[
				{
					"IdealName":"J8_1_0",
					"Generators":[
						"1 - 3*u + 6*u^2 - 4*u^3 + 5*u^4 - u^5 + u^6"
					],
					"VariableOrder":[
						"u"
					],
					"Characteristic":0,
					"KnownGroebner":[],
					"Status":[
						"vCompNormalize"
					],
					"MonomialOrder":"lex",
					"IsHomogeneous":false,
					"IsZeroDim":true,
					"IdealDimension":0,
					"ZeroDimensionalVars":[
						"u"
					],
					"Timings":{
						"TimingmagmaVCompNormalize":4.11e-4,
						"TimingComplexVolumeN":0.506592,
						"TimingObstruction":1.534e-3,
						"TiminguValues_ij":4.19e-4,
						"TiminguPolys_ij_N":2.896e-3
					},
					"ComplexVolumeN":[
						"15.354476747998033103409782568227487410988196418942702115801970632632084648198548263784486809479721901872882706849887386782127007849879659`122.93896332245377 + 3.427205246274016219863539590053306030705839370723805347262267027006937570353148111703558168958342219085410941042255442865301715239083426`122.34275574371067*I",
						"15.354476747998033103409782568227487410988196418942702115801970632632084648198548263784486809479721901872882706849887386894305717282206519`116.03972737644463 - 3.427205246274016219863539590053306030705839370723805347262267027006937570353148111703558168958342219085410941042255443073504789501392814`115.38843247652758*I",
						"4.64282183846243364948397347212272029565237413170695750433074446058156108139215554890577416603637973481209217042804935910193528725009436`123.21300869989506 + 2.65596676398803202049624004362414528778140172778767396272594418282016770524251584674672852508767712911855237880793620920167889539682451`123.0178629810065*I",
						"4.642821838462433649483973472122720295652374131706957504330744460581561081392155548905774166036379734812092170428049480672274709822378657`113.20643396705682 - 2.65596676398803202049624004362414528778140172778767396272594418282016770524251584674672852508767712911855237880793634908632434400169904`112.96387458458643*I",
						"-0.258089784281749515224774040597905436013171736168078367306016340773556084752293326686714168078997173036923049729890457728517507558237752`120.09615655919833 + 1.108706288497614383991714310031393411391014612547452377945754705117363265781044127094902777219957987364918010274768327298861897954409014`120.72925667343412*I",
						"-0.258089784281749515224774040597905436013171736168078367306016340773556084752293326686714168078997173036923049729890457728484670337431283`118.69004870965293 - 1.108706288497614383991714310031393411391014612547452377945754705117363265781044127094902777219957987364918010274768327298925796517932617`119.32309683946494*I"
					],
					"GeometricComponent":"{1, 2}",
					"SortedReprnIndices":"{1, 2, 3, 4, 5, 6}",
					"Abelian":false,
					"Obstruction":-1,
					"ij_list":[
						[
							"{1, 2}"
						],
						[
							"{1, 3}",
							"{3, 8}",
							"{4, 7}",
							"{4, 8}"
						],
						[
							"{1, 4}",
							"{3, 7}"
						],
						[
							"{1, 5}"
						],
						[
							"{1, 6}"
						],
						[
							"{1, 7}",
							"{2, 4}"
						],
						[
							"{1, 8}",
							"{3, 4}",
							"{4, 5}",
							"{7, 8}"
						],
						[
							"{2, 3}"
						],
						[
							"{2, 5}"
						],
						[
							"{2, 6}"
						],
						[
							"{2, 7}"
						],
						[
							"{2, 8}",
							"{5, 8}"
						],
						[
							"{3, 5}"
						],
						[
							"{3, 6}"
						],
						[
							"{4, 6}"
						],
						[
							"{5, 6}"
						],
						[
							"{5, 7}"
						],
						[
							"{6, 7}"
						],
						[
							"{6, 8}"
						]
					],
					"uPolys_ij_N":[
						"1 + 3*u + 6*u^2 + 4*u^3 + 5*u^4 + u^5 + u^6",
						"1 + 3*u + 6*u^2 + 4*u^3 + 5*u^4 + u^5 + u^6",
						"1 - u + 2*u^2 - 6*u^3 + 15*u^4 - u^5 + u^6",
						"5 + u + 20*u^2 + 9*u^4 + u^5 + u^6",
						"1 - u + 2*u^2 + u^4 - u^5 + u^6",
						"3 - 7*u + 18*u^2 - 18*u^3 - u^4 + 5*u^5 + u^6",
						"1 - 3*u + 22*u^2 - 40*u^3 + 29*u^4 - 9*u^5 + u^6",
						"1 - 3*u + 22*u^2 - 40*u^3 + 29*u^4 - 9*u^5 + u^6",
						"1 - u + 2*u^2 + u^4 - u^5 + u^6",
						"1 - u + 2*u^2 + u^4 - u^5 + u^6",
						"5 + u + 20*u^2 + 9*u^4 + u^5 + u^6",
						"1 - u + 2*u^2 - 6*u^3 + 15*u^4 - u^5 + u^6",
						"3 - 7*u + 18*u^2 - 18*u^3 - u^4 + 5*u^5 + u^6",
						"5 + u + 20*u^2 + 9*u^4 + u^5 + u^6",
						"1 - u + 2*u^2 - 6*u^3 + 15*u^4 - u^5 + u^6",
						"1 + 3*u + 6*u^2 + 4*u^3 + 5*u^4 + u^5 + u^6",
						"1 + 3*u + 6*u^2 + 4*u^3 + 5*u^4 + u^5 + u^6",
						"1 - 3*u + 22*u^2 - 40*u^3 + 29*u^4 - 9*u^5 + u^6",
						"3 - 7*u + 18*u^2 - 18*u^3 - u^4 + 5*u^5 + u^6"
					],
					"uPolysN":[
						"1 - u + 2*u^2 + u^4 - u^5 + u^6",
						"1 - 3*u + 6*u^2 - 4*u^3 + 5*u^4 - u^5 + u^6",
						"1 + 3*u + 6*u^2 + 4*u^3 + 5*u^4 + u^5 + u^6",
						"1 + 3*u + 6*u^2 + 4*u^3 + 5*u^4 + u^5 + u^6",
						"1 + u + 2*u^2 + u^4 + u^5 + u^6",
						"1 - 3*u + 6*u^2 - 4*u^3 + 5*u^4 - u^5 + u^6",
						"1 - 3*u + 6*u^2 - 4*u^3 + 5*u^4 - u^5 + u^6",
						"1 - 3*u + 6*u^2 - 4*u^3 + 5*u^4 - u^5 + u^6"
					]
				},
				{
					"IdealName":"abJ8_1_1",
					"Generators":[
						"-1 + v"
					],
					"VariableOrder":[
						"v"
					],
					"Characteristic":0,
					"KnownGroebner":[],
					"Status":[
						"vCompNormalize"
					],
					"MonomialOrder":"lex",
					"IsHomogeneous":false,
					"IsZeroDim":true,
					"IdealDimension":0,
					"ZeroDimensionalVars":[
						"v"
					],
					"Timings":{
						"TimingmagmaVCompNormalize":4.0e-4,
						"TimingComplexVolumeN":5.4993e-2,
						"TimingObstruction":1.59e-4,
						"TiminguValues_ij":1.51e-4,
						"TiminguPolys_ij_N":1.1e-5
					},
					"ComplexVolumeN":"{0}",
					"GeometricComponent":0,
					"SortedReprnIndices":"{1}",
					"Abelian":true,
					"Obstruction":1,
					"ij_list":[
						[
							"{1, 2}",
							"{1, 3}",
							"{1, 4}",
							"{1, 5}",
							"{1, 6}",
							"{1, 7}",
							"{1, 8}",
							"{2, 3}",
							"{2, 4}",
							"{2, 5}",
							"{2, 6}",
							"{2, 7}",
							"{2, 8}",
							"{3, 4}",
							"{3, 5}",
							"{3, 6}",
							"{3, 7}",
							"{3, 8}",
							"{4, 5}",
							"{4, 6}",
							"{4, 7}",
							"{4, 8}",
							"{5, 6}",
							"{5, 7}",
							"{5, 8}",
							"{6, 7}",
							"{6, 8}",
							"{7, 8}"
						]
					],
					"uPolys_ij_N":[
						"u"
					],
					"uPolysN":[
						"u",
						"-u",
						"u",
						"u",
						"-u",
						"-u",
						"-u",
						"-u"
					]
				}
			],