{
	"Index":24,
	"Name":"8_10",
	"Hyperbolic":true,
	"Torus":false,
	"Satellite":false,
	"Diagrams":[
		{
			"Scode":"{6, 16, -12, 2, -14, -4, -8, -10}",
			"Acode":"{4, 1, -7, 2, -8, -3, -5, -6}",
			"PDcode":[
				"{1, 7, 2, 6}",
				"{3, 1, 4, 16}",
				"{5, 12, 6, 13}",
				"{7, 3, 8, 2}",
				"{9, 14, 10, 15}",
				"{11, 4, 12, 5}",
				"{13, 8, 14, 9}",
				"{15, 10, 16, 11}"
			],
			"SolvingSeqs":[
				[
					"{2, 5, 8}",
					[],
					[
						"{5, -8, 6, 1}",
						"{5, 2, 4, 2}",
						"{2, 4, 1, 2}",
						"{8, -5, 7, 2}",
						"{4, -7, 3, 2}"
					],
					"{2, 8}",
					"{6}",
					6
				]
			],
			"GeometricRepresentation":{
				"Volume":8.651148558017081966171120266314370242184366775604459231026672122794048052391689077966097072258348937216953413763,
				"ChernSimons":6.769515958518306619552706672926914598973822532854118270484971158379117755465051961215465571523241834286957974190
			}
		}
	],
	"ParabolicReps":[
		{
			"DiagramIdx":1,
			"SolvingSeqIdx":1,
			"u":{
				"CheckEq":[
					"-1 + a + u^2 - a^2*u*(-(a^2*b*u) + a*(u + a*b*u))",
					"b + u^2 - (u + a*b*u)*(-(a^2*b*u) + a*(u + a*b*u))",
					"1 - u - u^2*(1 - u^2) - a*(-(a*u) + u*(b + a*u^2))",
					"-u + u^4 - (b + a*u^2)*(-(a*u) + u*(b + a*u^2))"
				],
				"TimingForPrimaryIdeals":4.0132e-2
			},
			"v":{
				"CheckEq":[
					"-(b^2*v)",
					"1 - v - b*v*(a - b*v^2)",
					"b + b^2*v*(-(a*b^2*v) - b*(v - a*b*v))",
					"-1 + a - (v - a*b*v)*(-(a*b^2*v) - b*(v - a*b*v))"
				],
				"TimingForPrimaryIdeals":5.7241e-2
			},
			"PrimaryIdeals":[
				{
					"IdealName":"J8_10_0",
					"Generators":[
						"1 + 3*u - u^2 - 5*u^3 - 2*u^4 + 5*u^5 + 4*u^6 - 2*u^7 - 4*u^8 + 2*u^10 + u^11",
						"-3 + a - u + 5*u^2 + 4*u^3 - 4*u^4 - 6*u^5 + u^6 + 5*u^7 + u^8 - 2*u^9 - u^10",
						"-1 + b - u + 3*u^2 + 2*u^3 - 2*u^4 - 4*u^5 + u^6 + 4*u^7 + u^8 - 2*u^9 - u^10"
					],
					"VariableOrder":[
						"u",
						"a",
						"b"
					],
					"Characteristic":0,
					"KnownGroebner":[],
					"Status":[
						"vCompNormalize"
					],
					"MonomialOrder":"lex",
					"IsHomogeneous":false,
					"IsZeroDim":true,
					"IdealDimension":0,
					"ZeroDimensionalVars":[
						"u",
						"a",
						"b"
					],
					"Timings":{
						"TimingmagmaVCompNormalize":4.66e-4,
						"TimingComplexVolumeN":0.958173,
						"TimingObstruction":2.788e-3,
						"TiminguValues_ij":4.82e-4,
						"TiminguPolys_ij_N":7.588e-3
					},
					"ComplexVolumeN":[
						"6.769515958518306619552706672926914598973822532854118270484971158379117755465051961215465571523241834286957974189553525649229026384271089`112.4874456269669 - 8.651148558017081966171120266314370242184366775604459231026672122794048052391689077966097072258348937216953413762558021247297801727861584`112.5939617803919*I",
						"6.769515958518306619552706672926914598973822532854118270484971158379117755465051961215465571523241834286957974189553827317553469859870653`119.89432570676834 + 8.651148558017081966171120266314370242184366775604459231026672122794048052391689077966097072258348937216953413762558010478200132293986453`120.00085261492323*I",
						"0.671232720995761878832792376557485471539275100085331527982733143878570665257940921176363254278763531687001060224704127328259957408180797`107.41756001317299 - 4.697416241046855589405943019399499793153460401947473702014006162552844629265629823736956732197489311950178574927745539383064239156722768`108.26254593901433*I",
						"0.671232720995761878832792376557485471539275100085331527982733143878570665257940921176363254278763531687001060225293167923438027870621722`119.3950183098731 + 4.697416241046855589405943019399499793153460401947473702014006162552844629265629823736956732197489311950178574927208833512229602580454442`120.24002552857395*I",
						"8.615769509718370002252720784577620537744656524516832215626288891455175712691790269798318980005099836537802668625060035440902109841873062`121.375151096942 + 2.584510445100140618485195988177186510804920581373220351590497134976956409687362512176951768098345340476231306234189260740788496898789031`120.85230109639255*I",
						"8.615769509718370002252720784577620537744656524516832215626288891455175712691790269798318980005099836537802668625060035440897275476705156`124.29236643819632 - 2.584510445100140618485195988177186510804920581373220351590497134976956409687362512176951768098345340476231306234189260740788178071355331`123.81386976950583*I",
						1.12617805027566721633989057588647601219493986693605541775496500156033607972696243453301783692143704809338350837982,
						"3.205612268807187139843725144517410183737753577628687736351932797397483841078980564091832781323414805825765093063869660010243606087828295`110.82029642842225 + 2.418923160509477574591120177563777716937184515321739280116265037968337521077157464860841243602899916849664672823716119573807785789424202`110.69800750961012*I",
						"3.205612268807187139843725144517410183737753577628687736351932797397483841078980564091832781323414805825765093063852153406861766968722241`109.60491751438471 - 2.418923160509477574591120177563777716937184515321739280116265037968337521077157464860841243602899916849664672823664641518123901247284687`109.48262859557263*I",
						"-1.730944747846968447455323433416391716684528755278214644232267968820433839922035321378571598773892774040171041707982267683502306054134754`118.92486422682322 + 0.741956408040095989292244651535424519363285470272177134189216439167693915904983387094190682266648187934681828550522903120751922606169486`118.55695979125494*I",
						"-1.730944747846968447455323433416391716684528755278214644232267968820433839922035321378571598773892774040171041707982267683541662576175243`123.79393111569702 - 0.741956408040095989292244651535424519363285470272177134189216439167693915904983387094190682266648187934681828550522903120741128559671963`123.45751837312818*I"
					],
					"GeometricComponent":"{1, 2}",
					"SortedReprnIndices":"{2, 1, 4, 3, 5, 6, 8, 9, 10, 11, 7}",
					"Abelian":false,
					"Obstruction":-1,
					"ij_list":[
						[
							"{1, 2}",
							"{4, 5}"
						],
						[
							"{1, 3}"
						],
						[
							"{1, 4}"
						],
						[
							"{1, 5}"
						],
						[
							"{1, 6}"
						],
						[
							"{1, 7}"
						],
						[
							"{1, 8}"
						],
						[
							"{2, 3}"
						],
						[
							"{2, 4}",
							"{2, 5}"
						],
						[
							"{2, 6}"
						],
						[
							"{2, 7}"
						],
						[
							"{2, 8}"
						],
						[
							"{3, 4}"
						],
						[
							"{3, 5}"
						],
						[
							"{3, 6}"
						],
						[
							"{3, 7}"
						],
						[
							"{3, 8}"
						],
						[
							"{4, 6}"
						],
						[
							"{4, 7}"
						],
						[
							"{4, 8}"
						],
						[
							"{5, 6}"
						],
						[
							"{5, 7}",
							"{5, 8}"
						],
						[
							"{6, 7}"
						],
						[
							"{6, 8}"
						],
						[
							"{7, 8}"
						]
					],