{
	"Index":25,
	"Name":"8_11",
	"Hyperbolic":true,
	"Torus":false,
	"Satellite":false,
	"Diagrams":[
		{
			"Scode":"{-10, 16, 14, 12, -2, 4, 6, 8}",
			"Acode":"{-6, 1, 8, 7, -2, 3, 4, 5}",
			"PDcode":[
				"{1, 10, 2, 11}",
				"{3, 1, 4, 16}",
				"{5, 15, 6, 14}",
				"{7, 13, 8, 12}",
				"{9, 2, 10, 3}",
				"{11, 5, 12, 4}",
				"{13, 7, 14, 6}",
				"{15, 9, 16, 8}"
			],
			"SolvingSeqs":[
				[
					"{2, 6}",
					[],
					[
						"{2, -6, 1, 2}",
						"{2, 1, 3, 1}",
						"{6, 3, 7, 1}",
						"{6, -2, 5, 2}",
						"{5, 7, 4, 2}",
						"{1, 5, 8, 2}"
					],
					"{3}",
					"{7}",
					7
				]
			],
			"GeometricRepresentation":{
				"Volume":8.28631681780659258812682479775116716294874424541111713976299351568370359529675739345301920725560210794934603813873188039,
				"ChernSimons":-0.38115116004503397788042777542507924875057215166410547189810182890316988007655248907678615062348933762764166748804194051
			}
		}
	],
	"ParabolicReps":[
		{
			"DiagramIdx":1,
			"SolvingSeqIdx":1,
			"u":{
				"CheckEq":[
					"-u + u^4 + (u - u^5*(1 + u^2))*(u^2*(1 + u^2)^2 - u*(u - u^5*(1 + u^2))) + (u^2 - u*(u + u^3))*((1 + u^2)*(u^2 - u*(u + u^3)) - u^4*(1 + u*(u + u^3)))",
					"1 + u + u^2 - u*(1 + u^2)^2*(u^2*(1 + u^2)^2 - u*(u - u^5*(1 + u^2))) + (1 + u*(u + u^3))*((1 + u^2)*(u^2 - u*(u + u^3)) - u^4*(1 + u*(u + u^3)))"
				],
				"TimingForPrimaryIdeals":3.5107e-2
			},
			"v":{
				"CheckEq":[
					"1 - v"
				],
				"TimingForPrimaryIdeals":3.3936e-2
			},
			"PrimaryIdeals":[
				{
					"IdealName":"J8_11_0",
					"Generators":[
						"1 + 2*u + 3*u^2 + 4*u^3 + 4*u^4 + 5*u^5 + 5*u^6 + 3*u^7 + 3*u^8 + u^9 + u^10"
					],
					"VariableOrder":[
						"u"
					],
					"Characteristic":0,
					"KnownGroebner":[],
					"Status":[
						"vCompNormalize"
					],
					"MonomialOrder":"lex",
					"IsHomogeneous":false,
					"IsZeroDim":true,
					"IdealDimension":0,
					"ZeroDimensionalVars":[
						"u"
					],
					"Timings":{
						"TimingmagmaVCompNormalize":3.88e-4,
						"TimingComplexVolumeN":0.833461,
						"TimingObstruction":3.039e-3,
						"TiminguValues_ij":4.96e-4,
						"TiminguPolys_ij_N":8.381e-3
					},
					"ComplexVolumeN":[
						"2.413603790023680422104876845586326383333750402014913445777377841916747403082614141318651769217434691408820790733189255504938427384617458`114.47257670673375 - 3.478391925205401539746484981460575430917326641205220906894668010627049402185610482107316328298859088900237170727714760849772754075312085`114.63128924202482*I",
						"2.413603790023680422104876845586326383333750402014913445777377841916747403082614141318651769217434691408820790733189255111176902586473917`122.72870502969495 + 3.478391925205401539746484981460575430917326641205220906894668010627049402185610482107316328298859088900237170727714760785266970495781213`122.93191141797665*I",
						"-0.381151160045033977880427775425079248750572151664105471898101828903169880076552489076786150623489337627641667488041940505274067058155494`118.99632251695549 + 8.28631681780659258812682479775116716294874424541111713976299351568370359529675739345301920725560210794934603813873188038997161961529359`120.33420995909164*I",
						"-0.381151160045033977880427775425079248750572151664105471898101828903169880076552489076786150623489337627641667488041940514685213223490518`115.13444974143196 - 8.286316817806592588126824797751167162948744245411117139762993515683703595296757393453019207255602107949346038138731880377883702168599537`116.47171411742006*I",
						"-0.448054584633348474118635759759026441863942391557816715705895940846912825111788777571920184030311026573989533055543359903966035298494126`117.47065567324829 + 1.231689474885473913560524056029666520063903581581066244809995651286778041101521255007077664813807820395500337352988736778603873626218689`117.90982684327673*I",
						"-0.448054584633348474118635759759026441863942391557816715705895940846912825111788777571920184030311026573989533055543359904487615522133661`121.45551728380995 - 1.231689474885473913560524056029666520063903581581066244809995651286778041101521255007077664813807820395500337352988736778345820327886776`121.9134725296586*I",
						"-4.87665340498579136872585106992285445527117215023112479677694788662973595475391952311305771035138757190023674550335486947667405593812085`116.56244324490739 - 4.145848644582420672056219091246957510740625278278137473665766633894991182168103513146102799742827326393355545282289507075537862648189971`116.49193491493747*I",
						"-4.876653404985791368725851069922854455271172150231124796776947886629735954753919523113057710351387571900236745503354869472363320336806101`117.36578992470626 + 4.145848644582420672056219091246957510740625278278137473665766633894991182168103513146102799742827326393355545282289507080513097443404464`117.29528246078841*I",
						"4.937189426488719835092452926166658951770886192644931976339126043833078727262847522276741176407511949997051474276088105454058760688514116`121.66360053197138 - 2.310055423943777510339008417374436689968912980684601732016923818844217687140650966802857506180261893284519575332670513188944473995806982`121.36597673459845*I",
						"4.937189426488719835092452926166658951770886192644931976339126043833078727262847522276741176407511949997051474276088105412361036121270865`116.31342721259416 + 2.310055423943777510339008417374436689968912980684601732016923818844217687140650966802857506180261893284519575332670513153479026063355654`115.98356984257072*I"
					],
					"GeometricComponent":"{3, 4}",
					"SortedReprnIndices":"{3, 4, 8, 7, 2, 1, 10, 9, 5, 6}",
					"Abelian":false,
					"Obstruction":-1,
					"ij_list":[
						[
							"{1, 2}",
							"{5, 6}"
						],
						[
							"{1, 3}"
						],
						[
							"{1, 4}"
						],
						[
							"{1, 5}"
						],
						[
							"{1, 6}",
							"{2, 5}",
							"{2, 6}"
						],
						[
							"{1, 7}"
						],
						[
							"{1, 8}"
						],
						[
							"{2, 3}"
						],
						[
							"{2, 4}"
						],
						[
							"{2, 7}"
						],
						[
							"{2, 8}"
						],
						[
							"{3, 4}"
						],
						[
							"{3, 5}"
						],
						[
							"{3, 6}"
						],
						[
							"{3, 7}"
						],
						[
							"{3, 8}"
						],
						[
							"{4, 5}"
						],
						[
							"{4, 6}"
						],
						[
							"{4, 7}"
						],
						[
							"{4, 8}"
						],
						[
							"{5, 7}"
						],
						[
							"{5, 8}"
						],
						[
							"{6, 7}"
						],
						[
							"{6, 8}"
						],
						[
							"{7, 8}"
						]
					],