{
	"Index":26,
	"Name":"8_12",
	"Hyperbolic":true,
	"Torus":false,
	"Satellite":false,
	"Diagrams":[
		{
			"Scode":"{-8, 16, 12, -2, 6, -14, 4, -10}",
			"Acode":"{-5, 1, 7, -2, 4, -8, 3, -6}",
			"PDcode":[
				"{1, 8, 2, 9}",
				"{3, 1, 4, 16}",
				"{5, 13, 6, 12}",
				"{7, 2, 8, 3}",
				"{9, 7, 10, 6}",
				"{11, 14, 12, 15}",
				"{13, 5, 14, 4}",
				"{15, 10, 16, 11}"
			],
			"SolvingSeqs":[
				[
					"{3, 8}",
					[],
					[
						"{8, 3, 7, 2}",
						"{3, 7, 4, 1}",
						"{7, -8, 6, 2}",
						"{8, -6, 1, 1}",
						"{3, 1, 2, 2}",
						"{6, 4, 5, 2}"
					],
					"{4}",
					"{1}",
					1
				]
			],
			"GeometricRepresentation":{
				"Volume":8.935856927486689169342801339489742003701343394062741697940293108265540837345058667570108313934128204222043,
				"ChernSimons":0
			}
		}
	],
	"ParabolicReps":[
		{
			"DiagramIdx":1,
			"SolvingSeqIdx":1,
			"u":{
				"CheckEq":[
					"-u + u^2 - u^3 + u^2*(u^3 - (1 + u^2)*(u + u^3)) + (u + u^2*(u + u^3))^2*(-((1 + u^2)*(u + u^2*(u + u^3))^2) - u^2*(1 - u^3*(u + u^2*(u + u^3))))",
					"1 - u + u^2 + (1 + u^2)*(u^3 - (1 + u^2)*(u + u^3)) - (1 - u^3*(u + u^2*(u + u^3)))*(-((1 + u^2)*(u + u^2*(u + u^3))^2) - u^2*(1 - u^3*(u + u^2*(u + u^3))))"
				],
				"TimingForPrimaryIdeals":3.3345e-2
			},
			"v":{
				"CheckEq":[
					"1 - v"
				],
				"TimingForPrimaryIdeals":3.4154e-2
			},
			"PrimaryIdeals":[
				{
					"IdealName":"J8_12_0",
					"Generators":[
						"1 - u + 2*u^2 + 4*u^4 + 6*u^6 + 2*u^7 + 7*u^8 + 3*u^9 + 6*u^10 + 2*u^11 + 3*u^12 + u^13 + u^14"
					],
					"VariableOrder":[
						"u"
					],
					"Characteristic":0,
					"KnownGroebner":[],
					"Status":[
						"vCompNormalize"
					],
					"MonomialOrder":"lex",
					"IsHomogeneous":false,
					"IsZeroDim":true,
					"IdealDimension":0,
					"ZeroDimensionalVars":[
						"u"
					],
					"Timings":{
						"TimingmagmaVCompNormalize":7.6e-4,
						"TimingComplexVolumeN":1.148635,
						"TimingObstruction":3.761e-3,
						"TiminguValues_ij":4.68e-4,
						"TiminguPolys_ij_N":1.1799e-2
					},
					"ComplexVolumeN":[
						"-1.190289293700039182051855988599764268689748498200749396869409230587154121888926496021674233170390608611255319292817392871307011252773684`112.04911493498396 + 3.41271110665242094688400538229445275146334349922147113313786859754236847122330901451553472928924898546372504433293567021278951795787259`112.50656193359424*I",
						"-1.190289293700039182051855988599764268689748498200749396869409230587154121888926496021674233170390608611255319292817249973774288708017212`117.73448134976994 - 3.412711106652420946884005382294452751463343499221471133137868597542368471223309014515534729289248985463725044332934802125604352580315171`118.19192933458066*I",
						"-4.642725887070532967469725770334133268529825513552894422363828274575473641516126177311798695199458696529991218010121163365601741285458818`115.81914898021411 - 2.767472346397701485840684621604780019087683707473679695039165104504751289933489249061218006091912414805646135876209765420082842493899049`115.59445922825405*I",
						"-4.642725887070532967469725770334133268529825513552894422363828274575473641516126177311798695199458696529991218010121163292778048551819723`119.24470206070711 + 2.767472346397701485840684621604780019087683707473679695039165104504751289933489249061218006091912414805646135876209765441097877156525813`119.02001557535556*I",
						"-8.9358569274866891693428013394897420037013433940627416979402931082655408373450586675701083139341282042220428047273822`106.26257774682107*I",
						"8.9358569274866891693428013394897420037013433940627416979402931082655408373450586675701083139341282042220428102308976`106.37022154268585*I",
						"4.642725887070532967469725770334133268529825513552894422363828274575473641516126177311798695199458696529991218010121163292793971438686857`122.8367185039964 + 2.767472346397701485840684621604780019087683707473679695039165104504751289933489249061218006091912414805646135876209765441101761993666304`122.67392120645327*I",
						"4.642725887070532967469725770334133268529825513552894422363828274575473641516126177311798695199458696529991218010121163292792489394463314`120.78256357361101 - 2.767472346397701485840684621604780019087683707473679695039165104504751289933489249061218006091912414805646135876209765441101527627076468`120.55817782359179*I",
						"0.022818932874334023761132009078150298479862740463651445820343323218099111259925445133803157566561519615326190798959189065629045561391655`120.34787989362445 + 1.377700665661771636330515722278329796816180433916160804558784726783295131107097722356486640965558450830217578089888167343598324069435472`122.14190952195807*I",
						"0.022818932874334023761132009078150298479862740463651445820343323218099111259925445133803157566561519615326190798959189065628663193128121`117.8167495261554 - 1.377700665661771636330515722278329796816180433916160804558784726783295131107097722356486640965558450830217578089888167343601618226225191`119.59773988304323*I",
						"-0.022818932874334023761132009078150298479862740463651445820343323218099111259925445133803157566561519615326190798959189063250334513343255`115.21508562456324 + 1.377700665661771636330515722278329796816180433916160804558784726783295131107097722356486640965558450830217578089888167342692032456335434`116.99594682178959*I",
						"-0.022818932874334023761132009078150298479862740463651445820343323218099111259925445133803157566561519615326190798959189065629264786770159`118.71923247214222 - 1.377700665661771636330515722278329796816180433916160804558784726783295131107097722356486640965558450830217578089888167343598366581801988`120.50035633889675*I",
						"1.1902892937000391820518559885997642686897484982007493968694092305871541218889264960216742331703906086112558497396057`102.68538532109768 + 3.4127111066524209468840053822944527514633434992214711331378685975423684712233090145155347292892489854637255294941458`103.14283231970363*I",
						"1.190289293700039182051855988599764268689748498200749396869409230587154121888926496021674233170390608611255319293130455134798235310430986`108.70094035089915 - 3.412711106652420946884005382294452751463343499221471133137868597542368471223309014515534729289248985463725044333016585835574842615780293`109.1583873495051*I"
					],
					"GeometricComponent":"{5, 6}",
					"SortedReprnIndices":"{6, 5, 13, 1, 14, 2, 7, 4, 8, 3, 9, 11, 10, 12}",
					"Abelian":false,
					"Obstruction":-1,
					"ij_list":[
						[
							"{1, 2}"
						],
						[
							"{1, 3}"
						],
						[
							"{1, 4}"
						],
						[
							"{1, 5}"
						],
						[
							"{1, 6}"
						],
						[
							"{1, 7}"
						],
						[
							"{1, 8}"
						],
						[
							"{2, 3}"
						],
						[
							"{2, 4}"
						],
						[
							"{2, 5}"
						],
						[
							"{2, 6}"
						],
						[
							"{2, 7}"
						],
						[
							"{2, 8}"
						],
						[
							"{3, 4}",
							"{6, 8}",
							"{7, 8}"
						],
						[
							"{3, 5}"
						],
						[
							"{3, 6}"
						],
						[
							"{3, 7}",
							"{3, 8}"
						],
						[
							"{4, 5}"
						],
						[
							"{4, 6}"
						],
						[
							"{4, 7}"
						],
						[
							"{4, 8}"
						],
						[
							"{5, 6}"
						],
						[
							"{5, 7}"
						],
						[
							"{5, 8}"
						],
						[
							"{6, 7}"
						]
					],