{
	"Index":27,
	"Name":"8_13",
	"Hyperbolic":true,
	"Torus":false,
	"Satellite":false,
	"Diagrams":[
		{
			"Scode":"{8, 16, -14, -12, 2, -4, -6, -10}",
			"Acode":"{5, 1, -8, -7, 2, -3, -4, -6}",
			"PDcode":[
				"{1, 9, 2, 8}",
				"{3, 1, 4, 16}",
				"{5, 14, 6, 15}",
				"{7, 12, 8, 13}",
				"{9, 3, 10, 2}",
				"{11, 4, 12, 5}",
				"{13, 6, 14, 7}",
				"{15, 10, 16, 11}"
			],
			"SolvingSeqs":[
				[
					"{1, 5}",
					[],
					[
						"{1, 5, 2, 1}",
						"{2, 1, 3, 1}",
						"{5, 2, 6, 1}",
						"{6, -3, 7, 1}",
						"{5, -7, 4, 2}",
						"{1, -6, 8, 2}"
					],
					"{3}",
					"{7}",
					7
				]
			],
			"GeometricRepresentation":{
				"Volume":8.53123220146041572451556687203867406984085054031556129153330357803089491009480823889095139660138362714099410779501373,
				"ChernSimons":-6.06420740686345520675466938988272098928132761425332431844516991603640400084171768656441664032248285751941996925656147
			}
		}
	],
	"ParabolicReps":[
		{
			"DiagramIdx":1,
			"SolvingSeqIdx":1,
			"u":{
				"CheckEq":[
					"-u + u^2 - (u - u^3)^2*((1 - u^2)*(u - u^3)^2 - u^2*(1 - u*(u - u^3))) + u*(u - u^3 - u^2*(-u^3 - (1 - u^2)*(u - u^3)))*(-u - (1 - u^2)*(-u^3 - (1 - u^2)*(u - u^3)))",
					"1 - u^2 - (1 - u*(u - u^3))*((1 - u^2)*(u - u^3)^2 - u^2*(1 - u*(u - u^3))) + u*(-u - (1 - u^2)*(-u^3 - (1 - u^2)*(u - u^3)))^2"
				],
				"TimingForPrimaryIdeals":3.6625e-2
			},
			"v":{
				"CheckEq":[
					"1 - v"
				],
				"TimingForPrimaryIdeals":3.1741e-2
			},
			"PrimaryIdeals":[
				{
					"IdealName":"J8_13_0",
					"Generators":[
						"1 - u + 2*u^4 - 2*u^5 - 2*u^6 + 6*u^7 - u^8 - 7*u^9 + 4*u^10 + 4*u^11 - 3*u^12 - u^13 + u^14"
					],
					"VariableOrder":[
						"u"
					],
					"Characteristic":0,
					"KnownGroebner":[],
					"Status":[
						"vCompNormalize"
					],
					"MonomialOrder":"lex",
					"IsHomogeneous":false,
					"IsZeroDim":true,
					"IdealDimension":0,
					"ZeroDimensionalVars":[
						"u"
					],
					"Timings":{
						"TimingmagmaVCompNormalize":3.92e-4,
						"TimingComplexVolumeN":1.158745,
						"TimingObstruction":4.273e-3,
						"TiminguValues_ij":5.54e-4,
						"TiminguPolys_ij_N":1.4654e-2
					},
					"ComplexVolumeN":[
						"-7.82627141797346215218520219082533160020415972469585328978787788102952763171331458103160049754165237851796339996377768769471412974979645`121.55761296403824 + 0.47054844321258492237807683008105460887859892373440516653194610821407166695579101869225236325273764653391492823341468771904322615717913`120.34851122714211*I",
						"-7.826271417973462152185202190825331600204159724695853289787877881029527631713314581031600497541652378517963399962652331889098251271771374`108.29499076763531 - 0.470548443212584922378076830081054608878598923734405166531946108214071666955791018692252363252737646533914928234261020128471322750254484`107.07404020322991*I",
						"-0.563803149073704971808413770473723403466892780593068233049573451943439502170298678383246307758640867766177452167306992717246752737184011`118.96935180967392 - 5.071847360094690186057482885650680360387247615738924268509942941767806654294287403179595575089609919418805323120279986368400380971455346`119.92356469895815*I",
						"-0.563803149073704971808413770473723403466892780593068233049573451943439502170298678383246307758640867766177452167306992717259236541267501`116.52692261363292 + 5.071847360094690186057482885650680360387247615738924268509942941767806654294287403179595575089609919418805323120279986368287123543328586`117.48096182828364*I",
						"1.362650972619268362606262899441276742966293409867155440681834863976302645566174379775866634268975654204858410515264796033713401034444239`122.20375884465962 + 0.62858602565569085801952072653787890073670578782456910759136572175378140833744490038422812909161370945557208454228176203822024025785154`121.90065732392564*I",
						"1.362650972619268362606262899441276742966293409867155440681834863976302645566174379775866634268975654204858410515261815495597366244492736`111.39146784804949 - 0.628586025655690858019520726537878900736705787824569107591365721753781408337444900384228129091613709455572084542278607561249995468720546`111.05544793932664*I",
						"-3.512482604087360672259412363077653408256551704115483895004030220290678649364447331586138668442261360264440901925317023304690495028301633`122.52305301395289 - 3.628787160435030611961832372070255278398599825391447448548945574876670633224578218604175136374597738987816712667900499540584657865226391`122.56216190356733*I",
						"-3.512482604087360672259412363077653408256551704115483895004030220290678649364447331586138668442261360264440901925317023304690493623781698`122.25927619912135 + 3.62878716043503061196183237207025527839859982539144744854894557487667063322457821860417513637459773898781671266790049954058465870821058`122.30684927091684*I",
						"-1.440383279973985943970307257893727686667693288619495541936737919048149064552796795211096173388563729955635070460178722206440985827445965`117.51363569595208 + 2.191283268649056370676521273956042166244716859047681467018486495725650146527174369169907382232468365364529762205883101557916484395109756`117.69585965698096*I",
						"-1.440383279973985943970307257893727686667693288619495541936737919048149064552796795211096173388563729955635070460178720413564797123433378`114.88533390406934 - 2.191283268649056370676521273956042166244716859047681467018486495725650146527174369169907382232468365364529762205883095602372817396884268`115.06755440757422*I",
						"-1.694711916826016653297239927040421925717067112071511415285144228068193441762009793002915154252478923829273444290169184264356711886261033`122.24090299317488 + 1.404836730256497530745013680151920695828270807480518851125474374030340853518227607838234581821809066219673931521354365764873611246330132`122.20029327287757*I",
						"-1.694711916826016653297239927040421925717067112071511415285144228068193441762009793002915154252478923829273444290169184219897277111412744`115.40230074122638 - 1.404836730256497530745013680151920695828270807480518851125474374030340853518227607838234581821809066219673931521354365774408234421046875`115.32083072262074*I",
						"-6.064207406863455206754669389882720989281327614253324318445169916036404000841717686564416640322482857519419969256561473988689308531672717`117.13558856388838 + 8.531232201460415724515566872038674069840850540315561291533303578030894910094808238890951396601383627140994107795013727282396652709602442`117.28382663099256*I",
						"-6.064207406863455206754669389882720989281327614253324318445169916036404000841717686564416640322482857519419969256561474001787041640582896`122.3005238214143 - 8.531232201460415724515566872038674069840850540315561291533303578030894910094808238890951396601383627140994107795013727283120555353938313`122.48274509127738*I"
					],
					"GeometricComponent":"{13, 14}",
					"SortedReprnIndices":"{13, 14, 4, 3, 8, 7, 9, 10, 11, 12, 5, 6, 1, 2}",
					"Abelian":false,
					"Obstruction":-1,
					"ij_list":[
						[
							"{1, 2}",
							"{1, 3}",
							"{5, 6}"
						],
						[
							"{1, 4}"
						],
						[
							"{1, 5}",
							"{2, 5}",
							"{2, 6}"
						],
						[
							"{1, 6}"
						],
						[
							"{1, 7}"
						],
						[
							"{1, 8}"
						],
						[
							"{2, 3}"
						],
						[
							"{2, 4}"
						],
						[
							"{2, 7}"
						],
						[
							"{2, 8}"
						],
						[
							"{3, 4}"
						],
						[
							"{3, 5}"
						],
						[
							"{3, 6}"
						],
						[
							"{3, 7}"
						],
						[
							"{3, 8}"
						],
						[
							"{4, 5}"
						],
						[
							"{4, 6}"
						],
						[
							"{4, 7}"
						],
						[
							"{4, 8}"
						],
						[
							"{5, 7}"
						],
						[
							"{5, 8}"
						],
						[
							"{6, 7}"
						],
						[
							"{6, 8}"
						],
						[
							"{7, 8}"
						]
					],