{
	"Index":28,
	"Name":"8_14",
	"Hyperbolic":true,
	"Torus":false,
	"Satellite":false,
	"Diagrams":[
		{
			"Scode":"{-8, 16, 12, -2, 4, 14, 6, 10}",
			"Acode":"{-5, 1, 7, -2, 3, 8, 4, 6}",
			"PDcode":[
				"{1, 8, 2, 9}",
				"{3, 1, 4, 16}",
				"{5, 13, 6, 12}",
				"{7, 2, 8, 3}",
				"{9, 5, 10, 4}",
				"{11, 15, 12, 14}",
				"{13, 7, 14, 6}",
				"{15, 11, 16, 10}"
			],
			"SolvingSeqs":[
				[
					"{4, 8}",
					[],
					[
						"{8, 4, 7, 2}",
						"{4, 7, 3, 2}",
						"{7, 8, 6, 2}",
						"{8, 6, 1, 1}",
						"{3, 1, 2, 2}",
						"{6, 3, 5, 2}"
					],
					"{4}",
					"{1}",
					1
				]
			],
			"GeometricRepresentation":{
				"Volume":9.21780031602192866882631539257238271971371673030561887855108262422079060643226434789796263210360243926025505,
				"ChernSimons":1.02630166112812266001336025217272068816791543732004251824085441068214388311743552855241257545646940914588043
			}
		}
	],
	"ParabolicReps":[
		{
			"DiagramIdx":1,
			"SolvingSeqIdx":1,
			"u":{
				"CheckEq":[
					"1 - u + (1 - u^2)*(-u^3 - (1 - u^2)*(u - u^3)) - (1 - u^2 + u^3*(-u^5 + (1 - u^2)*(u - u^2*(u - u^3))))*(-u^2 - (u - u^2*(u - u^3))*(-u^5 + (1 - u^2)*(u - u^2*(u - u^3))))",
					"-u + u^3 - u^2*(-u^3 - (1 - u^2)*(u - u^3)) - (-u^2 - (u - u^2*(u - u^3))*(-u^5 + (1 - u^2)*(u - u^2*(u - u^3))))^2"
				],
				"TimingForPrimaryIdeals":5.1406e-2
			},
			"v":{
				"CheckEq":[
					"1 - v"
				],
				"TimingForPrimaryIdeals":3.587e-2
			},
			"PrimaryIdeals":[
				{
					"IdealName":"J8_14_0",
					"Generators":[
						"-1 + 2*u - 2*u^2 - 2*u^3 + 6*u^4 - 8*u^6 + 2*u^7 + 9*u^8 - 4*u^9 - 6*u^10 + 4*u^11 + 3*u^12 - 2*u^13 - u^14 + u^15"
					],
					"VariableOrder":[
						"u"
					],
					"Characteristic":0,
					"KnownGroebner":[],
					"Status":[
						"vCompNormalize"
					],
					"MonomialOrder":"lex",
					"IsHomogeneous":false,
					"IsZeroDim":true,
					"IdealDimension":0,
					"ZeroDimensionalVars":[
						"u"
					],
					"Timings":{
						"TimingmagmaVCompNormalize":4.08e-4,
						"TimingComplexVolumeN":1.466523,
						"TimingObstruction":4.402e-3,
						"TiminguValues_ij":5.43e-4,
						"TiminguPolys_ij_N":1.5282e-2
					},
					"ComplexVolumeN":[
						"-4.208163139161981540980065884065096728639673721676596174229145559394940093961459259710364352491427881307828299652348897714642551805335271`113.30698002926997 - 3.603404802635154991588966202730046592389779307814580840197585014965274354997298021024542156608485263317359871147657429853730207165376617`113.23960051634903*I",
						"-4.208163139161981540980065884065096728639673721676596174229145559394940093961459259710364352491427881307828299652348901504912516413449085`116.55638845016291 + 3.603404802635154991588966202730046592389779307814580840197585014965274354997298021024542156608485263317359871147657427035250186215735295`116.49019957736496*I",
						"3.016894144222415804234719230660307800546287630065136930801953309663486469686972230994551269436282510201061772036298456113372889577533785`106.8486354453693 - 4.091992795839136831245067326297974720441361910296632467088316775620189399201721643653696143392273516777820616720100075848632604148630537`106.98101023375055*I",
						"3.0168941442224158042347192306603078005462876300651369308019533096634864696869722309945512694367575798277260908343609`92.58482282971481 + 4.0919927958391368312450673262979747204413619102966324670883167756201893992017216436536961433915762453197733614157423`92.71719761809607*I",
						"3.53338401650519445362784673193500039291214099899870137335597748549662321772829684090136450603492496537451954156462578920184098058351194`120.85564712225359 - 1.505232217994304115620582948161832907142564209469509212456878769911604473786645297489279601582711921201966870897688660763749840241485502`120.48882847995196*I",
						"3.533384016505194453627846731935000392912140998998701373355977485496623217728296840901364506034924965374519541575277976971170091733634431`107.70851316027952 + 1.505232217994304115620582948161832907142564209469509212456878769911604473786645297489279601582711921201966870898162775369681307366007283`107.33792582551892*I",
						"-0.351173035711136936967544434480250028352430764500099683799079117213693113954390571499038189479647439213133165433159577722823542502010846`111.85856262594825 + 1.660843526425564918782259392331260335953889004136291836601335052339192730449190859601796517181048334970524328956933962626155449379813285`112.53337018213529*I",
						"-0.351173035711136936967544434480250028352430764500099683799079117213693113954390571499038189479647439213133165433159569232376594091539791`118.00968963199676 - 1.660843526425564918782259392331260335953889004136291836601335052339192730449190859601796517181048334970524328956933956803296778049063388`118.68449918379645*I",
						"1.983047664123841260343085554322511093603678553663731716527254104702388517912724460341050705719613945675752213137518540035600995541598647`122.2719057678043 - 3.518522092389633613164989462472426981663445865755891773953915071839314571797075318323480714077127134060658244116293081168091851715020852`122.56535804918983*I",
						"1.983047664123841260343085554322511093603678553663731716527254104702388517912724460341050705719613945675752213137518540037110884423011549`116.40953603966143 + 3.518522092389633613164989462472426981663445865755891773953915071839314571797075318323480714077127134060658244116293081169759601174227176`116.65856321588966*I",
						-1.4242805766554659324979080390770936393889940065696736585579148664211616101610664950386501054182237544797888023890855,
						"-1.820749922506383079313824681037608614714996278775882195015519856670416869844244671310208111037465574680351611977937221559548745577182239`115.9076388888821 + 2.074017438622710142864809244308062946880305904108097413245138407966559826251956949145590789502384234327101999518197553656881319332232689`115.96420161663649*I",
						"-1.820749922506383079313824681037608614714996278775882195015519856670416869844244671310208111037465574680351611977937222029654318044401098`114.04338308412719 - 2.074017438622710142864809244308062946880305904108097413245138407966559826251956949145590789502384234327101999518197552815053028709115134`114.09994518795934*I",
						"1.026301661128122660013360252172720688167915437320042518240854410682143883117435528552412575456469409145880429926588496548993173362443793`107.41176527751783 + 9.217800316021928668826315392572382719713716730305618878551082624220790606432264347897962632103602439260255046653461589327103395435912917`108.36511754150901*I",
						"1.026301661128122660013360252172720688167915437320042518240854410682143883117435528552412575456469409145880429928146520574303706286384189`112.41102154936439 - 9.217800316021928668826315392572382719713716730305618878551082624220790606432264347897962632103602439260255046652518532665324017422069235`113.36437381339583*I"
					],
					"GeometricComponent":"{14, 15}",
					"SortedReprnIndices":"{14, 15, 4, 3, 2, 1, 10, 9, 12, 13, 7, 8, 6, 5, 11}",
					"Abelian":false,
					"Obstruction":-1,
					"ij_list":[
						[
							"{1, 2}"
						],
						[
							"{1, 3}"
						],
						[
							"{1, 4}"
						],
						[
							"{1, 5}"
						],
						[
							"{1, 6}"
						],
						[
							"{1, 7}"
						],
						[
							"{1, 8}"
						],
						[
							"{2, 3}"
						],
						[
							"{2, 4}"
						],
						[
							"{2, 5}"
						],
						[
							"{2, 6}"
						],
						[
							"{2, 7}"
						],
						[
							"{2, 8}"
						],
						[
							"{3, 4}",
							"{6, 8}",
							"{7, 8}"
						],
						[
							"{3, 5}"
						],
						[
							"{3, 6}"
						],
						[
							"{3, 7}"
						],
						[
							"{3, 8}"
						],
						[
							"{4, 5}"
						],
						[
							"{4, 6}"
						],
						[
							"{4, 7}",
							"{4, 8}"
						],
						[
							"{5, 6}"
						],
						[
							"{5, 7}"
						],
						[
							"{5, 8}"
						],
						[
							"{6, 7}"
						]
					],