{
	"Index":30,
	"Name":"8_16",
	"Hyperbolic":true,
	"Torus":false,
	"Satellite":false,
	"Diagrams":[
		{
			"Scode":"{12, -8, 16, -2, -14, -6, 4, -10}",
			"Acode":"{7, -5, 1, -2, -8, -4, 3, -6}",
			"PDcode":[
				"{1, 13, 2, 12}",
				"{3, 8, 4, 9}",
				"{5, 1, 6, 16}",
				"{7, 2, 8, 3}",
				"{9, 14, 10, 15}",
				"{11, 6, 12, 7}",
				"{13, 5, 14, 4}",
				"{15, 10, 16, 11}"
			],
			"SolvingSeqs":[
				[
					"{3, 5, 7}",
					[],
					[
						"{7, 3, 8, 1}",
						"{3, -5, 2, 2}",
						"{2, 7, 1, 2}",
						"{5, -2, 4, 2}",
						"{7, -4, 6, 2}"
					],
					"{3, 5}",
					"{8}",
					8
				]
			],
			"GeometricRepresentation":{
				"Volume":10.579021916899270325808684550088672898504885279597080817501861080634910546303804153283849638608792573726971023123485277035621,
				"ChernSimons":6.881449958025275685855915417425138944010399769950797309253685402377608963766186105878355136997545508883147234207856132087782
			}
		}
	],
	"ParabolicReps":[
		{
			"DiagramIdx":1,
			"SolvingSeqIdx":1,
			"u":{
				"CheckEq":[
					"1 + u + (1 - a*(b - a*u^2))*(u^2 - b*(b - a*u^2))",
					"-u + u^3 + (u^2 - b*(b - a*u^2))^2",
					"-a + (a - b)^2*u + u*(b*u + a*(u - u^3))",
					"-b + u + (a - b)*b*u - (u - u^3)*(b*u + a*(u - u^3))"
				],
				"TimingForPrimaryIdeals":3.4842e-2
			},
			"v":{
				"CheckEq":[
					"b^4",
					"1 - b^2*(1 - a*b) - v",
					"-b - b^2*v",
					"-a + v - (a - b)*b*v + b*v^2"
				],
				"TimingForPrimaryIdeals":5.2151e-2
			},
			"PrimaryIdeals":[
				{
					"IdealName":"J8_16_0",
					"Generators":[
						"1 - u + 2*u^2 - 2*u^4 + u^5",
						"a - u^2 + u^3",
						"-1 + b - u^2 + u^3"
					],
					"VariableOrder":[
						"u",
						"a",
						"b"
					],
					"Characteristic":0,
					"KnownGroebner":[],
					"Status":[
						"vCompNormalize"
					],
					"MonomialOrder":"lex",
					"IsHomogeneous":false,
					"IsZeroDim":true,
					"IdealDimension":0,
					"ZeroDimensionalVars":[
						"u",
						"a",
						"b"
					],
					"Timings":{
						"TimingmagmaVCompNormalize":4.68e-4,
						"TimingComplexVolumeN":0.43869,
						"TimingObstruction":1.266e-3,
						"TiminguValues_ij":4.79e-4,
						"TiminguPolys_ij_N":2.701e-3
					},
					"ComplexVolumeN":[
						3.684169364844359273532569903581311082225298449100536174440556010660222538108797600696643676472292649614992012916672465,
						"-1.321331339630436358496332119308681133637774439070472426663951375542686616006180973975346922444777659822623805334596517167663943945239753`109.38898399089419 + 1.300336003478931615062953619438851680276037822619315682610435229963019205001183369260538865348657326623558585597752607263984325869309992`109.38202784247457*I",
						"-1.321331339630436358496332119308681133637774439070472426663951375542686616006180973975346922444777659822623805335675006489399568361244325`123.69420561550255 - 1.300336003478931615062953619438851680276037822619315682610435229963019205001183369260538865348657326623558585597528959182686735970096854`123.7556957417794*I",
						"6.881449958025275685855915417425138944010399769950797309253685402377608963766186105878355136997545508883147234207856132087782339515405155`123.92739173028978 - 10.579021916899270325808684550088672898504885279597080817501861080634910546303804153283849638608792573726971023123485277035620591641177789`124.16581235074815*I",
						"6.881449958025275685855915417425138944010399769950797309253685402377608963766186105878355136997545508883147234207859685085648665976426893`113.04368050741776 + 10.579021916899270325808684550088672898504885279597080817501861080634910546303804153283849638608792573726971023123487499763916373106594085`113.23044606826281*I"
					],
					"GeometricComponent":"{4, 5}",
					"SortedReprnIndices":"{5, 4, 2, 3, 1}",
					"Abelian":false,
					"Obstruction":-1,
					"ij_list":[
						[
							"{1, 2}"
						],
						[
							"{1, 3}"
						],
						[
							"{1, 4}"
						],
						[
							"{1, 5}"
						],
						[
							"{1, 6}"
						],
						[
							"{1, 7}"
						],
						[
							"{1, 8}"
						],
						[
							"{2, 3}",
							"{4, 5}"
						],
						[
							"{2, 4}",
							"{2, 5}",
							"{3, 5}"
						],
						[
							"{2, 6}"
						],
						[
							"{2, 7}"
						],
						[
							"{2, 8}"
						],
						[
							"{3, 4}"
						],
						[
							"{3, 6}"
						],
						[
							"{3, 7}",
							"{3, 8}"
						],
						[
							"{4, 6}"
						],
						[
							"{4, 7}"
						],
						[
							"{4, 8}"
						],
						[
							"{5, 6}"
						],
						[
							"{5, 7}"
						],
						[
							"{5, 8}"
						],
						[
							"{6, 7}"
						],
						[
							"{6, 8}"
						],
						[
							"{7, 8}"
						]
					],
					"uPolys_ij_N":[
						"1 + 5*u + 4*u^2 + 6*u^3 + u^5",
						"1 + 3*u + 2*u^2 + u^5",
						"1 + 3*u + 2*u^2 + u^5",
						"1 + 5*u + 4*u^2 + 6*u^3 + u^5",
						"-1 - u - 2*u^2 + 2*u^4 + u^5",
						"1 + 3*u + 2*u^2 + u^5",
						"-1 - 3*u + 6*u^3 - 4*u^4 + u^5",
						"-1 - 3*u + 6*u^3 - 4*u^4 + u^5",
						"-1 - u - 2*u^2 + 2*u^4 + u^5",
						"7 + 19*u + 16*u^2 - 14*u^3 + u^5",
						"1 + 3*u + 2*u^2 + u^5",
						"16 + 44*u + 67*u^2 + 42*u^3 + 11*u^4 + u^5",
						"1 + 5*u + 4*u^2 + 6*u^3 + u^5",
						"1 + 7*u + 14*u^2 + 2*u^3 + 2*u^4 + u^5",
						"8 + 24*u + 30*u^2 + 19*u^3 + 7*u^4 + u^5",
						"4 + 14*u + 23*u^2 + 18*u^3 + 7*u^4 + u^5",
						"4 + 14*u + 23*u^2 + 18*u^3 + 7*u^4 + u^5",
						"7 + 19*u + 16*u^2 - 14*u^3 + u^5",
						"-1 - 3*u + 6*u^3 - 4*u^4 + u^5",
						"1 + 7*u + 14*u^2 + 2*u^3 + 2*u^4 + u^5",
						"-1 - u - 2*u^2 + 2*u^4 + u^5",
						"-16 + 12*u - 81*u^2 + 30*u^3 - 13*u^4 + u^5",
						"-1 - u - 2*u^2 + 2*u^4 + u^5",
						"64 + 96*u + 100*u^2 - 11*u^3 + 11*u^4 + u^5"
					],
					"uPolysN":[
						"1 + 3*u + 2*u^2 + u^5",
						"-1 - u - 2*u^2 + 2*u^4 + u^5",
						"1 - 3*u + 2*u^2 - u^5",
						"1 - u + 2*u^2 - 2*u^4 + u^5",
						"-1 - u - 2*u^2 + 2*u^4 + u^5",
						"4 - 14*u + 23*u^2 - 18*u^3 + 7*u^4 - u^5",
						"8 - 24*u + 30*u^2 - 19*u^3 + 7*u^4 - u^5",
						"1 - u + 2*u^2 - 2*u^4 + u^5"
					]
				},
				{
					"IdealName":"J8_16_1",
					"Generators":[
						"1 + 4*u + 8*u^2 - 6*u^3 - 16*u^4 - u^5 + 7*u^6 + 7*u^7 + 4*u^8 - 5*u^9 - 4*u^10 + u^11 + u^12",
						"2852 + 749*a + 2636*u - 2110*u^2 - 2712*u^3 - 1118*u^4 - 426*u^5 + 1878*u^6 + 669*u^7 - 456*u^8 - 94*u^9 - 32*u^10 - 96*u^11",
						"-22 + 107*b - 269*u + 388*u^2 + 834*u^3 - 150*u^4 - 609*u^5 - 364*u^6 - 143*u^7 + 394*u^8 + 268*u^9 - 100*u^10 - 86*u^11"
					],
					"VariableOrder":[
						"u",
						"a",
						"b"
					],
					"Characteristic":0,
					"KnownGroebner":[],
					"Status":[
						"vCompNormalize"
					],
					"MonomialOrder":"lex",
					"IsHomogeneous":false,
					"IsZeroDim":true,
					"IdealDimension":0,
					"ZeroDimensionalVars":[
						"u",
						"a",
						"b"
					],
					"Timings":{
						"TimingmagmaVCompNormalize":4.82e-4,
						"TimingComplexVolumeN":1.023364,
						"TimingObstruction":2.956e-3,
						"TiminguValues_ij":4.4e-4,
						"TiminguPolys_ij_N":8.288e-3
					},