{
	"Index":33,
	"Name":"8_19",
	"Hyperbolic":false,
	"Torus":true,
	"Satellite":false,
	"Diagrams":[
		{
			"Scode":"{6, 16, 11, 2, 13, 15, 5, 9}",
			"Acode":"{4, 1, 7, 2, 8, 1, 4, 6}",
			"PDcode":[
				"{1, 7, 2, 6}",
				"{3, 1, 4, 16}",
				"{4, 12, 5, 11}",
				"{7, 3, 8, 2}",
				"{8, 14, 9, 13}",
				"{10, 16, 11, 15}",
				"{12, 6, 13, 5}",
				"{14, 10, 15, 9}"
			],
			"SolvingSeqs":[
				[
					"{1, 4, 7}",
					[],
					[
						"{1, 4, 2, 1}",
						"{4, 2, 5, 1}",
						"{4, 7, 3, 2}",
						"{7, 1, 6, 2}",
						"{1, 6, 8, 2}"
					],
					"{2, 7}",
					"{5}",
					5
				]
			]
		}
	],
	"ParabolicReps":[
		{
			"DiagramIdx":1,
			"SolvingSeqIdx":1,
			"u":{
				"CheckEq":[
					"-1 + a + b*(a + b)",
					"1 - a^2*u - u^2",
					"-u - a*b*u + u^2",
					"b + b^2 + a*u^2"
				],
				"TimingForPrimaryIdeals":3.5143e-2
			},
			"v":{
				"CheckEq":[
					"b + b^2",
					"b^2*v",
					"1 - v + a*b*v",
					"-1 + a + b*(a + b) - b*v^2"
				],
				"TimingForPrimaryIdeals":3.3663e-2
			},
			"PrimaryIdeals":[
				{
					"IdealName":"J8_19_1",
					"Generators":[
						"-1 + 2*u + u^2",
						"-1 + a - u",
						"b + u"
					],
					"VariableOrder":[
						"u",
						"a",
						"b"
					],
					"Characteristic":0,
					"KnownGroebner":[],
					"Status":[
						"vCompNormalize"
					],
					"MonomialOrder":"lex",
					"IsHomogeneous":false,
					"IsZeroDim":true,
					"IdealDimension":0,
					"ZeroDimensionalVars":[
						"u",
						"a",
						"b"
					],
					"Timings":{
						"TimingmagmaVCompNormalize":4.67e-4,
						"TimingComplexVolumeN":0.146189,
						"TimingObstruction":3.83e-4,
						"TiminguValues_ij":3.78e-4,
						"TiminguPolys_ij_N":6.28e-4
					},
					"ComplexVolumeN":[
						18.91674176875460401943277441642928967601792386387818203395891963775508590963681004908673235712722511099604966806687769281573,
						-0.82246703342411321823620758332301259460947495060339921886777911468500373520160043691681445030987935265200215948116860
					],
					"SortedReprnIndices":"{1, 2}",
					"Abelian":false,
					"Obstruction":-1,
					"ij_list":[
						[
							"{1, 2}",
							"{4, 5}"
						],
						[
							"{1, 3}"
						],
						[
							"{1, 4}",
							"{2, 4}",
							"{2, 5}"
						],
						[
							"{1, 5}"
						],
						[
							"{1, 6}",
							"{1, 7}"
						],
						[
							"{1, 8}"
						],
						[
							"{2, 3}"
						],
						[
							"{2, 6}"
						],
						[
							"{2, 7}"
						],
						[
							"{2, 8}"
						],
						[
							"{3, 4}"
						],
						[
							"{3, 5}"
						],
						[
							"{3, 6}"
						],
						[
							"{3, 7}"
						],
						[
							"{3, 8}"
						],
						[
							"{4, 6}"
						],
						[
							"{4, 7}"
						],
						[
							"{4, 8}"
						],
						[
							"{5, 6}"
						],
						[
							"{5, 7}"
						],
						[
							"{5, 8}"
						],
						[
							"{6, 7}"
						],
						[
							"{6, 8}"
						],
						[
							"{7, 8}"
						]
					],
					"uPolys_ij_N":[
						"1 + 6*u + u^2",
						"1 + 6*u + u^2",
						"-1 - 2*u + u^2",
						"4 + 12*u + u^2",
						"-1 - 2*u + u^2",
						"1 + 6*u + u^2",
						"1 + 34*u + u^2",
						"2 + 4*u + u^2",
						"-7 - 10*u + u^2",
						"-1 - 2*u + u^2",
						"4 + 12*u + u^2",
						"-25 - 70*u + u^2",
						"9 + 18*u + u^2",
						"2 + 4*u + u^2",
						"-14 - 36*u + u^2",
						"-1 - 2*u + u^2",
						"2 + 4*u + u^2",
						"2 + 4*u + u^2",
						"1 + 6*u + u^2",
						"-7 - 22*u + u^2",
						"-1 - 2*u + u^2",
						"1 + 6*u + u^2",
						"-1 - 2*u + u^2",
						"4 + 12*u + u^2"
					],
					"uPolysN":[
						"-1 - 2*u + u^2",
						"1 - 6*u + u^2",
						"2 + 4*u + u^2",
						"1 - 2*u - u^2",
						"-1 - 2*u + u^2",
						"1 - 2*u - u^2",
						"2 - 4*u + u^2",
						"1 - 2*u - u^2"
					]
				},
				{
					"IdealName":"J8_19_2",
					"Generators":[
						"-1 + u",
						"a",
						"1 + b"
					],
					"VariableOrder":[
						"u",
						"a",
						"b"
					],
					"Characteristic":0,
					"KnownGroebner":[],
					"Status":[
						"vCompNormalize"
					],
					"MonomialOrder":"lex",
					"IsHomogeneous":false,
					"IsZeroDim":true,
					"IdealDimension":0,
					"ZeroDimensionalVars":[
						"u",
						"a",
						"b"
					],
					"Timings":{
						"TimingmagmaVCompNormalize":4.73e-4,
						"TimingComplexVolumeN":8.1009e-2,
						"TimingObstruction":1.79e-4,
						"TiminguValues_ij":3.48e-4,
						"TiminguPolys_ij_N":3.42e-4
					},
					"ComplexVolumeN":[
						-3.28986813369645287294483033329205037843789980241359687547111645874001494080640174766725780123951741060800863792467438136
					],
					"SortedReprnIndices":"{1}",
					"Abelian":false,
					"Obstruction":1,
					"ij_list":[
						[
							"{1, 2}",
							"{4, 5}"
						],
						[
							"{1, 3}"
						],
						[
							"{1, 4}",
							"{2, 4}",
							"{2, 5}"
						],
						[
							"{1, 5}"
						],
						[
							"{1, 6}",
							"{1, 7}"
						],
						[
							"{1, 8}"
						],
						[
							"{2, 3}"
						],
						[
							"{2, 6}"
						],
						[
							"{2, 7}"
						],
						[
							"{2, 8}"
						],
						[
							"{3, 4}"
						],
						[
							"{3, 5}"
						],
						[
							"{3, 6}"
						],
						[
							"{3, 7}"
						],
						[
							"{3, 8}"
						],
						[
							"{4, 6}"
						],
						[
							"{4, 7}"
						],
						[
							"{4, 8}"
						],
						[
							"{5, 6}"
						],
						[
							"{5, 7}"
						],
						[
							"{5, 8}"
						],
						[
							"{6, 7}"
						],
						[
							"{6, 8}"
						],
						[
							"{7, 8}"
						]
					],
					"uPolys_ij_N":[
						"-1 + u",
						"-1 + u",
						"-1 + u",
						"u",
						"1 + u",
						"1 + u",
						"-1 + u",
						"u",
						"1 + u",
						"1 + u",
						"u",
						"-1 + u",
						"-1 + u",
						"u",
						"u",
						"-1 + u",
						"u",
						"u",
						"-1 + u",
						"-1 + u",
						"-1 + u",
						"-1 + u",
						"-1 + u",
						"u"
					],
					"uPolysN":[
						"-1 + u",
						"1 + u",
						"u",
						"1 + u",
						"-1 + u",
						"1 - u",
						"-u",
						"1 + u"
					]
				},
				{
					"IdealName":"abJ8_19_3",
					"Generators":[
						"-1 + v",
						"-1 + a",
						"b"
					],
					"VariableOrder":[
						"v",
						"a",
						"b"
					],
					"Characteristic":0,
					"KnownGroebner":[],
					"Status":[
						"vCompNormalize"
					],
					"MonomialOrder":"lex",
					"IsHomogeneous":false,
					"IsZeroDim":true,
					"IdealDimension":0,
					"ZeroDimensionalVars":[
						"v",
						"a",
						"b"
					],
					"Timings":{
						"TimingmagmaVCompNormalize":4.57e-4,
						"TimingComplexVolumeN":7.1766e-2,
						"TimingObstruction":1.58e-4,
						"TiminguValues_ij":2.63e-4,
						"TiminguPolys_ij_N":1.53e-4
					},
					"ComplexVolumeN":"{0}",
					"SortedReprnIndices":"{1}",
					"Abelian":true,
					"Obstruction":1,
					"ij_list":[
						[
							"{1, 2}",
							"{1, 4}",
							"{1, 5}",
							"{2, 4}",
							"{2, 5}",
							"{4, 5}"
						],
						[
							"{1, 3}",
							"{2, 3}",
							"{4, 8}",
							"{5, 8}"
						],
						[
							"{1, 6}",
							"{1, 7}",
							"{2, 6}",
							"{2, 7}"
						],
						[
							"{1, 8}",
							"{2, 8}"
						],
						[
							"{3, 4}",
							"{3, 5}"
						],
						[
							"{3, 6}"
						],
						[
							"{3, 7}"
						],
						[
							"{3, 8}"
						],
						[
							"{4, 6}",
							"{4, 7}",
							"{5, 6}",
							"{5, 7}"
						],
						[
							"{6, 7}"
						],
						[
							"{6, 8}"
						],
						[
							"{7, 8}"
						]
					],
					"uPolys_ij_N":[
						"u",
						"u",
						"u",
						"u",
						"u",
						"u",
						"u",
						"u",
						"u",
						"u",
						"u",
						"u"
					],
					"uPolysN":[
						"u",
						"-u",
						"u",
						"-u",
						"u",
						"-u",
						"-u",
						"-u"
					]
				}
			],