{
	"Index":16,
	"Name":"8_2",
	"Hyperbolic":true,
	"Torus":false,
	"Satellite":false,
	"Diagrams":[
		{
			"Scode":"{-10, 16, 12, 14, -2, 4, 6, 8}",
			"Acode":"{-6, 1, 7, 8, -2, 3, 4, 5}",
			"PDcode":[
				"{1, 10, 2, 11}",
				"{3, 1, 4, 16}",
				"{5, 13, 6, 12}",
				"{7, 15, 8, 14}",
				"{9, 2, 10, 3}",
				"{11, 5, 12, 4}",
				"{13, 7, 14, 6}",
				"{15, 9, 16, 8}"
			],
			"SolvingSeqs":[
				[
					"{1, 6}",
					[],
					[
						"{1, -6, 2, 1}",
						"{2, 1, 3, 1}",
						"{6, 3, 7, 1}",
						"{6, -2, 5, 2}",
						"{1, 5, 8, 2}",
						"{5, 8, 4, 2}"
					],
					"{3}",
					"{7}",
					7
				]
			],
			"GeometricRepresentation":{
				"Volume":4.93524267828065435747806777384183598662362346482382898683837643671366461834660498938872894491417725702216709628807369,
				"ChernSimons":-14.07244742085040986242033632999522221222840270063104568895844906267160055512828083512553146434946822146875968388541822
			}
		}
	],
	"ParabolicReps":[
		{
			"DiagramIdx":1,
			"SolvingSeqIdx":1,
			"u":{
				"CheckEq":[
					"-u - u^2 - u^3 + (u + u^3*(1 + u^2))*(-(u^3*(1 + u^2)^2) + (1 + u^2)*(u + u^3*(1 + u^2))) - (u + u^3)^2*(u*(u + u^3)^2 - (u + u^3)*(1 + u*(u + u^3)))",
					"1 + u + u^2 - u*(1 + u^2)^2*(-(u^3*(1 + u^2)^2) + (1 + u^2)*(u + u^3*(1 + u^2))) + (1 + u*(u + u^3))*(u*(u + u^3)^2 - (u + u^3)*(1 + u*(u + u^3)))"
				],
				"TimingForPrimaryIdeals":5.382e-2
			},
			"v":{
				"CheckEq":[
					"1 - v"
				],
				"TimingForPrimaryIdeals":5.2779e-2
			},
			"PrimaryIdeals":[
				{
					"IdealName":"J8_2_0",
					"Generators":[
						"-1 + 2*u^3 + 3*u^4 + 2*u^5 + 3*u^6 + u^7 + u^8"
					],
					"VariableOrder":[
						"u"
					],
					"Characteristic":0,
					"KnownGroebner":[],
					"Status":[
						"vCompNormalize"
					],
					"MonomialOrder":"lex",
					"IsHomogeneous":false,
					"IsZeroDim":true,
					"IdealDimension":0,
					"ZeroDimensionalVars":[
						"u"
					],
					"Timings":{
						"TimingmagmaVCompNormalize":3.95e-4,
						"TimingComplexVolumeN":0.69285,
						"TimingObstruction":2.194e-3,
						"TiminguValues_ij":5.59e-4,
						"TiminguPolys_ij_N":5.958e-3
					},
					"ComplexVolumeN":[
						-10.175887337328915696736195421811335306982049164652617883596980591369471245854380403671609300287023165820598405054455905483224,
						"-14.072447420850409862420336329995222212228402700631045688958449062671600555128280835125531464349468221468759683885418216634638511513019838`118.14428314929458 + 4.935242678280654357478067773841835986623623464823828986838376436713664618346604989388728944914177257022167096288073687116805919531905969`117.68922242969488*I",
						"-14.072447420850409862420336329995222212228402700631045688958449062671600555128280835125531464349468221468759683885418216633793202153852733`122.98276204386346 - 4.935242678280654357478067773841835986623623464823828986838376436713664618346604989388728944914177257022167096288073687114442729948705239`122.55660877765487*I",
						"-0.491278070067256075923889318119240121153785983391678430586162074801901987433770999263590430200698443503698219352663635005707399844521463`122.05009394836712 + 1.275321629441971677497207170711719807990872089879206876864327457186478797535254562210351846401927748647393399213390158969018772167737111`122.482610341578*I",
						"-0.49127807006725607592388931811924012115378598339167843058616207480190198743377099926359043020069844350369821935266363500529325553052728`118.03868624453447 - 1.275321629441971677497207170711719807990872089879206876864327457186478797535254562210351846401927748647393399213390158969246779141639145`118.45299170785928*I",
						"-4.345198941960012879992913601600768635854362782401910174315424565528437308067032285736876990608261158783952596433890561338615701208096114`111.84776455783069 - 3.632832906453820661253630484491073600312653937186301026754202244248913476573678801595008067169161913737145615758341145677302271067535483`111.78494022301116*I",
						"-4.345198941960012879992913601600768635854362782401910174315424565528437308067032285736876990608261158783952596433890461264811951968579697`118.16906185225969 + 3.632832906453820661253630484491073600312653937186301026754202244248913476573678801595008067169161913737145615758341144560862713924863374`118.09129900619729*I",
						-1.354285802362519760761981078138958431113344938702066660749694883726873164983477571085259947988882345786710164471715189097376
					],
					"GeometricComponent":"{2, 3}",
					"SortedReprnIndices":"{2, 3, 7, 6, 4, 5, 1, 8}",
					"Abelian":false,
					"Obstruction":-1,
					"ij_list":[
						[
							"{1, 2}",
							"{1, 3}",
							"{5, 6}"
						],
						[
							"{1, 4}"
						],
						[
							"{1, 5}"
						],
						[
							"{1, 6}",
							"{2, 5}",
							"{2, 6}"
						],
						[
							"{1, 7}"
						],
						[
							"{1, 8}"
						],
						[
							"{2, 3}"
						],
						[
							"{2, 4}"
						],
						[
							"{2, 7}"
						],
						[
							"{2, 8}"
						],
						[
							"{3, 4}"
						],
						[
							"{3, 5}"
						],
						[
							"{3, 6}"
						],
						[
							"{3, 7}"
						],
						[
							"{3, 8}"
						],
						[
							"{4, 5}"
						],
						[
							"{4, 6}"
						],
						[
							"{4, 7}"
						],
						[
							"{4, 8}"
						],
						[
							"{5, 7}"
						],
						[
							"{5, 8}"
						],
						[
							"{6, 7}"
						],
						[
							"{6, 8}"
						],
						[
							"{7, 8}"
						]
					],
					"uPolys_ij_N":[
						"1 - 6*u^2 - 10*u^3 - u^4 + 10*u^5 + 11*u^6 + 5*u^7 + u^8",
						"1 + 4*u + 6*u^2 + 14*u^3 + 19*u^4 + 28*u^5 - 11*u^6 - 3*u^7 + u^8",
						"-1 - 2*u - 2*u^2 + 4*u^3 + 7*u^4 - 4*u^5 - 5*u^6 + u^7 + u^8",
						"-1 - 2*u^3 + 3*u^4 - 2*u^5 + 3*u^6 - u^7 + u^8",
						"-7 - 6*u^2 - 40*u^3 - 9*u^4 + 24*u^5 + u^6 - 5*u^7 + u^8",
						"1 + 6*u^2 + 50*u^3 + 103*u^4 + 98*u^5 + 47*u^6 + 11*u^7 + u^8",
						"1 + 12*u + 34*u^2 + 66*u^3 + 71*u^4 + 34*u^5 + 19*u^6 + 3*u^7 + u^8",
						"1 + 6*u + 12*u^2 + 22*u^3 + 35*u^4 + 24*u^5 + 21*u^6 - u^7 + u^8",
						"1 + 6*u + 12*u^2 + 22*u^3 + 35*u^4 + 24*u^5 + 21*u^6 - u^7 + u^8",
						"1 + 12*u + 34*u^2 + 66*u^3 + 71*u^4 + 34*u^5 + 19*u^6 + 3*u^7 + u^8",
						"1 + 6*u^2 + 50*u^3 + 103*u^4 + 98*u^5 + 47*u^6 + 11*u^7 + u^8",
						"-7 - 6*u^2 - 40*u^3 - 9*u^4 + 24*u^5 + u^6 - 5*u^7 + u^8",
						"-1 - 2*u - 2*u^2 + 4*u^3 + 7*u^4 - 4*u^5 - 5*u^6 + u^7 + u^8",
						"-1 - 2*u - 2*u^2 + 4*u^3 + 7*u^4 - 4*u^5 - 5*u^6 + u^7 + u^8",
						"1 + 4*u + 6*u^2 + 14*u^3 + 19*u^4 + 28*u^5 - 11*u^6 - 3*u^7 + u^8",
						"1 + 6*u^2 + 50*u^3 + 103*u^4 + 98*u^5 + 47*u^6 + 11*u^7 + u^8",
						"1 + 4*u + 6*u^2 + 14*u^3 + 19*u^4 + 28*u^5 - 11*u^6 - 3*u^7 + u^8",
						"-1 - 2*u - 2*u^2 + 4*u^3 + 7*u^4 - 4*u^5 - 5*u^6 + u^7 + u^8",
						"-1 - 2*u - 2*u^2 + 4*u^3 + 7*u^4 - 4*u^5 - 5*u^6 + u^7 + u^8",
						"1 + 4*u + 6*u^2 + 14*u^3 + 19*u^4 + 28*u^5 - 11*u^6 - 3*u^7 + u^8",
						"-1 - 2*u - 2*u^2 + 4*u^3 + 7*u^4 - 4*u^5 - 5*u^6 + u^7 + u^8",
						"1 + 6*u^2 + 50*u^3 + 103*u^4 + 98*u^5 + 47*u^6 + 11*u^7 + u^8",
						"-7 - 6*u^2 - 40*u^3 - 9*u^4 + 24*u^5 + u^6 - 5*u^7 + u^8",
						"1 + 6*u^2 + 50*u^3 + 103*u^4 + 98*u^5 + 47*u^6 + 11*u^7 + u^8"
					],
					"uPolysN":[
						"-1 - 2*u^3 + 3*u^4 - 2*u^5 + 3*u^6 - u^7 + u^8",
						"1 - 6*u^2 + 10*u^3 - u^4 - 10*u^5 + 11*u^6 - 5*u^7 + u^8",
						"-1 - 2*u - 2*u^2 + 4*u^3 + 7*u^4 - 4*u^5 - 5*u^6 + u^7 + u^8",
						"-1 - 2*u - 2*u^2 + 4*u^3 + 7*u^4 - 4*u^5 - 5*u^6 + u^7 + u^8",
						"1 - 2*u^3 - 3*u^4 - 2*u^5 - 3*u^6 - u^7 - u^8",
						"1 - 2*u + 2*u^2 + 4*u^3 - 7*u^4 - 4*u^5 + 5*u^6 + u^7 - u^8",
						"1 - 2*u + 2*u^2 + 4*u^3 - 7*u^4 - 4*u^5 + 5*u^6 + u^7 - u^8",
						"1 - 2*u + 2*u^2 + 4*u^3 - 7*u^4 - 4*u^5 + 5*u^6 + u^7 - u^8"
					]
				},
				{
					"IdealName":"abJ8_2_1",
					"Generators":[
						"-1 + v"
					],
					"VariableOrder":[
						"v"
					],
					"Characteristic":0,
					"KnownGroebner":[],
					"Status":[
						"vCompNormalize"
					],
					"MonomialOrder":"lex",
					"IsHomogeneous":false,
					"IsZeroDim":true,