{
	"Index":34,
	"Name":"8_20",
	"Hyperbolic":true,
	"Torus":false,
	"Satellite":false,
	"Diagrams":[
		{
			"Scode":"{6, 16, -11, 2, -13, -5, -15, -9}",
			"Acode":"{4, 1, -7, 2, -8, -4, -1, -6}",
			"PDcode":[
				"{1, 7, 2, 6}",
				"{3, 1, 4, 16}",
				"{4, 11, 5, 12}",
				"{7, 3, 8, 2}",
				"{8, 13, 9, 14}",
				"{10, 5, 11, 6}",
				"{12, 15, 13, 16}",
				"{14, 9, 15, 10}"
			],
			"SolvingSeqs":[
				[
					"{1, 4, 7}",
					[],
					[
						"{1, 4, 2, 1}",
						"{4, 2, 5, 1}",
						"{4, -7, 3, 2}",
						"{7, -4, 6, 2}",
						"{1, -6, 8, 2}"
					],
					"{2, 7}",
					"{5}",
					5
				]
			],
			"GeometricRepresentation":{
				"Volume":4.1249032518076761555058998488693781629294776466641165560553372361973096238283080310395617060072630260545166312089823,
				"ChernSimons":-11.9099170709489267435571215084541932006904023463049257296896096883903858051902440126552448540274447813535320022951744
			}
		}
	],
	"ParabolicReps":[
		{
			"DiagramIdx":1,
			"SolvingSeqIdx":1,
			"u":{
				"CheckEq":[
					"1 + a^2*u - u^2",
					"-u + a*b*u + u^2",
					"-1 + a + b - a*(b + a*u^2)",
					"b - (b + a*u^2)^2"
				],
				"TimingForPrimaryIdeals":3.5297e-2
			},
			"v":{
				"CheckEq":[
					"b - b^2",
					"-(b^2*v)",
					"1 - v - a*b*v",
					"-1 + a + b - b*(a - b*v^2)"
				],
				"TimingForPrimaryIdeals":3.2892e-2
			},
			"PrimaryIdeals":[
				{
					"IdealName":"J8_20_0",
					"Generators":[
						"1 + 3*u - 3*u^2 - 2*u^3 + 2*u^4 + u^5",
						"-2 + a + 2*u^2 - u^3 - u^4",
						"b + 2*u - 2*u^2 + u^4"
					],
					"VariableOrder":[
						"u",
						"a",
						"b"
					],
					"Characteristic":0,
					"KnownGroebner":[],
					"Status":[
						"vCompNormalize"
					],
					"MonomialOrder":"lex",
					"IsHomogeneous":false,
					"IsZeroDim":true,
					"IdealDimension":0,
					"ZeroDimensionalVars":[
						"u",
						"a",
						"b"
					],
					"Timings":{
						"TimingmagmaVCompNormalize":5.06e-4,
						"TimingComplexVolumeN":0.457436,
						"TimingObstruction":1.157e-3,
						"TiminguValues_ij":3.94e-4,
						"TiminguPolys_ij_N":2.234e-3
					},
					"ComplexVolumeN":[
						"-11.90991707094892674355712150845419320069040234630492572968960968839038580519024401265524485402744478135353200229517443352119566834946002`116.6734531348454 - 4.124903251807676155505899848869378162929477646664116556055337236197309623828308031039561706007263026054516631208982340281642555226689478`116.21295816946993*I",
						"-11.909917070948926743557121508454193200690402346304925729689609688390385805190244012655244854027444781353532002295174424357992194304579803`113.98606212545417 + 4.124903251807676155505899848869378162929477646664116556055337236197309623828308031039561706007263026054516631208982372399470474964626285`113.52556715474397*I",
						1.2036488591091272853387150265397515511583357849832049095699935234855764099275698747097087090702000901998376028294576008416,
						"-1.851379893391448390891557337983884088640364755841064226979852908312462162999147915368640705465724906178421350818251892268245316113527448`116.11562042389517 + 1.108914615024574613052218273664686921882339045488209622825811792237158690078958909843690602684027280978895067309086100218089705102602465`115.89302298936151*I",
						"-1.851379893391448390891557337983884088640364755841064226979852908312462162999147915368640705465724906178421350818251892268939651688047689`120.71650968208603 - 1.108914615024574613052218273664686921882339045488209622825811792237158690078958909843690602684027280978895067309086100215091473300620877`120.49392901490975*I"
					],
					"GeometricComponent":"{1, 2}",
					"SortedReprnIndices":"{2, 1, 4, 5, 3}",
					"Abelian":false,
					"Obstruction":-1,
					"ij_list":[
						[
							"{1, 2}",
							"{4, 5}"
						],
						[
							"{1, 3}"
						],
						[
							"{1, 4}",
							"{2, 4}",
							"{2, 5}"
						],
						[
							"{1, 5}"
						],
						[
							"{1, 6}"
						],
						[
							"{1, 7}",
							"{2, 6}"
						],
						[
							"{1, 8}"
						],
						[
							"{2, 3}"
						],
						[
							"{2, 7}"
						],
						[
							"{2, 8}"
						],
						[
							"{3, 4}"
						],
						[
							"{3, 5}"
						],
						[
							"{3, 6}"
						],
						[
							"{3, 7}"
						],
						[
							"{3, 8}"
						],
						[
							"{4, 6}",
							"{4, 7}"
						],
						[
							"{4, 8}"
						],
						[
							"{5, 6}"
						],
						[
							"{5, 7}"
						],
						[
							"{5, 8}"
						],
						[
							"{6, 7}"
						],
						[
							"{6, 8}"
						],
						[
							"{7, 8}"
						]
					],
					"uPolys_ij_N":[
						"1 + 15*u + 25*u^2 + 22*u^3 + 8*u^4 + u^5",
						"1 + 15*u + 25*u^2 + 22*u^3 + 8*u^4 + u^5",
						"-1 + 3*u + 3*u^2 - 2*u^3 - 2*u^4 + u^5",
						"-4 + 8*u + 23*u^2 + 27*u^3 + 9*u^4 + u^5",
						"-1 - u - u^2 + 2*u^3 + 2*u^4 + u^5",
						"-1 - u - u^2 + 6*u^3 + u^5",
						"-1 - u - u^2 + 6*u^3 + u^5",
						"1 + 175*u - 19*u^2 + 114*u^3 + 20*u^4 + u^5",
						"-43 + 69*u - 7*u^2 + 40*u^3 - 2*u^4 + u^5",
						"-2 + 2*u + u^2 + 5*u^3 + u^4 + u^5",
						"-4 + 8*u + 23*u^2 + 27*u^3 + 9*u^4 + u^5",
						"-9 + 45*u - 103*u^2 + 260*u^3 - 28*u^4 + u^5",
						"-16 + 56*u - 84*u^2 + 62*u^3 - 10*u^4 + u^5",
						"-2 + 2*u + u^2 + 5*u^3 + u^4 + u^5",
						"-19 - 7*u + 59*u^2 + 108*u^3 + 4*u^4 + u^5",
						"-2 + 2*u + u^2 + 5*u^3 + u^4 + u^5",
						"-1 - u - u^2 + 6*u^3 + u^5",
						"-1 - u - u^2 + 6*u^3 + u^5",
						"-49 - 7*u + 73*u^2 + 80*u^3 - 4*u^4 + u^5",
						"-1 - u - u^2 + 2*u^3 + 2*u^4 + u^5",
						"-4 + 8*u + 23*u^2 + 27*u^3 + 9*u^4 + u^5",
						"-1 - u - u^2 + 2*u^3 + 2*u^4 + u^5",
						"-1 - u - 13*u^2 + 34*u^3 + 12*u^4 + u^5"
					],
					"uPolysN":[
						"-1 + 3*u + 3*u^2 - 2*u^3 - 2*u^4 + u^5",
						"1 - 15*u + 25*u^2 - 22*u^3 + 8*u^4 - u^5",
						"-2 + 2*u + u^2 + 5*u^3 + u^4 + u^5",
						"1 + 3*u - 3*u^2 - 2*u^3 + 2*u^4 + u^5",
						"-1 - u - u^2 + 2*u^3 + 2*u^4 + u^5",
						"2 + 2*u - u^2 + 5*u^3 - u^4 + u^5",
						"1 - u + u^2 + 6*u^3 + u^5",
						"1 - u + u^2 + 2*u^3 - 2*u^4 + u^5"
					]
				},
				{
					"IdealName":"J8_20_1",
					"Generators":[
						"-1 + u",
						"a",
						"-1 + b"
					],
					"VariableOrder":[
						"u",
						"a",
						"b"
					],
					"Characteristic":0,
					"KnownGroebner":[],
					"Status":[
						"vCompNormalize"
					],
					"MonomialOrder":"lex",
					"IsHomogeneous":false,
					"IsZeroDim":true,
					"IdealDimension":0,
					"ZeroDimensionalVars":[
						"u",
						"a",
						"b"
					],
					"Timings":{
						"TimingmagmaVCompNormalize":4.73e-4,
						"TimingComplexVolumeN":0.104983,
						"TimingObstruction":1.79e-4,
						"TiminguValues_ij":3.6e-4,
						"TiminguPolys_ij_N":3.63e-4
					},
					"ComplexVolumeN":"{0}",
					"GeometricComponent":0,
					"SortedReprnIndices":"{1}",
					"Abelian":false,
					"Obstruction":1,
					"ij_list":[
						[
							"{1, 2}",
							"{4, 5}"
						],
						[
							"{1, 3}"
						],
						[
							"{1, 4}",
							"{2, 4}",
							"{2, 5}"
						],
						[
							"{1, 5}"
						],
						[
							"{1, 6}"
						],
						[
							"{1, 7}",
							"{2, 6}"
						],
						[
							"{1, 8}"
						],
						[
							"{2, 3}"
						],
						[
							"{2, 7}"
						],
						[
							"{2, 8}"
						],
						[
							"{3, 4}"
						],
						[
							"{3, 5}"
						],
						[
							"{3, 6}"
						],
						[
							"{3, 7}"
						],
						[
							"{3, 8}"
						],
						[
							"{4, 6}",
							"{4, 7}"
						],
						[
							"{4, 8}"
						],
						[
							"{5, 6}"
						],
						[
							"{5, 7}"
						],
						[
							"{5, 8}"
						],
						[
							"{6, 7}"
						],
						[
							"{6, 8}"
						],
						[
							"{7, 8}"
						]
					],