{
	"Index":35,
	"Name":"8_21",
	"Hyperbolic":true,
	"Torus":false,
	"Satellite":false,
	"Diagrams":[
		{
			"Scode":"{6, 16, -11, 2, 14, -5, 8, 12}",
			"Acode":"{4, 1, -7, 2, 8, -4, 5, 7}",
			"PDcode":[
				"{1, 7, 2, 6}",
				"{3, 1, 4, 16}",
				"{4, 11, 5, 12}",
				"{7, 3, 8, 2}",
				"{9, 15, 10, 14}",
				"{10, 5, 11, 6}",
				"{13, 9, 14, 8}",
				"{15, 13, 16, 12}"
			],
			"SolvingSeqs":[
				[
					"{1, 4, 7}",
					[],
					[
						"{1, 4, 2, 1}",
						"{4, 2, 5, 1}",
						"{4, -7, 3, 2}",
						"{1, 7, 8, 2}",
						"{5, 8, 6, 1}"
					],
					"{2, 7}",
					"{6}",
					6
				]
			],
			"GeometricRepresentation":{
				"Volume":6.783713519835126515708813942086034048831469456592638291597331406498241570022911079977087577633297417109148196311637,
				"ChernSimons":4.773031556973306706799108253856886291985788072367090865161819928602154868783248279258620032646739514446944560473138
			}
		}
	],
	"ParabolicReps":[
		{
			"DiagramIdx":1,
			"SolvingSeqIdx":1,
			"u":{
				"CheckEq":[
					"1 + a^2*u - u^2",
					"-u + a*b*u + u^2",
					"-1 + a + a*b - u*(b*u + a*(u - u^3))",
					"b + b^2 + (u - u^3)*(b*u + a*(u - u^3))"
				],
				"TimingForPrimaryIdeals":3.5944e-2
			},
			"v":{
				"CheckEq":[
					"b + b^2",
					"-(b^2*v)",
					"1 - v - a*b*v",
					"-1 + a + a*b - b*v^2"
				],
				"TimingForPrimaryIdeals":5.842e-2
			},
			"PrimaryIdeals":[
				{
					"IdealName":"J8_21_0",
					"Generators":[
						"1 - u + u^3 + u^4",
						"a - u - u^2",
						"b + u^2"
					],
					"VariableOrder":[
						"u",
						"a",
						"b"
					],
					"Characteristic":0,
					"KnownGroebner":[],
					"Status":[
						"vCompNormalize"
					],
					"MonomialOrder":"lex",
					"IsHomogeneous":false,
					"IsZeroDim":true,
					"IdealDimension":0,
					"ZeroDimensionalVars":[
						"u",
						"a",
						"b"
					],
					"Timings":{
						"TimingmagmaVCompNormalize":4.5e-4,
						"TimingComplexVolumeN":0.380752,
						"TimingObstruction":1.13e-3,
						"TiminguValues_ij":4.76e-4,
						"TiminguPolys_ij_N":2.576e-3
					},
					"ComplexVolumeN":[
						"4.773031556973306706799108253856886291985788072367090865161819928602154868783248279258620032646739514446944560473137750354198873966597306`115.35660945660241 - 6.783713519835126515708813942086034048831469456592638291597331406498241570022911079977087577633297417109148196311636628505080518419947799`115.50928265085663*I",
						"4.773031556973306706799108253856886291985788072367090865161819928602154868783248279258620032646739514446944560473521903112089860337107914`110.30202260794033 + 6.783713519835126515708813942086034048831469456592638291597331406498241570022911079977087577633297417109148196311516427793173199683843951`110.45469580134734*I",
						"-0.660696389852740615618070337241823318938413319350094770822924355177136192775246094674547781097342751186933763067294895749029650394084949`112.04897464436048 + 1.450223952937006934115389016864733960634701679487359228810987799866794593191688442351463145224453160103327510782674052645365480911535418`112.3904260280612*I",
						"-0.660696389852740615618070337241823318938413319350094770822924355177136192775246094674547781097342751186933763067294773651049141429576366`123.38992603698533 - 1.450223952937006934115389016864733960634701679487359228810987799866794593191688442351463145224453160103327510782674076136019109457088921`123.76207496468997*I"
					],
					"GeometricComponent":"{1, 2}",
					"SortedReprnIndices":"{2, 1, 3, 4}",
					"Abelian":false,
					"Obstruction":-1,
					"ij_list":[
						[
							"{1, 2}",
							"{4, 5}"
						],
						[
							"{1, 3}"
						],
						[
							"{1, 4}",
							"{2, 4}",
							"{2, 5}"
						],
						[
							"{1, 5}"
						],
						[
							"{1, 6}"
						],
						[
							"{1, 7}"
						],
						[
							"{1, 8}"
						],
						[
							"{2, 3}"
						],
						[
							"{2, 6}"
						],
						[
							"{2, 7}"
						],
						[
							"{2, 8}"
						],
						[
							"{3, 4}"
						],
						[
							"{3, 5}"
						],
						[
							"{3, 6}"
						],
						[
							"{3, 7}"
						],
						[
							"{3, 8}"
						],
						[
							"{4, 6}"
						],
						[
							"{4, 7}"
						],
						[
							"{4, 8}"
						],
						[
							"{5, 6}"
						],
						[
							"{5, 7}"
						],
						[
							"{5, 8}"
						],
						[
							"{6, 7}"
						],
						[
							"{6, 8}"
						],
						[
							"{7, 8}"
						]
					],
					"uPolys_ij_N":[
						"1 + u + 4*u^2 + u^3 + u^4",
						"1 + u + 4*u^2 + u^3 + u^4",
						"1 + u - u^3 + u^4",
						"4 + 8*u + u^2 - 3*u^3 + u^4",
						"4 + 16*u + 19*u^2 + 6*u^3 + u^4",
						"1 + u + 4*u^2 + u^3 + u^4",
						"1 - 7*u + 16*u^2 - 7*u^3 + u^4",
						"1 - 7*u + 16*u^2 - 7*u^3 + u^4",
						"1 + u + 4*u^2 + u^3 + u^4",
						"4 - 6*u + 7*u^2 - 4*u^3 + u^4",
						"2 - 6*u + 9*u^2 - 5*u^3 + u^4",
						"4 + 8*u + u^2 - 3*u^3 + u^4",
						"4 + 16*u + 19*u^2 + 6*u^3 + u^4",
						"2 + 6*u + 35*u^2 + 9*u^3 + u^4",
						"2 + 2*u + 3*u^2 + 3*u^3 + u^4",
						"11 - 15*u + 22*u^2 + 3*u^3 + u^4",
						"2 + 2*u + 3*u^2 + 3*u^3 + u^4",
						"2 + 2*u + 3*u^2 + 3*u^3 + u^4",
						"1 + u + 4*u^2 + u^3 + u^4",
						"1 + u + 4*u^2 + u^3 + u^4",
						"1 + u - u^3 + u^4",
						"1 + u - u^3 + u^4",
						"4 + 8*u + u^2 - 3*u^3 + u^4",
						"1 + u - u^3 + u^4",
						"1 + u + 4*u^2 + u^3 + u^4"
					],
					"uPolysN":[
						"1 + u - u^3 + u^4",
						"1 - u + 4*u^2 - u^3 + u^4",
						"2 + 2*u + 3*u^2 + 3*u^3 + u^4",
						"1 - u + u^3 + u^4",
						"1 + u - u^3 + u^4",
						"2 - 2*u + 3*u^2 - 3*u^3 + u^4",
						"1 - u + u^3 + u^4",
						"1 - u + 4*u^2 - u^3 + u^4"
					]
				},
				{
					"IdealName":"J8_21_1",
					"Generators":[
						"-1 - 2*u + u^3 + u^4",
						"1 + a - u^3",
						"2 + b + u - u^2 - u^3"
					],
					"VariableOrder":[
						"u",
						"a",
						"b"
					],
					"Characteristic":0,
					"KnownGroebner":[],
					"Status":[
						"vCompNormalize"
					],
					"MonomialOrder":"lex",
					"IsHomogeneous":false,
					"IsZeroDim":true,
					"IdealDimension":0,
					"ZeroDimensionalVars":[
						"u",
						"a",
						"b"
					],
					"Timings":{
						"TimingmagmaVCompNormalize":4.56e-4,
						"TimingComplexVolumeN":0.376922,
						"TimingObstruction":9.41e-4,
						"TiminguValues_ij":4.53e-4,
						"TiminguPolys_ij_N":2.144e-3
					},
					"ComplexVolumeN":[
						5.59277582728396988400621156659648564334442966410311468830089797985802539937088297103433826210717959803361468447194644831074,
						5.592775827283969884006211566596485643344429664103114688300897979858025399370882971034338262107179598034,
						-2.30290769358751701106138123330443526490652986168951781282978152111801045856448122336708046086766218742560604654727206695148,
						-2.30290769358751701106138123330443526490652986168951781282978152111801045856448122336708046086766218742560604654727207
					],
					"GeometricComponent":0,
					"SortedReprnIndices":"{1, 2, 3, 4}",
					"Abelian":false,
					"Obstruction":-1,
					"ij_list":[
						[
							"{1, 2}",
							"{4, 5}"
						],
						[
							"{1, 3}"
						],
						[
							"{1, 4}",
							"{2, 4}",
							"{2, 5}"
						],
						[
							"{1, 5}"
						],
						[
							"{1, 6}"
						],
						[
							"{1, 7}"
						],
						[
							"{1, 8}"
						],
						[
							"{2, 3}"
						],
						[
							"{2, 6}"
						],
						[
							"{2, 7}"
						],
						[
							"{2, 8}"
						],
						[
							"{3, 4}"
						],
						[
							"{3, 5}"
						],
						[
							"{3, 6}"
						],
						[
							"{3, 7}"
						],
						[
							"{3, 8}"
						],
						[
							"{4, 6}"
						],
						[
							"{4, 7}"
						],
						[
							"{4, 8}"
						],
						[
							"{5, 6}"
						],
						[
							"{5, 7}"
						],
						[
							"{5, 8}"
						],
						[
							"{6, 7}"
						],
						[
							"{6, 8}"
						],
						[
							"{7, 8}"
						]
					],