{
	"Index":17,
	"Name":"8_3",
	"Hyperbolic":true,
	"Torus":false,
	"Satellite":false,
	"Diagrams":[
		{
			"Scode":"{-12, -10, 16, 14, -4, -2, 8, 6}",
			"Acode":"{-7, -6, 1, 8, -3, -2, 5, 4}",
			"PDcode":[
				"{1, 12, 2, 13}",
				"{3, 10, 4, 11}",
				"{5, 1, 6, 16}",
				"{7, 15, 8, 14}",
				"{9, 4, 10, 5}",
				"{11, 2, 12, 3}",
				"{13, 9, 14, 8}",
				"{15, 7, 16, 6}"
			],
			"SolvingSeqs":[
				[
					"{3, 6}",
					[],
					[
						"{3, -6, 2, 2}",
						"{6, -2, 7, 1}",
						"{2, -7, 1, 2}",
						"{6, -3, 5, 2}",
						"{7, 5, 8, 1}",
						"{5, 8, 4, 2}"
					],
					"{3}",
					"{8}",
					8
				]
			],
			"GeometricRepresentation":{
				"Volume":5.2386841007984401554864731063661609234225336039122565670185838108722064264460368595551822337575804936747455351113146861899,
				"ChernSimons":0
			}
		}
	],
	"ParabolicReps":[
		{
			"DiagramIdx":1,
			"SolvingSeqIdx":1,
			"u":{
				"CheckEq":[
					"1 + u + (1 + u^2)*(u^2 + u*(u + u^3)) + (u - u*(u^2 + u*(u + u^3)))*(-(u*(u - u*(u^2 + u*(u + u^3)))) - u*(u + u^3 + u*(u^2 + u*(u + u^3))))",
					"-u + (u^2 + u*(u + u^3))^2 + (u + u^3 + u*(u^2 + u*(u + u^3)))*(-(u*(u - u*(u^2 + u*(u + u^3)))) - u*(u + u^3 + u*(u^2 + u*(u + u^3))))"
				],
				"TimingForPrimaryIdeals":3.6534e-2
			},
			"v":{
				"CheckEq":[
					"1 - v"
				],
				"TimingForPrimaryIdeals":3.2527e-2
			},
			"PrimaryIdeals":[
				{
					"IdealName":"J8_3_0",
					"Generators":[
						"1 + 2*u^2 - 4*u^3 + 7*u^4 - 4*u^5 + 5*u^6 - u^7 + u^8"
					],
					"VariableOrder":[
						"u"
					],
					"Characteristic":0,
					"KnownGroebner":[],
					"Status":[
						"vCompNormalize"
					],
					"MonomialOrder":"lex",
					"IsHomogeneous":false,
					"IsZeroDim":true,
					"IdealDimension":0,
					"ZeroDimensionalVars":[
						"u"
					],
					"Timings":{
						"TimingmagmaVCompNormalize":3.94e-4,
						"TimingComplexVolumeN":0.787841,
						"TimingObstruction":2.603e-3,
						"TiminguValues_ij":6.95e-4,
						"TiminguPolys_ij_N":7.219e-3
					},
					"ComplexVolumeN":[
						"1.046003457247400734337143547589818691513532606727121538043152863658243211232907190782651314903309378344817954254874567950209821408168626`111.07751705024583*I",
						"-1.046003457247400734337143547589818691513532606727121538043152863658243211232907190782651314903309378344817954254876350635793309379503895`120.65434511307194*I",
						"-6.609588353658406773580479688713039879671156960559396983802285987609726510428006530793504408448134595326994083923656715608678856228543065`113.31967490661043 + 2.185356953728633783984792919758304857386322159868411054701424683908741826404256737863149548801137076645336960048208095020941158296831631`112.839022878562*I",
						"-6.609588353658406773580479688713039879671156960559396983802285987609726510428006530793504408448134595326994083923765188004094893286443227`110.03689469893447 - 2.185356953728633783984792919758304857386322159868411054701424683908741826404256737863149548801137076645336960048214240058926058176504795`109.55624267081349*I",
						"-5.238684100798440155486473106366160923422533603912256567018583810872206426446036859555182233757580493674745535111314686189857356787405859`121.85475408489071*I",
						"5.238684100798440155486473106366160923422533603912256567018583810872206426446036859555182233757580493674745535111314686189857349984740864`122.45670909841225*I",
						"6.609588353658406773580479688713039879671156960559396983802285987609726510428006530793504408448134595326994083923656287326152367856529682`112.90709614903695 - 2.185356953728633783984792919758304857386322159868411054701424683908741826404256737863149548801137076645336960048208890243623297230389342`112.4264441209198*I",
						"6.609588353658406773580479688713039879671156960559396983802285987609726510428006530793504408448134595326994083923656407752947353050232985`123.49695371392475 + 2.185356953728633783984792919758304857386322159868411054701424683908741826404256737863149548801137076645336960048208864391841246382296466`123.05310252838525*I"
					],
					"GeometricComponent":"{5, 6}",
					"SortedReprnIndices":"{6, 5, 8, 3, 7, 4, 1, 2}",
					"Abelian":false,
					"Obstruction":-1,
					"ij_list":[
						[
							"{1, 2}"
						],
						[
							"{1, 3}",
							"{5, 7}"
						],
						[
							"{1, 4}"
						],
						[
							"{1, 5}"
						],
						[
							"{1, 6}"
						],
						[
							"{1, 7}"
						],
						[
							"{1, 8}"
						],
						[
							"{2, 3}",
							"{5, 6}",
							"{6, 7}"
						],
						[
							"{2, 4}"
						],
						[
							"{2, 5}",
							"{3, 7}"
						],
						[
							"{2, 6}",
							"{2, 7}",
							"{3, 5}",
							"{3, 6}"
						],
						[
							"{2, 8}"
						],
						[
							"{3, 4}"
						],
						[
							"{3, 8}"
						],
						[
							"{4, 5}"
						],
						[
							"{4, 6}"
						],
						[
							"{4, 7}"
						],
						[
							"{4, 8}"
						],
						[
							"{5, 8}"
						],
						[
							"{6, 8}"
						],
						[
							"{7, 8}"
						]
					],
					"uPolys_ij_N":[
						"1 + 4*u + 18*u^2 + 22*u^3 + 39*u^4 + 50*u^5 + 31*u^6 + 9*u^7 + u^8",
						"1 + 2*u^2 - 4*u^3 + 7*u^4 - 4*u^5 + 5*u^6 - u^7 + u^8",
						"1 + 2*u^2 - 4*u^3 + 7*u^4 - 4*u^5 + 5*u^6 - u^7 + u^8",
						"5 + 4*u + 24*u^2 - 2*u^3 + 23*u^4 + 4*u^5 + 7*u^6 + u^7 + u^8",
						"5 - 4*u + 24*u^2 + 2*u^3 + 23*u^4 - 4*u^5 + 7*u^6 - u^7 + u^8",
						"1 + 2*u^2 + 4*u^3 + 7*u^4 + 4*u^5 + 5*u^6 + u^7 + u^8",
						"1 - 4*u + 18*u^2 - 22*u^3 + 39*u^4 - 50*u^5 + 31*u^6 - 9*u^7 + u^8",
						"1 + 4*u + 18*u^2 + 22*u^3 + 39*u^4 + 50*u^5 + 31*u^6 + 9*u^7 + u^8",
						"7 + 2*u + 46*u^2 - 16*u^3 - 17*u^4 - 12*u^5 + 13*u^6 + 5*u^7 + u^8",
						"5 - 4*u + 24*u^2 + 2*u^3 + 23*u^4 - 4*u^5 + 7*u^6 - u^7 + u^8",
						"1 + 2*u^2 + 4*u^3 + 7*u^4 + 4*u^5 + 5*u^6 + u^7 + u^8",
						"7 - 2*u + 46*u^2 + 16*u^3 - 17*u^4 + 12*u^5 + 13*u^6 - 5*u^7 + u^8",
						"1 - 4*u + 18*u^2 - 22*u^3 + 39*u^4 - 50*u^5 + 31*u^6 - 9*u^7 + u^8",
						"5 + 4*u + 24*u^2 - 2*u^3 + 23*u^4 + 4*u^5 + 7*u^6 + u^7 + u^8",
						"1 - 4*u + 18*u^2 - 22*u^3 + 39*u^4 - 50*u^5 + 31*u^6 - 9*u^7 + u^8",
						"7 - 2*u + 46*u^2 + 16*u^3 - 17*u^4 + 12*u^5 + 13*u^6 - 5*u^7 + u^8",
						"5 + 4*u + 24*u^2 - 2*u^3 + 23*u^4 + 4*u^5 + 7*u^6 + u^7 + u^8",
						"1 + 2*u^2 - 4*u^3 + 7*u^4 - 4*u^5 + 5*u^6 - u^7 + u^8",
						"1 + 2*u^2 - 4*u^3 + 7*u^4 - 4*u^5 + 5*u^6 - u^7 + u^8",
						"7 + 2*u + 46*u^2 - 16*u^3 - 17*u^4 - 12*u^5 + 13*u^6 + 5*u^7 + u^8",
						"1 - 4*u + 18*u^2 - 22*u^3 + 39*u^4 - 50*u^5 + 31*u^6 - 9*u^7 + u^8"
					],
					"uPolysN":[
						"1 + 2*u^2 + 4*u^3 + 7*u^4 + 4*u^5 + 5*u^6 + u^7 + u^8",
						"1 + 2*u^2 + 4*u^3 + 7*u^4 + 4*u^5 + 5*u^6 + u^7 + u^8",
						"1 + 2*u^2 + 4*u^3 + 7*u^4 + 4*u^5 + 5*u^6 + u^7 + u^8",
						"1 + 2*u^2 - 4*u^3 + 7*u^4 - 4*u^5 + 5*u^6 - u^7 + u^8",
						"1 + 2*u^2 - 4*u^3 + 7*u^4 - 4*u^5 + 5*u^6 - u^7 + u^8",
						"1 + 2*u^2 - 4*u^3 + 7*u^4 - 4*u^5 + 5*u^6 - u^7 + u^8",
						"1 + 2*u^2 + 4*u^3 + 7*u^4 + 4*u^5 + 5*u^6 + u^7 + u^8",
						"1 + 2*u^2 + 4*u^3 + 7*u^4 + 4*u^5 + 5*u^6 + u^7 + u^8"
					]
				},
				{
					"IdealName":"abJ8_3_1",
					"Generators":[
						"-1 + v"
					],
					"VariableOrder":[
						"v"
					],
					"Characteristic":0,
					"KnownGroebner":[],
					"Status":[
						"vCompNormalize"
					],
					"MonomialOrder":"lex",
					"IsHomogeneous":false,
					"IsZeroDim":true,
					"IdealDimension":0,
					"ZeroDimensionalVars":[
						"v"
					],
					"Timings":{
						"TimingmagmaVCompNormalize":3.86e-4,
						"TimingComplexVolumeN":6.0589e-2,
						"TimingObstruction":1.68e-4,
						"TiminguValues_ij":1.75e-4,
						"TiminguPolys_ij_N":1.1e-5
					},
					"ComplexVolumeN":"{0}",
					"GeometricComponent":0,
					"SortedReprnIndices":"{1}",
					"Abelian":true,
					"Obstruction":1,