{
	"Index":18,
	"Name":"8_4",
	"Hyperbolic":true,
	"Torus":false,
	"Satellite":false,
	"Diagrams":[
		{
			"Scode":"{-12, -10, 16, 14, -2, -4, 8, 6}",
			"Acode":"{-7, -6, 1, 8, -2, -3, 5, 4}",
			"PDcode":[
				"{1, 12, 2, 13}",
				"{3, 10, 4, 11}",
				"{5, 1, 6, 16}",
				"{7, 15, 8, 14}",
				"{9, 2, 10, 3}",
				"{11, 4, 12, 5}",
				"{13, 9, 14, 8}",
				"{15, 7, 16, 6}"
			],
			"SolvingSeqs":[
				[
					"{5, 8}",
					[],
					[
						"{5, 8, 4, 2}",
						"{8, 4, 1, 1}",
						"{4, 1, 3, 2}",
						"{8, 5, 7, 2}",
						"{1, -7, 2, 1}",
						"{7, -3, 6, 2}"
					],
					"{5}",
					"{2}",
					2
				]
			],
			"GeometricRepresentation":{
				"Volume":5.5004864163472345596677259611248855233339473093652480227258426144076933248785544416568631894610012253299689,
				"ChernSimons":13.4612089481766045118101538105560466769364500114746237052288621908652803262034197953393990536959933831423902
			}
		}
	],
	"ParabolicReps":[
		{
			"DiagramIdx":1,
			"SolvingSeqIdx":1,
			"u":{
				"CheckEq":[
					"1 - u - (-u - u*(-u^2 - u*(u + u^3)))*(u + u^3 - u*(-u^2 - u*(u + u^3))) - (1 + u^2)*(-(u*(1 + u^2)) + u*(-u^2 - u*(u + u^3)))",
					"-u - (u + u^3 - u*(-u^2 - u*(u + u^3)))^2 - (-u^2 - u*(u + u^3))*(-(u*(1 + u^2)) + u*(-u^2 - u*(u + u^3)))"
				],
				"TimingForPrimaryIdeals":3.5114e-2
			},
			"v":{
				"CheckEq":[
					"1 - v"
				],
				"TimingForPrimaryIdeals":4.8554e-2
			},
			"PrimaryIdeals":[
				{
					"IdealName":"J8_4_0",
					"Generators":[
						"1 + u + 2*u^2 + 6*u^3 + 7*u^4 + 11*u^5 + 5*u^6 + 6*u^7 + u^8 + u^9"
					],
					"VariableOrder":[
						"u"
					],
					"Characteristic":0,
					"KnownGroebner":[],
					"Status":[
						"vCompNormalize"
					],
					"MonomialOrder":"lex",
					"IsHomogeneous":false,
					"IsZeroDim":true,
					"IdealDimension":0,
					"ZeroDimensionalVars":[
						"u"
					],
					"Timings":{
						"TimingmagmaVCompNormalize":3.91e-4,
						"TimingComplexVolumeN":0.783278,
						"TimingObstruction":2.489e-3,
						"TiminguValues_ij":5.44e-4,
						"TiminguPolys_ij_N":6.477e-3
					},
					"ComplexVolumeN":[
						2.836795952271026447558079965250436346278690241971749630238826430406059881885462645020602024935098274992167641052292495702,
						"5.162797454125698297438491480832936279046742078525037634031664992519088689774892834179423424069136233464694378628824820925066178880438037`115.3322381245758 - 3.410731386711408525063627659068126731998325593289459777274039984837387459463352720311795138577131540403311590875729366974740857870799521`115.15220055585692*I",
						"5.162797454125698297438491480832936279046742078525037634031664992519088689774892834179423424069136233464694378628824820924928748407798299`119.88926346289216 + 3.41073138671140852506362765906812673199832559328945977727403998483738745946335272031179513857713154040331159087572936684554144005819216`119.70924571510017*I",
						"13.461208948176604511810153810556046676936450011474623705228862190865280326203419795339399053695993383142390242555739372167068596062606429`107.6055476572138 - 5.500486416347234559667725961124885523333947309365248022725842614407693324878554441656863189461001225329968854322104616787063937094030744`107.2168646881951*I",
						"13.461208948176604511810153810556046676936450011474623705228862190865280326203419795339399053695993383142390242124882766132383527516970223`123.14004350760867 + 5.500486416347234559667725961124885523333947309365248022725842614407693324878554441656863189461001225329968854776578689555533075968693363`122.80500049625533*I",
						"7.063623572608664265445003196234506590494514970552039086735621358891506152380145360137701562460614853349792654347656634354095854023707212`118.66523582980554 + 2.213878573845942573339648387094361024832374739679746547650817248353728944525886292303458382356196922525893695168376021506518789637583031`118.16136377977433*I",
						"7.0636235726086642654450031962345065904945149705520390867356213588915061523801453601377015624606148578383800206512929`97.88917735180583 - 2.2138785738459425733396483870943610248323747396797465476508172483537289445258862923034583823561969297896787235494054`97.38530360173752*I",
						"0.035384151949255903322161779410707902495621188374598981521149027126218152351625106088051807532725030063110167251053176951537370252342533`118.95156824429733 + 1.109692938693192356810521587190186154946039584885398593777781516091577783122746538352780809017235873390576805310520459220827430498041348`120.45060163234608*I",
						"0.035384151949255903322161779410707902495621188374598981521149027126218152351625106088051807532725030063110167251053176951537466061687117`117.60645557625796 - 1.109692938693192356810521587190186154946039584885398593777781516091577783122746538352780809017235873390576805310520459220826807230856298`119.10285862053402*I"
					],
					"GeometricComponent":"{4, 5}",
					"SortedReprnIndices":"{5, 4, 3, 2, 6, 7, 8, 9, 1}",
					"Abelian":false,
					"Obstruction":-1,
					"ij_list":[
						[
							"{1, 2}"
						],
						[
							"{1, 3}"
						],
						[
							"{1, 4}",
							"{4, 8}",
							"{5, 7}",
							"{5, 8}"
						],
						[
							"{1, 5}",
							"{4, 7}"
						],
						[
							"{1, 6}"
						],
						[
							"{1, 7}",
							"{3, 5}"
						],
						[
							"{1, 8}",
							"{4, 5}",
							"{7, 8}"
						],
						[
							"{2, 3}"
						],
						[
							"{2, 4}"
						],
						[
							"{2, 5}"
						],
						[
							"{2, 6}"
						],
						[
							"{2, 7}"
						],
						[
							"{2, 8}"
						],
						[
							"{3, 4}"
						],
						[
							"{3, 6}"
						],
						[
							"{3, 7}"
						],
						[
							"{3, 8}"
						],
						[
							"{4, 6}"
						],
						[
							"{5, 6}"
						],
						[
							"{6, 7}"
						],
						[
							"{6, 8}"
						]
					],
					"uPolys_ij_N":[
						"-9 + 13*u - 62*u^2 + 180*u^3 - 223*u^4 + 185*u^5 - 87*u^6 + 32*u^7 - 5*u^8 + u^9",
						"-1 + u - 2*u^2 + 6*u^3 - 7*u^4 + 11*u^5 - 5*u^6 + 6*u^7 - u^8 + u^9",
						"-1 + u - 2*u^2 + 6*u^3 - 7*u^4 + 11*u^5 - 5*u^6 + 6*u^7 - u^8 + u^9",
						"-5 - 3*u - 22*u^2 + 12*u^3 - 5*u^4 + 43*u^5 + 3*u^6 + 12*u^7 + u^8 + u^9",
						"1 + 15*u - 8*u^2 + 90*u^3 - 21*u^4 + 79*u^5 - 7*u^6 + 18*u^7 + u^8 + u^9",
						"3 + u - 2*u^2 + 10*u^3 + 13*u^4 - u^5 - 5*u^6 + 2*u^7 + 3*u^8 + u^9",
						"1 - 3*u + 6*u^2 + 20*u^3 - 73*u^4 + 121*u^5 - 105*u^6 + 48*u^7 - 11*u^8 + u^9",
						"-1 - 3*u - 10*u^2 + 16*u^3 - 19*u^4 + 45*u^5 - 55*u^6 + 32*u^7 - 9*u^8 + u^9",
						"-1 + 5*u - 22*u^2 + 54*u^3 - 121*u^4 + 129*u^5 - 43*u^6 - 10*u^7 + 5*u^8 + u^9",
						"-1 + u - 2*u^2 - 2*u^3 - u^4 + 5*u^5 + 3*u^6 - 4*u^7 - u^8 + u^9",
						"-1 + u - 2*u^2 - 2*u^3 - u^4 + 5*u^5 + 3*u^6 - 4*u^7 - u^8 + u^9",
						"3 + u - 2*u^2 + 10*u^3 + 13*u^4 - u^5 - 5*u^6 + 2*u^7 + 3*u^8 + u^9",
						"1 + 15*u - 8*u^2 + 90*u^3 - 21*u^4 + 79*u^5 - 7*u^6 + 18*u^7 + u^8 + u^9",
						"1 - 3*u + 6*u^2 + 20*u^3 - 73*u^4 + 121*u^5 - 105*u^6 + 48*u^7 - 11*u^8 + u^9",
						"-1 + u - 2*u^2 - 2*u^3 - u^4 + 5*u^5 + 3*u^6 - 4*u^7 - u^8 + u^9",
						"-1 + u - 2*u^2 - 2*u^3 - u^4 + 5*u^5 + 3*u^6 - 4*u^7 - u^8 + u^9",
						"-5 - 3*u - 22*u^2 + 12*u^3 - 5*u^4 + 43*u^5 + 3*u^6 + 12*u^7 + u^8 + u^9",
						"-1 + 5*u - 22*u^2 + 54*u^3 - 121*u^4 + 129*u^5 - 43*u^6 - 10*u^7 + 5*u^8 + u^9",
						"-1 - 3*u - 10*u^2 + 16*u^3 - 19*u^4 + 45*u^5 - 55*u^6 + 32*u^7 - 9*u^8 + u^9",
						"-1 - 3*u - 10*u^2 + 16*u^3 - 19*u^4 + 45*u^5 - 55*u^6 + 32*u^7 - 9*u^8 + u^9",
						"-9 + 13*u - 62*u^2 + 180*u^3 - 223*u^4 + 185*u^5 - 87*u^6 + 32*u^7 - 5*u^8 + u^9"
					],