{
	"Index":19,
	"Name":"8_5",
	"Hyperbolic":true,
	"Torus":false,
	"Satellite":false,
	"Diagrams":[
		{
			"Scode":"{6, -12, 16, 2, 14, -4, 8, 10}",
			"Acode":"{4, -7, 1, 2, 8, -3, 5, 6}",
			"PDcode":[
				"{1, 7, 2, 6}",
				"{3, 12, 4, 13}",
				"{5, 1, 6, 16}",
				"{7, 3, 8, 2}",
				"{9, 15, 10, 14}",
				"{11, 4, 12, 5}",
				"{13, 9, 14, 8}",
				"{15, 11, 16, 10}"
			],
			"SolvingSeqs":[
				[
					"{1, 4, 7}",
					[],
					[
						"{1, 4, 2, 1}",
						"{4, 2, 5, 1}",
						"{4, 1, 3, 2}",
						"{7, -3, 6, 2}",
						"{1, 6, 8, 2}"
					],
					"{2, 7}",
					"{5}",
					5
				]
			],
			"GeometricRepresentation":{
				"Volume":6.997189147792215478800577879145517688963840955647927083008781932873301739057752542646401798934554367574785776382359844,
				"ChernSimons":-13.463685653536277147388714550401435205446282558679362273296045567392638119174714867614280780990762352034841902808544352
			}
		}
	],
	"ParabolicReps":[
		{
			"DiagramIdx":1,
			"SolvingSeqIdx":1,
			"u":{
				"CheckEq":[
					"1 - u - a*(b - a*u^2)",
					"-u + u^2 - b*(b - a*u^2)",
					"-1 + a + (a + u*(a*u - b*u))*(b + u*(a*u - b*u)) - u*(b*u + a*(u - u^3))",
					"b + (b + u*(a*u - b*u))^2 + (u - u^3)*(b*u + a*(u - u^3))"
				],
				"TimingForPrimaryIdeals":3.6391e-2
			},
			"v":{
				"CheckEq":[
					"-b^2",
					"b + b^2",
					"1 - a*b - v",
					"-1 + a - b*v^2 + b*(a - b*v^2)"
				],
				"TimingForPrimaryIdeals":3.2682e-2
			},
			"PrimaryIdeals":[
				{
					"IdealName":"J8_5_0",
					"Generators":[
						"-1 + 2*u - 2*u^2 - 3*u^3 + u^4 + u^5",
						"a - 2*u + u^3",
						"b + 2*u^2 - u^4"
					],
					"VariableOrder":[
						"u",
						"a",
						"b"
					],
					"Characteristic":0,
					"KnownGroebner":[],
					"Status":[
						"vCompNormalize"
					],
					"MonomialOrder":"lex",
					"IsHomogeneous":false,
					"IsZeroDim":true,
					"IdealDimension":0,
					"ZeroDimensionalVars":[
						"u",
						"a",
						"b"
					],
					"Timings":{
						"TimingmagmaVCompNormalize":4.9e-4,
						"TimingComplexVolumeN":0.394672,
						"TimingObstruction":1.261e-3,
						"TiminguValues_ij":5.15e-4,
						"TiminguPolys_ij_N":2.553e-3
					},
					"ComplexVolumeN":[
						"-13.463685653536277147388714550401435205446282558679362273296045567392638119174714867614280780990762352034841902808544352408140283465953037`118.19915301759342 - 6.997189147792215478800577879145517688963840955647927083008781932873301739057752542646401798934554367574785776382359844345345337656061964`117.91491552454178*I",
						"-13.46368565353627714738871455040143520544628255867936227329604556739263811917471486761428078099076235203484190280854579470805518247862293`112.73974188318029 + 6.997189147792215478800577879145517688963840955647927083008781932873301739057752542646401798934554367574785776382358070678181074139946374`112.45550725974569*I",
						"-0.373180695683096562556881122224800878647867950434476979109259011391803177209018305517312911287159407355888608312251015161866284749417587`116.74016096721311 + 1.138823116980877818330172641950132313756660262581994879178899570395760768265745020090710230021061611500816654891894474009499930584122206`117.22469808389779*I",
						"-0.373180695683096562556881122224800878647867950434476979109259011391803177209018305517312911287159407355888608312251015162996865900185544`122.59911830403155 - 1.138823116980877818330172641950132313756660262581994879178899570395760768265745020090710230021061611500816654891894474010357282342662974`123.09053327179426*I",
						-8.51481677222223418250194232096008199462859680832188712537167188857128175610295287807664842907884799790663399492982745985283
					],
					"GeometricComponent":"{1, 2}",
					"SortedReprnIndices":"{2, 1, 3, 4, 5}",
					"Abelian":false,
					"Obstruction":-1,
					"ij_list":[
						[
							"{1, 2}",
							"{3, 4}",
							"{4, 5}"
						],
						[
							"{1, 3}",
							"{1, 4}",
							"{2, 4}",
							"{2, 5}"
						],
						[
							"{1, 5}",
							"{2, 3}"
						],
						[
							"{1, 6}"
						],
						[
							"{1, 7}"
						],
						[
							"{1, 8}"
						],
						[
							"{2, 6}"
						],
						[
							"{2, 7}"
						],
						[
							"{2, 8}"
						],
						[
							"{3, 5}"
						],
						[
							"{3, 6}"
						],
						[
							"{3, 7}"
						],
						[
							"{3, 8}"
						],
						[
							"{4, 6}"
						],
						[
							"{4, 7}"
						],
						[
							"{4, 8}"
						],
						[
							"{5, 6}"
						],
						[
							"{5, 7}"
						],
						[
							"{5, 8}"
						],
						[
							"{6, 7}"
						],
						[
							"{6, 8}"
						],
						[
							"{7, 8}"
						]
					],
					"uPolys_ij_N":[
						"1 + 14*u^2 + 17*u^3 + 7*u^4 + u^5",
						"1 + 2*u + 2*u^2 - 3*u^3 - u^4 + u^5",
						"-4 - 12*u - 13*u^2 + 2*u^3 + 3*u^4 + u^5",
						"1 + 2*u + 2*u^2 - 3*u^3 - u^4 + u^5",
						"-1 + 2*u - 4*u^2 + 7*u^3 - u^4 + u^5",
						"1 + 14*u^2 + 17*u^3 + 7*u^4 + u^5",
						"-10 - 12*u - 47*u^2 - 14*u^3 + 3*u^4 + u^5",
						"-2 + 4*u - 7*u^2 + 6*u^3 - 3*u^4 + u^5",
						"-8 + 20*u - 48*u^2 + 35*u^3 - 10*u^4 + u^5",
						"-1 + 2*u - 4*u^2 + 7*u^3 - u^4 + u^5",
						"-2 + 4*u - 7*u^2 + 6*u^3 - 3*u^4 + u^5",
						"-2 + 4*u - 7*u^2 + 6*u^3 - 3*u^4 + u^5",
						"-1 + 2*u - 4*u^2 + 7*u^3 - u^4 + u^5",
						"-8 + 20*u - 48*u^2 + 35*u^3 - 10*u^4 + u^5",
						"-1 + 2*u - 4*u^2 + 7*u^3 - u^4 + u^5",
						"-10 - 12*u - 47*u^2 - 14*u^3 + 3*u^4 + u^5",
						"1 + 14*u^2 + 17*u^3 + 7*u^4 + u^5",
						"1 + 2*u + 2*u^2 - 3*u^3 - u^4 + u^5",
						"1 + 2*u + 2*u^2 - 3*u^3 - u^4 + u^5",
						"-4 - 12*u - 13*u^2 + 2*u^3 + 3*u^4 + u^5",
						"1 + 2*u + 2*u^2 - 3*u^3 - u^4 + u^5",
						"1 + 14*u^2 + 17*u^3 + 7*u^4 + u^5"
					],
					"uPolysN":[
						"1 + 2*u + 2*u^2 - 3*u^3 - u^4 + u^5",
						"-2 + 4*u - 7*u^2 + 6*u^3 - 3*u^4 + u^5",
						"1 - 2*u + 2*u^2 + 3*u^3 - u^4 - u^5",
						"1 - 2*u + 2*u^2 + 3*u^3 - u^4 - u^5",
						"1 + 2*u + 2*u^2 - 3*u^3 - u^4 + u^5",
						"2 + 4*u + 7*u^2 + 6*u^3 + 3*u^4 + u^5",
						"1 - 2*u + 2*u^2 + 3*u^3 - u^4 - u^5",
						"1 - 2*u + 2*u^2 + 3*u^3 - u^4 - u^5"
					]
				},
				{
					"IdealName":"J8_5_1",
					"Generators":[
						"-1 - 2*u + 2*u^2 - 2*u^4 + u^5 + u^6",
						"3 + a - 3*u^2 + 3*u^3 - 2*u^5",
						"2 + b + u - 4*u^2 + 3*u^3 + u^4 - 2*u^5"
					],
					"VariableOrder":[
						"u",
						"a",
						"b"
					],
					"Characteristic":0,
					"KnownGroebner":[],
					"Status":[
						"vCompNormalize"
					],
					"MonomialOrder":"lex",
					"IsHomogeneous":false,
					"IsZeroDim":true,
					"IdealDimension":0,
					"ZeroDimensionalVars":[
						"u",
						"a",
						"b"
					],
					"Timings":{
						"TimingmagmaVCompNormalize":4.8e-4,
						"TimingComplexVolumeN":0.529644,
						"TimingObstruction":1.42e-3,
						"TiminguValues_ij":4.44e-4,
						"TiminguPolys_ij_N":3.02e-3
					},