{
	"Index":20,
	"Name":"8_6",
	"Hyperbolic":true,
	"Torus":false,
	"Satellite":false,
	"Diagrams":[
		{
			"Scode":"{-10, 16, 14, 12, -2, 8, 4, 6}",
			"Acode":"{-6, 1, 8, 7, -2, 5, 3, 4}",
			"PDcode":[
				"{1, 10, 2, 11}",
				"{3, 1, 4, 16}",
				"{5, 15, 6, 14}",
				"{7, 13, 8, 12}",
				"{9, 2, 10, 3}",
				"{11, 9, 12, 8}",
				"{13, 5, 14, 4}",
				"{15, 7, 16, 6}"
			],
			"SolvingSeqs":[
				[
					"{2, 5}",
					[],
					[
						"{5, -2, 6, 1}",
						"{6, 5, 7, 1}",
						"{2, -6, 1, 2}",
						"{2, 1, 3, 1}",
						"{5, 7, 4, 2}",
						"{1, 4, 8, 2}"
					],
					"{7}",
					"{3}",
					3
				]
			],
			"GeometricRepresentation":{
				"Volume":7.4752374295052429261904345943866743773901579104001964041672365901646421351479717997485673714267791866615899459649225,
				"ChernSimons":1.4317814595898656980103447032187653240680531502167674614585897317631424013312222206378680278758238695799006712409654
			}
		}
	],
	"ParabolicReps":[
		{
			"DiagramIdx":1,
			"SolvingSeqIdx":1,
			"u":{
				"CheckEq":[
					"-1 + u - u^2 + (1 + u^2*(1 + u^2))*(u^5 - (u + u^3)*(1 + u^2*(1 + u^2))) + u^3*(-u^5 + (1 + u^2)*(u + u^2*(u + u^3)))",
					"u - u^2 + u^3 + u^4*(u^5 - (u + u^3)*(1 + u^2*(1 + u^2))) + (u + u^2*(u + u^3))*(-u^5 + (1 + u^2)*(u + u^2*(u + u^3)))"
				],
				"TimingForPrimaryIdeals":3.2251e-2
			},
			"v":{
				"CheckEq":[
					"-1 + v"
				],
				"TimingForPrimaryIdeals":3.4071e-2
			},
			"PrimaryIdeals":[
				{
					"IdealName":"J8_6_0",
					"Generators":[
						"1 + u^2 + 3*u^3 - u^4 + 4*u^5 - 2*u^6 + 4*u^7 - u^8 + 2*u^9 - u^10 + u^11"
					],
					"VariableOrder":[
						"u"
					],
					"Characteristic":0,
					"KnownGroebner":[],
					"Status":[
						"vCompNormalize"
					],
					"MonomialOrder":"lex",
					"IsHomogeneous":false,
					"IsZeroDim":true,
					"IdealDimension":0,
					"ZeroDimensionalVars":[
						"u"
					],
					"Timings":{
						"TimingmagmaVCompNormalize":4.28e-4,
						"TimingComplexVolumeN":1.058937,
						"TimingObstruction":2.982e-3,
						"TiminguValues_ij":4.74e-4,
						"TiminguPolys_ij_N":8.692e-3
					},
					"ComplexVolumeN":[
						"5.642602436022209617903180034883205948361963227736360736288814116042758715242804711445222677931782756214567967904984371749411845568207109`111.77408044615233 + 3.041523475663718074590514281668899181102263485590250061353102759007748317022459567156508628222138122347415174657733265429634566482523382`111.50569216699863*I",
						"5.642602436022209617903180034883205948361963227736360736288814116042758715242804711445222677931782756214567967904983042544319866426384451`121.72922350666411 - 3.041523475663718074590514281668899181102263485590250061353102759007748317022459567156508628222138122347415174657733150781111940404727203`121.46561970184031*I",
						-2.195372814679704669666816007632253288292011407614247025033106362001667807237614107381166484556354565376158019704710976705,
						"-5.181616030934798336229595172942654637544640179019203352468039424524322273851595191937948007175467869477857519502345739475713418374228932`120.94310876515938 + 2.94671944323817439031436011715140597436349379723973807641013957972472658841017622526226447595192270098653179409063794490027829493799361`120.69829897226087*I",
						"-5.181616030934798336229595172942654637544640179019203352468039424524322273851595191937948007175467869477857519502345739475713612719336181`123.16218248949822 - 2.946719443238174390314360117151405974363493797239738076410139579724726588410176225262264475951922700986531794090637944900278308332834086`122.95088566344056*I",
						"-0.304731667457874717062152825646399083495694878293895058613175987379880838690029721225088785500973076537906761166961185253705881083685695`121.93776652238323 - 1.131297841713466353096592714537358771502698893145933346299949018807141097672233298339441589827833472281180046020449080361366876433354819`122.5209403812708*I",
						"-0.304731667457874717062152825646399083495694878293895058613175987379880838690029721225088785500973076537906761165044146333868513799069069`107.52815017194105 + 1.131297841713466353096592714537358771502698893145933346299949018807141097672233298339441589827833472281180046019185536698522015687419408`108.09780954243733*I",
						"1.431781459589865698010344703218765324068053150216767461458589731763142401331222220637868027875823869579900671240965378339962497460556238`115.74436668186473 - 7.475237429505242926190434594386674377390157910400196404167236590164642135147971799748567371426779186661589945964922516247004097451221014`116.4621149580449*I",
						"1.431781459589865698010344703218765324068053150216767461458589731763142401331222220637868027875823869579900671240965378318884562515192293`120.50859517664995 + 7.475237429505242926190434594386674377390157910400196404167236590164642135147971799748567371426779186661589945964922516260842357794133003`121.22740995008081*I",
						"1.977051310392789726920254014272246876584749234977291382453702089154147105191206345520972680076649660865381129819219742541737563081322842`114.70486008711214 + 1.416985612353512515944037875662047133851177934536236395283134806183232092611083096152991932975985596924193820259890336118333869987929879`114.56020758807409*I",
						"1.977051310392789726920254014272246876584749234977291382453702089154147105191206345520972680076649660865381129819219778031817799841170611`115.40408490524013 - 1.416985612353512515944037875662047133851177934536236395283134806183232092611083096152991932975985596924193820259890379895657734705021849`115.25943241049809*I"
					],
					"GeometricComponent":"{8, 9}",
					"SortedReprnIndices":"{9, 8, 1, 2, 4, 5, 10, 11, 7, 6, 3}",
					"Abelian":false,
					"Obstruction":-1,
					"ij_list":[
						[
							"{1, 2}",
							"{5, 6}",
							"{5, 7}"
						],
						[
							"{1, 3}"
						],
						[
							"{1, 4}"
						],
						[
							"{1, 5}"
						],
						[
							"{1, 6}"
						],
						[
							"{1, 7}"
						],
						[
							"{1, 8}"
						],
						[
							"{2, 3}",
							"{4, 5}"
						],
						[
							"{2, 4}"
						],
						[
							"{2, 5}",
							"{2, 6}"
						],
						[
							"{2, 7}"
						],
						[
							"{2, 8}"
						],
						[
							"{3, 4}"
						],
						[
							"{3, 5}"
						],
						[
							"{3, 6}"
						],
						[
							"{3, 7}"
						],
						[
							"{3, 8}"
						],
						[
							"{4, 6}"
						],
						[
							"{4, 7}"
						],
						[
							"{4, 8}"
						],
						[
							"{5, 8}"
						],
						[
							"{6, 7}"
						],
						[
							"{6, 8}"
						],
						[
							"{7, 8}"
						]
					],