{
	"Index":21,
	"Name":"8_7",
	"Hyperbolic":true,
	"Torus":false,
	"Satellite":false,
	"Diagrams":[
		{
			"Scode":"{8, 16, -12, -14, 2, -4, -6, -10}",
			"Acode":"{5, 1, -7, -8, 2, -3, -4, -6}",
			"PDcode":[
				"{1, 9, 2, 8}",
				"{3, 1, 4, 16}",
				"{5, 12, 6, 13}",
				"{7, 14, 8, 15}",
				"{9, 3, 10, 2}",
				"{11, 4, 12, 5}",
				"{13, 6, 14, 7}",
				"{15, 10, 16, 11}"
			],
			"SolvingSeqs":[
				[
					"{2, 5}",
					[],
					[
						"{5, 2, 6, 1}",
						"{2, 5, 1, 2}",
						"{2, 1, 3, 1}",
						"{6, -3, 7, 1}",
						"{1, -6, 8, 2}",
						"{5, -8, 4, 2}"
					],
					"{3}",
					"{7}",
					7
				]
			],
			"GeometricRepresentation":{
				"Volume":7.022196589095253263562473475305510109046101298463175818773042137984072003788309206031572984116399674831357844740,
				"ChernSimons":7.264846906499363806395082826136845689257226193923946342710938681863021522385272952995074287886714143917660825677
			}
		}
	],
	"ParabolicReps":[
		{
			"DiagramIdx":1,
			"SolvingSeqIdx":1,
			"u":{
				"CheckEq":[
					"-u + u^4 + u*(1 - u*(u - u^3))*(-u^2 + u*(u - u^3)) - (u - u^4*(-u^5 - u*(1 - u^2)))*((1 - u^2)*(u - u^4*(-u^5 - u*(1 - u^2))) - u^4*(-u - (1 - u^2)*(-u^5 - u*(1 - u^2))))",
					"1 - u^2 + u*(1 - u*(u - u^3))^2 - (-u - (1 - u^2)*(-u^5 - u*(1 - u^2)))*((1 - u^2)*(u - u^4*(-u^5 - u*(1 - u^2))) - u^4*(-u - (1 - u^2)*(-u^5 - u*(1 - u^2))))"
				],
				"TimingForPrimaryIdeals":3.3464e-2
			},
			"v":{
				"CheckEq":[
					"1 - v"
				],
				"TimingForPrimaryIdeals":3.3502e-2
			},
			"PrimaryIdeals":[
				{
					"IdealName":"J8_7_0",
					"Generators":[
						"1 - u^2 - u^3 + 3*u^4 - 4*u^6 + 2*u^7 + 3*u^8 - 2*u^9 - u^10 + u^11"
					],
					"VariableOrder":[
						"u"
					],
					"Characteristic":0,
					"KnownGroebner":[],
					"Status":[
						"vCompNormalize"
					],
					"MonomialOrder":"lex",
					"IsHomogeneous":false,
					"IsZeroDim":true,
					"IdealDimension":0,
					"ZeroDimensionalVars":[
						"u"
					],
					"Timings":{
						"TimingmagmaVCompNormalize":5.11e-4,
						"TimingComplexVolumeN":1.039825,
						"TimingObstruction":3.024e-3,
						"TiminguValues_ij":5.47e-4,
						"TiminguPolys_ij_N":9.103e-3
					},
					"ComplexVolumeN":[
						3.38257466011162934244362222737089416696370970478207921896708324599547375122493637525392502076656109389896840648,
						"-0.376686428803807548015350201434010617476953676634548558477855638721821330136148078330705478843669732209617347712444233364040329346993669`112.24682116393735 - 4.750302939610808466329408947718413172307564089809154093777524764521394501517129172275087874788449347549085927315964192002749528778048587`113.3475624968782*I",
						"-0.376686428803807548015350201434010617476953676634548558477855638721821330136148078330705478843669732209617347712444221755586006300571612`112.63687712302513 + 4.75030293961080846632940894771841317230756408980915409377752476452139450151712917227508787478844934754908592731596419181346192984688939`113.73761845601528*I",
						"1.289963844145776220404777821320644653815354079921282393273908199929469736827661705781306949424659275735973130919925645717656191376688261`116.40653714366746 + 0.45476597273617062785123774048891560952721096789668806071710386053116942575471566200097314608850294307809736470089260532919517138256544`115.95388219435718*I",
						"1.289963844145776220404777821320644653815354079921282393273908199929469736827661705781306949424659275735973130919925645717520406572290803`118.63656959035042 - 0.454765972736170627851237740488915609527210967896688060717103860531169425754715662000973146088502943078097364700892605329197118649510405`118.18378184108371*I",
						"9.0386620164115384225413685106638262445906771277820493662713322582724332389845083574725498890357325042702071975501075`88.42168662291769 - 1.6459310660418769562843455020381529926638347250122814679676822579858835118222987534003901115770780898185676809439468`87.68199411821804*I",
						"9.038662016411538422541368510663826244590677127782049366271332258272433238984508357472549861052835335394840618858776005111198105140900535`122.42300104533948 + 1.645931066041876956284345502038152992663834725012281467967682257985883511822298753400390136412055362789163412139291932181084160502811268`121.75553224972799*I",
						"-1.636265966402307989587330820589488566869184614712385557038503715955761604440153950292084673396353164096296081878641702293592860802236539`116.92894483657686 + 1.275410953395514562962260100704762453911323853765935663412582138656964413916655873959728469099355202024176229713376224764410847450617636`116.8209183916174*I",
						"-1.636265966402307989587330820589488566869184614712385557038503715955761604440153950292084673396353164096296081878641702292541675100758798`116.61474833156706 - 1.275410953395514562962260100704762453911323853765935663412582138656964413916655873959728469099355202024176229713376224766054481503568529`116.50654505366938*I",
						"7.264846906499363806395082826136845689257226193923946342710938681863021522385272952995074287886714143917660825676655602268814674378509986`112.49956595745329 + 7.022196589095253263562473475305510109046101298463175818773042137984072003788309206031572984116399674831357844740484324068955927520445473`112.48481247426302*I",
						"7.26484690649936380639508282613684568925722619392394634271093868186302152238527295299507428788671414391766080299332`105.24719823209456 - 7.0221965890952532635624734753055101090461012984631758187730421379840720037883092060315729841163996748313578365066412`105.23244474887497*I"
					],
					"GeometricComponent":"{10, 11}",
					"SortedReprnIndices":"{10, 11, 3, 2, 7, 6, 8, 9, 4, 5, 1}",
					"Abelian":false,
					"Obstruction":-1,
					"ij_list":[
						[
							"{1, 2}",
							"{5, 6}"
						],
						[
							"{1, 3}"
						],
						[
							"{1, 4}"
						],
						[
							"{1, 5}",
							"{2, 5}",
							"{2, 6}"
						],
						[
							"{1, 6}"
						],
						[
							"{1, 7}"
						],
						[
							"{1, 8}"
						],
						[
							"{2, 3}"
						],
						[
							"{2, 4}"
						],
						[
							"{2, 7}"
						],
						[
							"{2, 8}"
						],
						[
							"{3, 4}"
						],
						[
							"{3, 5}"
						],
						[
							"{3, 6}"
						],
						[
							"{3, 7}"
						],
						[
							"{3, 8}"
						],
						[
							"{4, 5}"
						],
						[
							"{4, 6}"
						],
						[
							"{4, 7}"
						],
						[
							"{4, 8}"
						],
						[
							"{5, 7}"
						],
						[
							"{5, 8}"
						],
						[
							"{6, 7}"
						],
						[
							"{6, 8}"
						],
						[
							"{7, 8}"
						]
					],