{
	"Index":22,
	"Name":"8_8",
	"Hyperbolic":true,
	"Torus":false,
	"Satellite":false,
	"Diagrams":[
		{
			"Scode":"{6, 16, -12, 2, -14, -4, -10, -8}",
			"Acode":"{4, 1, -7, 2, -8, -3, -6, -5}",
			"PDcode":[
				"{1, 7, 2, 6}",
				"{3, 1, 4, 16}",
				"{5, 12, 6, 13}",
				"{7, 3, 8, 2}",
				"{9, 14, 10, 15}",
				"{11, 4, 12, 5}",
				"{13, 10, 14, 11}",
				"{15, 8, 16, 9}"
			],
			"SolvingSeqs":[
				[
					"{2, 5}",
					[],
					[
						"{5, 2, 4, 2}",
						"{2, 4, 1, 2}",
						"{2, 1, 3, 1}",
						"{1, -5, 8, 2}",
						"{5, -8, 6, 1}",
						"{8, -6, 7, 2}"
					],
					"{6}",
					"{3}",
					3
				]
			],
			"GeometricRepresentation":{
				"Volume":7.801341224440062635745815173493825487317723290807983528499373926607454371684272866382676003979695728008246821084248533360,
				"ChernSimons":-7.558155447969658038768735951335745141104212441882026957740693514388173493901751027665749922425716845339643466408910510636
			}
		}
	],
	"ParabolicReps":[
		{
			"DiagramIdx":1,
			"SolvingSeqIdx":1,
			"u":{
				"CheckEq":[
					"u + u^2 - u^2*(1 - u^2) + u*(1 - u^2)*(-u^2 + u^2*(1 - u^2)) - (u + u*(1 - u^2)*(-u^2 + u^2*(1 - u^2)))*(-(u*(1 - u^2)^2*(-u^2 + u^2*(1 - u^2))) + (1 - u^2)*(u + u*(1 - u^2)*(-u^2 + u^2*(1 - u^2)))) - u^4*(u^5*(1 - u^2)^2 - (1 - u^2*(1 - u^2))*(u + u*(1 - u^2)*(-u^2 + u^2*(1 - u^2))))",
					"-1 + u^2 + u*(1 - u^2)^2 - u*(1 - u^2)^2*(-(u*(1 - u^2)^2*(-u^2 + u^2*(1 - u^2))) + (1 - u^2)*(u + u*(1 - u^2)*(-u^2 + u^2*(1 - u^2)))) - (1 - u^2*(1 - u^2))*(u^5*(1 - u^2)^2 - (1 - u^2*(1 - u^2))*(u + u*(1 - u^2)*(-u^2 + u^2*(1 - u^2))))"
				],
				"TimingForPrimaryIdeals":3.7674e-2
			},
			"v":{
				"CheckEq":[
					"-1 + v"
				],
				"TimingForPrimaryIdeals":3.1086e-2
			},
			"PrimaryIdeals":[
				{
					"IdealName":"J8_8_0",
					"Generators":[
						"1 - 2*u + u^2 + 3*u^3 - 4*u^4 + 2*u^5 + 2*u^6 - 6*u^7 + 3*u^8 + 4*u^9 - 3*u^10 - u^11 + u^12"
					],
					"VariableOrder":[
						"u"
					],
					"Characteristic":0,
					"KnownGroebner":[],
					"Status":[
						"vCompNormalize"
					],
					"MonomialOrder":"lex",
					"IsHomogeneous":false,
					"IsZeroDim":true,
					"IdealDimension":0,
					"ZeroDimensionalVars":[
						"u"
					],
					"Timings":{
						"TimingmagmaVCompNormalize":4.82e-4,
						"TimingComplexVolumeN":1.26578,
						"TimingObstruction":4.042e-3,
						"TiminguValues_ij":6.63e-4,
						"TiminguPolys_ij_N":1.3952e-2
					},
					"ComplexVolumeN":[
						"-7.915183594763591521898971897121689074648565880368443514356179503591693418779698886302830088972748709890290287486155290051237922907968554`118.25356395544063 - 1.482336254877956528807783271501465102356021683086442324014832726440936692164138106581147956104067232652647637568794017465955694457602262`117.52607382008844*I",
						"-7.9151835947635915218989718971216890746485658803684435143561795035916934187796988863028300889727487098902879073949359`101.84409921083763 + 1.4823362548779565288077832715014651023560216830864423240148327264409366921641381065811479561040672326526448924976603`101.11658494863126*I",
						"-1.739738061789387838737474206093223206888974154469239361045766474623023538474783901553984673941116215924248991682541489914888944284320486`115.19617884976331 - 0.715929849351378662821848227001972620531482145167856463123665762726402874567892631119848745829954693117104617032549014267226330991392101`114.81056545575339*I",
						"-1.73973806178938783873747420609322320688897415446923936104576647462302353847478390155398467394111621592424899168254148990681790287655944`121.01355507657976 + 0.715929849351378662821848227001972620531482145167856463123665762726402874567892631119848745829954693117104617032549014182660474826311718`120.62861871328563*I",
						"-4.0401815856639742578514692144710723405611810019406474297332330378742545765289300792070893189831093905445844657281259`103.84737410674536 - 3.0130693971634171705967911837974326906709016567885451595718297869357645456325108605780575901747733754908078004974474`103.7199823563431*I",
						"-4.040181585663974257851469214471072340561181001940647429733233037874254576528930079207089318983109390544584545613760043413959276239363799`118.06613674984176 + 3.013069397163417170596791183797432690670901656788545159571829786935764545632510860578057590174773375490807782027668336723035455471748214`117.93874569150523*I",
						"1.437305611681317024080435583874857741076099581282980623368435765023141780299154779461069740636678701453816370109718802199340184081532424`118.79300129480644 - 0.353104042081127882395238146876710320473347664115823645722273480431463772053501115902462079455622690140322894544798673515307931363281463`118.1833588888232*I",
						"1.437305611681317024080435583874857741076099581282980623368435765023141780299154779461069740636678701453816370109718802199340193260114231`120.00920080539197 + 0.353104042081127882395238146876710320473347664115823645722273480431463772053501115902462079455622690140322894544798673515307777624502645`119.39964111795987*I",
						"0.076744276326577395507233685394569751499435082895795386680738013013913602547598629265037456248907996596899093533602232567691789826513656`111.84988807216308 + 4.249210305625243252551944249543644469095844559233868716235037648503744626162818915306484426103858807863361669544777752546724852202315864`113.59315030313961*I",
						"0.076744276326577395507233685394569751499435082895795386680738013013913602547598629265037456248907996596899093533602243613769260931929224`114.46444153063298 - 4.249210305625243252551944249543644469095844559233868716235037648503744626162818915306484426103858807863361669544777746871925524401315838`116.2077038291241*I",
						"-7.558155447969658038768735951335745141104212441882026957740693514388173493901751027665749922425716845339643466408910510635799365899714369`121.26075957239584 + 7.80134122444006263574581517349382548731772329080798352849937392660745437168427286638267600397969572800824682108424853335965912955566244`121.28586836711324*I",
						"-7.558155447969658038768735951335745141104212441882026957740693514388173493901751027665749922425716845339643466408910510635799399384796364`121.72879095263988 - 7.801341224440062635745815173493825487317723290807983528499373926607454371684272866382676003979695728008246821084248533359659162375637339`121.79741450822881*I"
					],
					"GeometricComponent":"{11, 12}",
					"SortedReprnIndices":"{11, 12, 9, 10, 6, 5, 2, 1, 4, 3, 8, 7}",
					"Abelian":false,
					"Obstruction":-1,
					"ij_list":[
						[
							"{1, 2}",
							"{4, 5}"
						],
						[
							"{1, 3}"
						],
						[
							"{1, 4}"
						],
						[
							"{1, 5}",
							"{5, 8}"
						],
						[
							"{1, 6}"
						],
						[
							"{1, 7}"
						],
						[
							"{1, 8}"
						],
						[
							"{2, 3}"
						],
						[
							"{2, 4}",
							"{2, 5}"
						],
						[
							"{2, 6}"
						],
						[
							"{2, 7}"
						],
						[
							"{2, 8}"
						],
						[
							"{3, 4}"
						],
						[
							"{3, 5}"
						],
						[
							"{3, 6}"
						],
						[
							"{3, 7}"
						],
						[
							"{3, 8}"
						],
						[
							"{4, 6}"
						],
						[
							"{4, 7}"
						],
						[
							"{4, 8}"
						],
						[
							"{5, 6}"
						],
						[
							"{5, 7}"
						],
						[
							"{6, 7}"
						],
						[
							"{6, 8}"
						],
						[
							"{7, 8}"
						]
					],