{
	"Index":23,
	"Name":"8_9",
	"Hyperbolic":true,
	"Torus":false,
	"Satellite":false,
	"Diagrams":[
		{
			"Scode":"{-12, -10, 16, 14, -2, -4, 6, 8}",
			"Acode":"{-7, -6, 1, 8, -2, -3, 4, 5}",
			"PDcode":[
				"{1, 12, 2, 13}",
				"{3, 10, 4, 11}",
				"{5, 1, 6, 16}",
				"{7, 15, 8, 14}",
				"{9, 2, 10, 3}",
				"{11, 4, 12, 5}",
				"{13, 7, 14, 6}",
				"{15, 9, 16, 8}"
			],
			"SolvingSeqs":[
				[
					"{1, 5}",
					[],
					[
						"{1, 5, 8, 2}",
						"{5, 8, 4, 2}",
						"{4, 1, 3, 2}",
						"{8, 4, 7, 2}",
						"{1, -7, 2, 1}",
						"{7, -3, 6, 2}"
					],
					"{5}",
					"{2}",
					2
				]
			],
			"GeometricRepresentation":{
				"Volume":7.5881802236416267173849879305797739440998132473030104206197392767126056300103569964110349838170948350780,
				"ChernSimons":0
			}
		}
	],
	"ParabolicReps":[
		{
			"DiagramIdx":1,
			"SolvingSeqIdx":1,
			"u":{
				"CheckEq":[
					"u + u^2 + u*(u - u^3) - u*(-u^2 - u*(u - u^3))^2*(1 - (1 - u^2)*(-u^2 - u*(u - u^3))) - (u - u^3)*((1 - u^2)*(u - u^3) - (2*u - u^3)*(-u^2 - u*(u - u^3)))",
					"-1 + u^2 + u*(1 - (1 - u^2)*(-u^2 - u*(u - u^3)))^2 - (2*u - u^3)*((1 - u^2)*(u - u^3) - (2*u - u^3)*(-u^2 - u*(u - u^3)))"
				],
				"TimingForPrimaryIdeals":3.3227e-2
			},
			"v":{
				"CheckEq":[
					"-1 + v"
				],
				"TimingForPrimaryIdeals":3.393e-2
			},
			"PrimaryIdeals":[
				{
					"IdealName":"J8_9_0",
					"Generators":[
						"1 + u^2 - 3*u^3 + 2*u^5 - 6*u^6 + 4*u^7 + 9*u^8 - 4*u^9 - 5*u^10 + u^11 + u^12"
					],
					"VariableOrder":[
						"u"
					],
					"Characteristic":0,
					"KnownGroebner":[],
					"Status":[
						"vCompNormalize"
					],
					"MonomialOrder":"lex",
					"IsHomogeneous":false,
					"IsZeroDim":true,
					"IdealDimension":0,
					"ZeroDimensionalVars":[
						"u"
					],
					"Timings":{
						"TimingmagmaVCompNormalize":3.9e-4,
						"TimingComplexVolumeN":1.006064,
						"TimingObstruction":3.81e-3,
						"TiminguValues_ij":6.07e-4,
						"TiminguPolys_ij_N":1.2353e-2
					},
					"ComplexVolumeN":[
						"-7.5881802236416267173849879305797739440998132473030104206197392767126056300103569964110349838170948350780263205507031`104.24312730582788*I",
						"7.5881802236416267173849879305797739440998132473030104206197392767126056300103569964110349838170948350780259631149014`106.54894072659681*I",
						"-3.115094638836226499779941492508593831838934524356486245789487541048034616841037653565753544867284603561740327064202423414362517468435141`109.44687787654097 - 0.093609309307496504747637021031234951707652736625179612788265649690361342877988652291295322557620313005475275549289757666298507348010049`107.92472567199411*I",
						"-3.115094638836226499779941492508593831838934524356486245789487541048034616841037653565753544867284603561740327063899972290488874781488254`122.51253448024046 + 0.093609309307496504747637021031234951707652736625179612788265649690361342877988652291295322557620313005475275548990894043918531380908378`121.05987415327334*I",
						"-1.2021149657526254462517306589834416792762259849632031748149863671313231204916563986171176642198874764599363785530805`105.91623680668548*I",
						"1.202114965752625446251730658983441679276225984963203174814986367131323120491656398617117664219887476459936381266340816213067980716373425`121.1466066994704*I",
						"5.1389831282988346116574729476862597856228520218569836346247624539841680484684061104006372430281041926623523807473988`106.26818740148065 + 3.8848020690912260542311809073228975722083770427423551581753489995729693513257094953476711471048122692459062731554938`106.14667910598692*I",
						"5.1389831282988346116574729476862597856228520218569836346247624539841680484684061104006372430281041926604871073152236`100.58061728553028 - 3.8848020690912260542311809073228975722083770427423551581753489995729693513257094953476711471048122692460098809981628`100.45910899003655*I",
						"3.11509463883622649977994149250859383183893452435648624578948754104803461684103765356575354486728460356174032706389997229048887619683288`122.34025879227205 - 0.093609309307496504747637021031234951707652736625179612788265649690361342877988652291295322557620313005475275548990894043918530594537077`120.85435200829495*I",
						"3.115094638836226499779941492508593831838934524356486245789487541048034616841037653565753544867284603561740327063899975295980409427935923`113.83170652747219 + 0.093609309307496504747637021031234951707652736625179612788265649690361342877988652291295322557620313005475275548990892444663025216261314`112.30955432305744*I",
						"-5.138983128298834611657472947686259785622852021856983634624762453984168048468406110400637243028104192662352404225581327669297881962669322`111.1532192457299 + 3.884802069091226054231180907322897572208377042742355158175348999572969351325709495347671147104812269245906295242254173541824860615580259`111.03171095023644*I",
						"-5.1389831282988346116574729476862597856228520218569836346247624539841680484684061104006372430281041926623524046362804`106.320317224601 - 3.8848020690912260542311809073228975722083770427423551581753489995729693513257094953476711471048122692459062953944632`106.19880892910727*I"
					],
					"GeometricComponent":"{1, 2}",
					"SortedReprnIndices":"{2, 1, 7, 11, 8, 12, 6, 5, 10, 4, 9, 3}",
					"Abelian":false,
					"Obstruction":-1,
					"ij_list":[
						[
							"{1, 2}"
						],
						[
							"{1, 3}",
							"{1, 4}"
						],
						[
							"{1, 5}",
							"{4, 8}",
							"{5, 8}"
						],
						[
							"{1, 6}"
						],
						[
							"{1, 7}"
						],
						[
							"{1, 8}",
							"{4, 5}"
						],
						[
							"{2, 3}"
						],
						[
							"{2, 4}"
						],
						[
							"{2, 5}"
						],
						[
							"{2, 6}"
						],
						[
							"{2, 7}"
						],
						[
							"{2, 8}"
						],
						[
							"{3, 4}"
						],
						[
							"{3, 5}"
						],
						[
							"{3, 6}"
						],
						[
							"{3, 7}"
						],
						[
							"{3, 8}"
						],
						[
							"{4, 6}"
						],
						[
							"{4, 7}"
						],
						[
							"{5, 6}"
						],
						[
							"{5, 7}"
						],
						[
							"{6, 7}"
						],
						[
							"{6, 8}"
						],
						[
							"{7, 8}"
						]
					],