{
	"Index":36,
	"Name":"9_1",
	"Hyperbolic":false,
	"Torus":true,
	"Satellite":false,
	"Diagrams":[
		{
			"Scode":"{10, 12, 14, 16, 18, 2, 4, 6, 8}",
			"Acode":"{6, 7, 8, 9, 1, 2, 3, 4, 5}",
			"PDcode":[
				"{1, 11, 2, 10}",
				"{3, 13, 4, 12}",
				"{5, 15, 6, 14}",
				"{7, 17, 8, 16}",
				"{9, 1, 10, 18}",
				"{11, 3, 12, 2}",
				"{13, 5, 14, 4}",
				"{15, 7, 16, 6}",
				"{17, 9, 18, 8}"
			],
			"SolvingSeqs":[
				[
					"{1, 6}",
					[],
					[
						"{1, 6, 2, 1}",
						"{6, 2, 7, 1}",
						"{2, 7, 3, 1}",
						"{6, 1, 5, 2}",
						"{1, 5, 9, 2}",
						"{5, 9, 4, 2}",
						"{9, 4, 8, 2}"
					],
					"{7}",
					"{3}",
					3
				]
			]
		}
	],
	"ParabolicReps":[
		{
			"DiagramIdx":1,
			"SolvingSeqIdx":1,
			"u":{
				"CheckEq":[
					"u + u^2 - u^3 + (u^2 + u*(u - u^3))*(-((1 - u^2)*(u - u^3)) - u*(u^2 + u*(u - u^3))) + (u + u^2*(-u^3 - u*(1 - u^2)))*((1 - u^2)*(u + u^2*(-u^3 - u*(1 - u^2))) + u^2*(u - (1 - u^2)*(-u^3 - u*(1 - u^2))))",
					"-1 - u + u^2 + (1 - u^2)*(-((1 - u^2)*(u - u^3)) - u*(u^2 + u*(u - u^3))) + (u - (1 - u^2)*(-u^3 - u*(1 - u^2)))*((1 - u^2)*(u + u^2*(-u^3 - u*(1 - u^2))) + u^2*(u - (1 - u^2)*(-u^3 - u*(1 - u^2))))"
				],
				"TimingForPrimaryIdeals":5.3016e-2
			},
			"v":{
				"CheckEq":[
					"-1 + v"
				],
				"TimingForPrimaryIdeals":3.3106e-2
			},
			"PrimaryIdeals":[
				{
					"IdealName":"J9_1_1",
					"Generators":[
						"-1 - 3*u + u^3"
					],
					"VariableOrder":[
						"u"
					],
					"Characteristic":0,
					"KnownGroebner":[],
					"Status":[
						"vCompNormalize"
					],
					"MonomialOrder":"lex",
					"IsHomogeneous":false,
					"IsZeroDim":true,
					"IdealDimension":0,
					"ZeroDimensionalVars":[
						"u"
					],
					"Timings":{
						"TimingmagmaVCompNormalize":3.8e-4,
						"TimingComplexVolumeN":0.242491,
						"TimingObstruction":7.65e-4,
						"TiminguValues_ij":7.44e-4,
						"TiminguPolys_ij_N":2.401e-3
					},
					"ComplexVolumeN":[
						-13.70778389040188697060345972205020991015791584338998698112965191141672892002667394861357417183132254420003599135280992233024,
						-0.5483113556160754788241383888820083964063166337355994792451860764566691568010669579445429668732529017680014396541123969,
						12.6111611791697360129551829442861931173452825759187880226392797585033906064245400327244882380848167406640331120445851285438
					],
					"SortedReprnIndices":"{1, 3, 2}",
					"Abelian":false,
					"Obstruction":-1,
					"ij_list":[
						[
							"{1, 2}",
							"{1, 9}",
							"{5, 6}",
							"{6, 7}"
						],
						[
							"{1, 3}",
							"{5, 7}"
						],
						[
							"{1, 4}"
						],
						[
							"{1, 5}",
							"{1, 6}",
							"{2, 6}",
							"{2, 7}"
						],
						[
							"{1, 7}",
							"{2, 5}"
						],
						[
							"{1, 8}"
						],
						[
							"{2, 3}"
						],
						[
							"{2, 4}"
						],
						[
							"{2, 8}"
						],
						[
							"{2, 9}"
						],
						[
							"{3, 4}"
						],
						[
							"{3, 5}"
						],
						[
							"{3, 6}",
							"{6, 9}"
						],
						[
							"{3, 7}"
						],
						[
							"{3, 8}"
						],
						[
							"{3, 9}"
						],
						[
							"{4, 5}"
						],
						[
							"{4, 6}"
						],
						[
							"{4, 7}"
						],
						[
							"{4, 8}"
						],
						[
							"{4, 9}"
						],
						[
							"{5, 8}"
						],
						[
							"{5, 9}"
						],
						[
							"{6, 8}"
						],
						[
							"{7, 8}"
						],
						[
							"{7, 9}"
						],
						[
							"{8, 9}"
						]
					],
					"uPolys_ij_N":[
						"1 + 9*u + 6*u^2 + u^3",
						"1 + 3*u - 6*u^2 + u^3",
						"-3 - 9*u + 3*u^2 + u^3",
						"-1 - 3*u + u^3",
						"-3 - 9*u + 3*u^2 + u^3",
						"1 + 3*u - 6*u^2 + u^3",
						"1 + 9*u + 6*u^2 + u^3",
						"1 + 3*u - 6*u^2 + u^3",
						"-3 - 9*u + 3*u^2 + u^3",
						"1 + 3*u - 6*u^2 + u^3",
						"1 + 9*u + 6*u^2 + u^3",
						"1 + 3*u - 6*u^2 + u^3",
						"-3 - 9*u + 3*u^2 + u^3",
						"-1 - 3*u + u^3",
						"-1 - 3*u + u^3",
						"-3 - 9*u + 3*u^2 + u^3",
						"1 + 9*u + 6*u^2 + u^3",
						"1 + 3*u - 6*u^2 + u^3",
						"-3 - 9*u + 3*u^2 + u^3",
						"-1 - 3*u + u^3",
						"-1 - 3*u + u^3",
						"-3 - 9*u + 3*u^2 + u^3",
						"-1 - 3*u + u^3",
						"1 + 3*u - 6*u^2 + u^3",
						"1 + 9*u + 6*u^2 + u^3",
						"1 + 3*u - 6*u^2 + u^3",
						"1 + 9*u + 6*u^2 + u^3"
					],
					"uPolysN":[
						"-1 - 3*u + u^3",
						"-1 - 3*u + u^3",
						"-1 - 3*u + u^3",
						"-1 - 3*u + u^3",
						"1 - 3*u + u^3",
						"1 - 3*u + u^3",
						"1 - 3*u + u^3",
						"1 - 3*u + u^3",
						"1 - 3*u + u^3"
					]
				},
				{
					"IdealName":"J9_1_2",
					"Generators":[
						"-1 + u"
					],
					"VariableOrder":[
						"u"
					],
					"Characteristic":0,
					"KnownGroebner":[],
					"Status":[
						"vCompNormalize"
					],
					"MonomialOrder":"lex",
					"IsHomogeneous":false,
					"IsZeroDim":true,
					"IdealDimension":0,
					"ZeroDimensionalVars":[
						"u"
					],
					"Timings":{
						"TimingmagmaVCompNormalize":3.89e-4,
						"TimingComplexVolumeN":0.131698,
						"TimingObstruction":2.49e-4,
						"TiminguValues_ij":7.24e-4,
						"TiminguPolys_ij_N":1.123e-3
					},
					"ComplexVolumeN":[
						-4.9348022005446793094172454999380755676568497036203953132066746881100224112096026215008867018592761159120129568870115720
					],
					"SortedReprnIndices":"{1}",
					"Abelian":false,
					"Obstruction":-1,
					"ij_list":[
						[
							"{1, 2}",
							"{1, 9}",
							"{5, 6}",
							"{6, 7}"
						],
						[
							"{1, 3}",
							"{5, 7}"
						],
						[
							"{1, 4}"
						],
						[
							"{1, 5}",
							"{1, 6}",
							"{2, 6}",
							"{2, 7}"
						],
						[
							"{1, 7}",
							"{2, 5}"
						],
						[
							"{1, 8}"
						],
						[
							"{2, 3}"
						],
						[
							"{2, 4}"
						],
						[
							"{2, 8}"
						],
						[
							"{2, 9}"
						],
						[
							"{3, 4}"
						],
						[
							"{3, 5}"
						],
						[
							"{3, 6}",
							"{6, 9}"
						],
						[
							"{3, 7}"
						],
						[
							"{3, 8}"
						],
						[
							"{3, 9}"
						],
						[
							"{4, 5}"
						],
						[
							"{4, 6}"
						],
						[
							"{4, 7}"
						],
						[
							"{4, 8}"
						],
						[
							"{4, 9}"
						],
						[
							"{5, 8}"
						],
						[
							"{5, 9}"
						],
						[
							"{6, 8}"
						],
						[
							"{7, 8}"
						],
						[
							"{7, 9}"
						],
						[
							"{8, 9}"
						]
					],
					"uPolys_ij_N":[
						"1 + u",
						"1 + u",
						"u",
						"-1 + u",
						"u",
						"1 + u",
						"1 + u",
						"1 + u",
						"u",
						"1 + u",
						"1 + u",
						"1 + u",
						"u",
						"-1 + u",
						"-1 + u",
						"u",
						"1 + u",
						"1 + u",
						"u",
						"-1 + u",
						"-1 + u",
						"u",
						"-1 + u",
						"1 + u",
						"1 + u",
						"1 + u",
						"1 + u"
					],
					"uPolysN":[
						"-1 + u",
						"-1 + u",
						"-1 + u",
						"-1 + u",
						"1 + u",
						"1 + u",
						"1 + u",
						"1 + u",
						"1 + u"
					]
				},
				{
					"IdealName":"abJ9_1_3",
					"Generators":[
						"-1 + v"
					],
					"VariableOrder":[
						"v"
					],
					"Characteristic":0,
					"KnownGroebner":[],
					"Status":[
						"vCompNormalize"
					],
					"MonomialOrder":"lex",
					"IsHomogeneous":false,
					"IsZeroDim":true,
					"IdealDimension":0,
					"ZeroDimensionalVars":[
						"v"
					],
					"Timings":{
						"TimingmagmaVCompNormalize":3.73e-4,
						"TimingComplexVolumeN":8.3929e-2,
						"TimingObstruction":1.63e-4,
						"TiminguValues_ij":1.85e-4,
						"TiminguPolys_ij_N":1.2e-5
					},
					"ComplexVolumeN":"{0}",
					"SortedReprnIndices":"{1}",
					"Abelian":true,
					"Obstruction":1,