{
	"Index":45,
	"Name":"9_10",
	"Hyperbolic":true,
	"Torus":false,
	"Satellite":false,
	"Diagrams":[
		{
			"Scode":"{10, 14, 12, 18, 16, 2, 4, 6, 8}",
			"Acode":"{6, 8, 7, 1, 9, 2, 3, 4, 5}",
			"PDcode":[
				"{1, 11, 2, 10}",
				"{3, 15, 4, 14}",
				"{5, 13, 6, 12}",
				"{7, 1, 8, 18}",
				"{9, 17, 10, 16}",
				"{11, 3, 12, 2}",
				"{13, 5, 14, 4}",
				"{15, 7, 16, 6}",
				"{17, 9, 18, 8}"
			],
			"SolvingSeqs":[
				[
					"{2, 8}",
					[],
					[
						"{2, 8, 3, 1}",
						"{8, 3, 7, 2}",
						"{3, 7, 4, 1}",
						"{8, 4, 9, 1}",
						"{7, 2, 6, 2}",
						"{2, 6, 1, 2}",
						"{6, 9, 5, 2}"
					],
					"{4}",
					"{9}",
					9
				]
			],
			"GeometricRepresentation":{
				"Volume":8.7734572820556810933806456432637787939675232227624664260574836643859187375405513318198269000029990831704915145,
				"ChernSimons":1.7681211888152617889435134624158186645494902758428757253665932946613431589266218364750771753490123706158808476
			}
		}
	],
	"ParabolicReps":[
		{
			"DiagramIdx":1,
			"SolvingSeqIdx":1,
			"u":{
				"CheckEq":[
					"1 - 2*u + u^2 - u^3 + (1 - (u + u^3)*(2*u + u^3))*(-((1 + u^2)*(u + u^3)^2) - (u^2 + u*(u + u^3))*(1 - (u + u^3)*(2*u + u^3))) - u*(1 + u^2)^2*(u*(1 + u^2)^2*(u + u^3) + (2*u + u^3)*(u - u*(1 + u^2)*(u^2 + u*(u + u^3))))",
					"-u + u^2 - u^3 + u*(u + u^3) - (u + u^3)^2*(-((1 + u^2)*(u + u^3)^2) - (u^2 + u*(u + u^3))*(1 - (u + u^3)*(2*u + u^3))) + (u - u*(1 + u^2)*(u^2 + u*(u + u^3)))*(u*(1 + u^2)^2*(u + u^3) + (2*u + u^3)*(u - u*(1 + u^2)*(u^2 + u*(u + u^3))))"
				],
				"TimingForPrimaryIdeals":3.8121e-2
			},
			"v":{
				"CheckEq":[
					"1 - v"
				],
				"TimingForPrimaryIdeals":3.4896e-2
			},
			"PrimaryIdeals":[
				{
					"IdealName":"J9_10_0",
					"Generators":[
						"-1 + 2*u + 2*u^2 + u^3 + 3*u^4 + u^6"
					],
					"VariableOrder":[
						"u"
					],
					"Characteristic":0,
					"KnownGroebner":[],
					"Status":[
						"vCompNormalize"
					],
					"MonomialOrder":"lex",
					"IsHomogeneous":false,
					"IsZeroDim":true,
					"IdealDimension":0,
					"ZeroDimensionalVars":[
						"u"
					],
					"Timings":{
						"TimingmagmaVCompNormalize":4.04e-4,
						"TimingComplexVolumeN":0.638012,
						"TimingObstruction":1.99e-3,
						"TiminguValues_ij":8.05e-4,
						"TiminguPolys_ij_N":6.811e-3
					},
					"ComplexVolumeN":[
						-6.52764336793686169794696993121326717983315217489271098959535655179898199296770698231051587801343158661320658422517324,
						"8.363732249779173260786793072438009969159189432114675133624825611104513284563087041961713295964614831215710000775826`105.7272698445986 - 3.3937411976494663463092409979293766583415434849030960418885931251307266851199339772703652227315263893967743003253378`105.33554844391095*I",
						"8.363732249779173260786793072438009969159189432114675133624825611104513284563087041961713295964614831215710009311857`105.54380380345293 + 3.3937411976494663463092409979293766583415434849030960418885931251307266851199339772703652227315263893967743117472871`105.15208240276529*I",
						-0.5765909744661969097343218053261885738326080313680032265030154247726711307861037838940338596557531746179405714829635868,
						"1.7681211888152617889435134624158186645494902758428757253665932946613431589266218364750771753490123706158808476042770727121461250625966`109.87041273314377 + 8.773457282055681093380645643263778793967523222762466426057483664385918737540551331819826900002999083170491514497265210067929307707209306`110.56607147030857*I",
						"1.768121188815261788943513462415818664549490275842875725366593294661343158926621836475077175349012370615880847602828918422727808797145868`120.12563836138565 - 8.773457282055681093380645643263778793967523222762466426057483664385918737540551331819826900002999083170491514500614188107182635172798764`120.82169116623439*I"
					],
					"GeometricComponent":"{5, 6}",
					"SortedReprnIndices":"{5, 6, 3, 2, 1, 4}",
					"Abelian":false,
					"Obstruction":-1,
					"ij_list":[
						[
							"{1, 2}"
						],
						[
							"{1, 3}"
						],
						[
							"{1, 4}"
						],
						[
							"{1, 5}"
						],
						[
							"{1, 6}"
						],
						[
							"{1, 7}"
						],
						[
							"{1, 8}"
						],
						[
							"{1, 9}"
						],
						[
							"{2, 3}",
							"{7, 8}"
						],
						[
							"{2, 4}"
						],
						[
							"{2, 5}"
						],
						[
							"{2, 6}",
							"{2, 7}"
						],
						[
							"{2, 8}",
							"{3, 7}",
							"{3, 8}"
						],
						[
							"{2, 9}"
						],
						[
							"{3, 4}"
						],
						[
							"{3, 5}"
						],
						[
							"{3, 6}"
						],
						[
							"{3, 9}"
						],
						[
							"{4, 5}"
						],
						[
							"{4, 6}"
						],
						[
							"{4, 7}"
						],
						[
							"{4, 8}"
						],
						[
							"{4, 9}"
						],
						[
							"{5, 6}"
						],
						[
							"{5, 7}"
						],
						[
							"{5, 8}"
						],
						[
							"{5, 9}"
						],
						[
							"{6, 7}"
						],
						[
							"{6, 8}"
						],
						[
							"{6, 9}"
						],
						[
							"{7, 9}"
						],
						[
							"{8, 9}"
						]
					],
					"uPolys_ij_N":[
						"4 + 29*u + 11*u^2 + 3*u^3 + 8*u^4 + 5*u^5 + u^6",
						"7 + 46*u + 68*u^2 + u^3 + u^4 + 4*u^5 + u^6",
						"-1 - 2*u + 2*u^2 - u^3 + 3*u^4 + u^6",
						"-1 - 2*u + 2*u^2 - u^3 + 3*u^4 + u^6",
						"-2 - 3*u + 5*u^2 - u^3 + 2*u^4 - 3*u^5 + u^6",
						"26 + 123*u + 163*u^2 + 105*u^3 + 40*u^4 + 9*u^5 + u^6",
						"1 + 2*u - 6*u^2 + 9*u^3 - u^4 - 2*u^5 + u^6",
						"1 + 8*u - 6*u^2 - 9*u^3 + 13*u^4 - 6*u^5 + u^6",
						"1 + 8*u - 6*u^2 - 9*u^3 + 13*u^4 - 6*u^5 + u^6",
						"1 + 2*u - 6*u^2 + 9*u^3 - u^4 - 2*u^5 + u^6",
						"1 + 10*u + 28*u^2 + 19*u^3 - u^4 - 2*u^5 + u^6",
						"-2 - 3*u + 5*u^2 - u^3 + 2*u^4 - 3*u^5 + u^6",
						"-1 - 2*u + 2*u^2 - u^3 + 3*u^4 + u^6",
						"1 + 2*u - 6*u^2 + 9*u^3 - u^4 - 2*u^5 + u^6",
						"1 + 8*u - 6*u^2 - 9*u^3 + 13*u^4 - 6*u^5 + u^6",
						"8 + 69*u + 157*u^2 + 75*u^3 + 36*u^4 + 5*u^5 + u^6",
						"1 + 10*u + 28*u^2 + 19*u^3 - u^4 - 2*u^5 + u^6",
						"1 + 10*u + 28*u^2 + 19*u^3 - u^4 - 2*u^5 + u^6",
						"1 + 8*u - 6*u^2 - 9*u^3 + 13*u^4 - 6*u^5 + u^6",
						"1 + 2*u - 6*u^2 + 9*u^3 - u^4 - 2*u^5 + u^6",
						"-1 - 2*u + 2*u^2 - u^3 + 3*u^4 + u^6",
						"-2 - 3*u + 5*u^2 - u^3 + 2*u^4 - 3*u^5 + u^6",
						"-2 - 3*u + 5*u^2 - u^3 + 2*u^4 - 3*u^5 + u^6",
						"1 + 8*u - 6*u^2 - 9*u^3 + 13*u^4 - 6*u^5 + u^6",
						"7 + 46*u + 68*u^2 + u^3 + u^4 + 4*u^5 + u^6",
						"1 + 10*u + 28*u^2 + 19*u^3 - u^4 - 2*u^5 + u^6",
						"-1 - 2*u + 2*u^2 - u^3 + 3*u^4 + u^6",
						"4 + 29*u + 11*u^2 + 3*u^3 + 8*u^4 + 5*u^5 + u^6",
						"1 + 2*u - 6*u^2 + 9*u^3 - u^4 - 2*u^5 + u^6",
						"-1 - 2*u + 2*u^2 - u^3 + 3*u^4 + u^6",
						"1 + 2*u - 6*u^2 + 9*u^3 - u^4 - 2*u^5 + u^6",
						"4 + 29*u + 11*u^2 + 3*u^3 + 8*u^4 + 5*u^5 + u^6"
					],
					"uPolysN":[
						"-2 - 3*u + 5*u^2 - u^3 + 2*u^4 - 3*u^5 + u^6",
						"-1 - 2*u + 2*u^2 - u^3 + 3*u^4 + u^6",
						"-1 - 2*u + 2*u^2 - u^3 + 3*u^4 + u^6",
						"1 - 2*u - 2*u^2 - u^3 - 3*u^4 - u^6",
						"-1 - 2*u + 2*u^2 - u^3 + 3*u^4 + u^6",
						"2 - 3*u - 5*u^2 - u^3 - 2*u^4 - 3*u^5 - u^6",
						"1 - 2*u - 2*u^2 - u^3 - 3*u^4 - u^6",
						"2 - 3*u - 5*u^2 - u^3 - 2*u^4 - 3*u^5 - u^6",
						"1 - 2*u - 2*u^2 - u^3 - 3*u^4 - u^6"
					]
				},
				{
					"IdealName":"J9_10_1",
					"Generators":[
						"1 - 3*u^3 + 3*u^4 - 6*u^5 + 6*u^6 - 4*u^7 + 4*u^8 - u^9 + u^10"
					],
					"VariableOrder":[
						"u"
					],
					"Characteristic":0,
					"KnownGroebner":[],
					"Status":[
						"vCompNormalize"
					],
					"MonomialOrder":"lex",
					"IsHomogeneous":false,
					"IsZeroDim":true,
					"IdealDimension":0,
					"ZeroDimensionalVars":[
						"u"
					],
					"Timings":{
						"TimingmagmaVCompNormalize":3.94e-4,
						"TimingComplexVolumeN":1.064699,
						"TimingObstruction":3.539e-3,
						"TiminguValues_ij":7.99e-4,
						"TiminguPolys_ij_N":1.368e-2
					},