{
	"Index":46,
	"Name":"9_11",
	"Hyperbolic":true,
	"Torus":false,
	"Satellite":false,
	"Diagrams":[
		{
			"Scode":"{-10, 18, -14, -16, -2, 8, -4, -6, -12}",
			"Acode":"{-6, 1, -8, -9, -2, 5, -3, -4, -7}",
			"PDcode":[
				"{1, 10, 2, 11}",
				"{3, 1, 4, 18}",
				"{5, 14, 6, 15}",
				"{7, 16, 8, 17}",
				"{9, 2, 10, 3}",
				"{11, 9, 12, 8}",
				"{13, 4, 14, 5}",
				"{15, 6, 16, 7}",
				"{17, 12, 18, 13}"
			],
			"SolvingSeqs":[
				[
					"{2, 6}",
					[],
					[
						"{2, -6, 1, 2}",
						"{2, 1, 3, 1}",
						"{6, -2, 5, 2}",
						"{6, 5, 7, 1}",
						"{7, -3, 8, 1}",
						"{1, -7, 9, 2}",
						"{5, -9, 4, 2}"
					],
					"{3}",
					"{8}",
					8
				]
			],
			"GeometricRepresentation":{
				"Volume":8.288589042858491027206866435559555446363042030373466030494426274883863465670654026104626612843608982145375692651098496646,
				"ChernSimons":11.114413037573891164583580928610194268092997979112750334002078828853089906804843068366842130580242399379602937354532287019
			}
		}
	],
	"ParabolicReps":[
		{
			"DiagramIdx":1,
			"SolvingSeqIdx":1,
			"u":{
				"CheckEq":[
					"-u + u^4 - (u^2 + (u + u^3)*(u + u^3 + u^5))*(-(u*(1 - u^3*(u + u^3 + u^5))) - u*(u^2 + (u + u^3)*(u + u^3 + u^5))) - (u + u^3 - u^4*(-u^7 - (1 + u^2)*(u + u^3)))*((1 + u^2)*(u + u^3 - u^4*(-u^7 - (1 + u^2)*(u + u^3))) - u^4*(-u^3 - (1 + u^2)*(-u^7 - (1 + u^2)*(u + u^3))))",
					"1 + u + u^2 - (1 - u^3*(u + u^3 + u^5))*(-(u*(1 - u^3*(u + u^3 + u^5))) - u*(u^2 + (u + u^3)*(u + u^3 + u^5))) - (-u^3 - (1 + u^2)*(-u^7 - (1 + u^2)*(u + u^3)))*((1 + u^2)*(u + u^3 - u^4*(-u^7 - (1 + u^2)*(u + u^3))) - u^4*(-u^3 - (1 + u^2)*(-u^7 - (1 + u^2)*(u + u^3))))"
				],
				"TimingForPrimaryIdeals":3.5676e-2
			},
			"v":{
				"CheckEq":[
					"1 - v"
				],
				"TimingForPrimaryIdeals":3.3751e-2
			},
			"PrimaryIdeals":[
				{
					"IdealName":"J9_11_0",
					"Generators":[
						"-1 - 2*u - 2*u^3 + 4*u^4 + 8*u^6 + 2*u^7 + 11*u^8 + 4*u^9 + 10*u^10 + 4*u^11 + 7*u^12 + 2*u^13 + 3*u^14 + u^15 + u^16"
					],
					"VariableOrder":[
						"u"
					],
					"Characteristic":0,
					"KnownGroebner":[],
					"Status":[
						"vCompNormalize"
					],
					"MonomialOrder":"lex",
					"IsHomogeneous":false,
					"IsZeroDim":true,
					"IdealDimension":0,
					"ZeroDimensionalVars":[
						"u"
					],
					"Timings":{
						"TimingmagmaVCompNormalize":4.61e-4,
						"TimingComplexVolumeN":1.535854,
						"TimingObstruction":5.833e-3,
						"TiminguValues_ij":8.09e-4,
						"TiminguPolys_ij_N":2.5204e-2
					},
					"ComplexVolumeN":[
						"11.900572428637127804841944477690063392586883879495738355191606610771052563299467972975648365813445159965036234174406638553986888173641243`121.96316992332346 - 2.283568509812882860948492357753032188188783819815512947172807798562355026893772991437321444019314201987005554930014083588001775067214687`121.27496642192224*I",
						"11.900572428637127804841944477690063392586883879495738355191606610771052563299467972975648365813445159965036234174406638481531438472144006`117.16905254844764 + 2.2835685098128828609484923577530321881887838198155129471728077985623550268937729914373214440193142019870055549300140836307115309864532`116.45209997533772*I",
						"11.114413037573891164583580928610194268092997979112750334002078828853089906804843068366842130580242399379602937354532287019264187328315146`121.38299039470289 + 8.288589042858491027206866435559555446363042030373466030494426274883863465670654026104626612843608982145375692651098496646333746116358883`121.27871185003116*I",
						"11.11441303757389116458358092861019426809299797911275033400207882885308990680484306836684213058024239937960293735453228701898060226282768`118.62670767183944 - 8.288589042858491027206866435559555446363042030373466030494426274883863465670654026104626612843608982145375692651098496646089498449288818`118.49988018039554*I",
						"1.017295272690042000414095620216431559464728386041086972291389727780803030999051967316252546077888`77.2313979690196 + 2.576692007770442677191028765633946058059494887475886090343002833537071134542203281216996743284878`77.63501345305181*I",
						"1.017295272690042000414095620216431559464728386041086972291389727780803030999052398361736012382295666957197858306875536879926350147356505`120.64461476916775 - 2.576692007770442677191028765633946058059494887475886090343002833537071134542203117967542524767776384810244199249775133098640174145993444`121.05826368276236*I",
						0.764093063363409397136684779948837170936578972658899375520844014809807426170669515214083832400433385160695205203374647,
						"-1.887050575822587260998024938426857076096004150754480396463409774071906885981118304795862825994792674411524097921570149459768404904875744`110.56640181077594 + 1.529710593043537255293786768761530860242876405678777859648654319058362172646827928794379521939813115648387976807732834085217699888037378`110.47522754483253*I",
						"-1.887050575822587260998024938426857076096004150754480396463409774071906885981118304795862825994792674411524097921568275376899570450872539`118.05720694241056 - 1.529710593043537255293786768761530860242876405678777859648654319058362172646827928794379521939813115648387976807732847473524257167180308`117.96603469378465*I",
						"4.699567652952720768405583744935549961264782612574899924918023079608219452101719165518706273341375270284117172769259807576782012221938641`119.98256552905089 - 3.124339786358639880941840787945845621588852189426733834138947999359853813858511707707653775265358238177763415238015752866447951369909668`119.80548620006938*I",
						"4.699567652952720768405583744935549961264782612574899924918023079608219452101719165518706273341375270284117172769259807576773181391317488`122.57206369269379 + 3.124339786358639880941840787945845621588852189426733834138947999359853813858511707707653775265358238177763415238015752866437431893426887`122.43472252472732*I",
						8.006573113128500175960893527291930652380597238047049371146744310876159199065052981578546763694041597401956848835806789,
						"3.002377113567598221406177771044597342887512001613437807711244683111948237889133704132638585800043437319680478429271521131195512413235906`111.07189371332325 - 6.071966188037589405926896684484361351140641058786946358437514968792371725880538470743403269872958987357680086924635976449469791886979547`111.3777578169496*I",
						"3.002377113567598221406177771044597342887512001613437807711244683111948237889133704131798925374805`83.25094803876307 + 6.071966188037589405926896684484361351140641058786946358437514968792371725880538470744127909415552`83.55681214238238*I",
						"3.60097551966446055366340207516821599217635891431995669693311195661398220154266084521744087428460347121666272600136029194099239161795494`119.47368518433508 + 0.489679918573901569346751292730198554048193901630880618585071906195381654025381202983059828586729319622375941570225410458706933272625913`118.60749461301157*I",
						"3.600975519664460553663402075168215992176358914319956696933111956613982201542660845217440874284603471216662725945651536466183917050480884`107.05637978724849 - 0.48967991857390156934675129273019855404819390163088061858507190619538165402538120298305982858672931962237594151655745536376204338388902`106.18987191258485*I"
					],
					"GeometricComponent":"{3, 4}",
					"SortedReprnIndices":"{3, 4, 14, 13, 11, 10, 5, 6, 2, 1, 8, 9, 15, 16, 12, 7}",
					"Abelian":false,
					"Obstruction":-1,