{
	"Index":37,
	"Name":"9_2",
	"Hyperbolic":true,
	"Torus":false,
	"Satellite":false,
	"Diagrams":[
		{
			"Scode":"{10, 18, 16, 14, 12, 2, 8, 6, 4}",
			"Acode":"{6, 1, 9, 8, 7, 2, 5, 4, 3}",
			"PDcode":[
				"{1, 11, 2, 10}",
				"{3, 1, 4, 18}",
				"{5, 17, 6, 16}",
				"{7, 15, 8, 14}",
				"{9, 13, 10, 12}",
				"{11, 3, 12, 2}",
				"{13, 9, 14, 8}",
				"{15, 7, 16, 6}",
				"{17, 5, 18, 4}"
			],
			"SolvingSeqs":[
				[
					"{2, 6}",
					[],
					[
						"{6, 2, 7, 1}",
						"{2, 6, 1, 2}",
						"{2, 1, 3, 1}",
						"{6, 7, 5, 2}",
						"{7, 5, 8, 1}",
						"{5, 8, 4, 2}",
						"{1, 3, 9, 2}"
					],
					"{3}",
					"{8}",
					8
				]
			],
			"GeometricRepresentation":{
				"Volume":3.486660146295043589800612891536700319842118666423966061501787018213007923890021024805084591950091120356419679167703831331,
				"ChernSimons":-19.587069882624046054409092192347320165188346204722670483036935950334669533635784912535770799832785430156785848858724759514
			}
		}
	],
	"ParabolicReps":[
		{
			"DiagramIdx":1,
			"SolvingSeqIdx":1,
			"u":{
				"CheckEq":[
					"1 - u^2 - u^3 + (1 - (1 - u^2)*(u^4 + u^2*(1 - u^2)))*((1 - u^2)*(-u^2 - u^4*(u^4 + u^2*(1 - u^2))) - u^4*(1 - (1 - u^2)*(u^4 + u^2*(1 - u^2)))) + (-u + u^3*(-u^4 - u*(u - u^3)))*(-((u - u^3)*(-u + u^3*(-u^4 - u*(u - u^3)))) + u^3*(u + (u - u^3)*(-u^4 - u*(u - u^3))))",
					"-u + u^3 + u^4 + (-u^2 - u^4*(u^4 + u^2*(1 - u^2)))*((1 - u^2)*(-u^2 - u^4*(u^4 + u^2*(1 - u^2))) - u^4*(1 - (1 - u^2)*(u^4 + u^2*(1 - u^2)))) + (u + (u - u^3)*(-u^4 - u*(u - u^3)))*(-((u - u^3)*(-u + u^3*(-u^4 - u*(u - u^3)))) + u^3*(u + (u - u^3)*(-u^4 - u*(u - u^3))))"
				],
				"TimingForPrimaryIdeals":5.1748e-2
			},
			"v":{
				"CheckEq":[
					"1 - v"
				],
				"TimingForPrimaryIdeals":5.5766e-2
			},
			"PrimaryIdeals":[
				{
					"IdealName":"J9_2_0",
					"Generators":[
						"-1 + 2*u^2 + 2*u^3 - u^4 + u^6 + u^7"
					],
					"VariableOrder":[
						"u"
					],
					"Characteristic":0,
					"KnownGroebner":[],
					"Status":[
						"vCompNormalize"
					],
					"MonomialOrder":"lex",
					"IsHomogeneous":false,
					"IsZeroDim":true,
					"IdealDimension":0,
					"ZeroDimensionalVars":[
						"u"
					],
					"Timings":{
						"TimingmagmaVCompNormalize":4.05e-4,
						"TimingComplexVolumeN":0.746621,
						"TimingObstruction":2.697e-3,
						"TiminguValues_ij":8.82e-4,
						"TiminguPolys_ij_N":1.0337e-2
					},
					"ComplexVolumeN":[
						"-19.587069882624046054409092192347320165188346204722670483036935950334669533635784912535770799832785430156785848858724759513895077618388553`122.05053842205014 - 3.486660146295043589800612891536700319842118666423966061501787018213007923890021024805084591950091120356419679167703831330766979799362102`121.31670567067339*I",
						"-19.587069882624046054409092192347320165188346204722670483036935950334669533635784912535770799832785430156785848858724759513895075585252814`121.8638413546828 + 3.486660146295043589800612891536700319842118666423966061501787018213007923890021024805084591950091120356419679167703831330766953548351676`121.11674999708285*I",
						"1.267821891137016930715801418502214689596824652393880267644549150863062362472125558600778372600966950092870675074908957488283002665123419`117.71046046785135 - 1.832611138840416421980478944795742044114121220292594194879808327037198319346083557626453924472302296409323111757988741558021305879512434`117.8724620966556*I",
						"1.2678218911370169307158014185022146895968246523938802676445491508630623624721255586007783726009669500928706750749089347754608112076694`113.55856255093383 + 1.832611138840416421980478944795742044114121220292594194879808327037198319346083557626453924472302296409323111757988766736582592364861871`113.71857462657442*I",
						-0.745233623056273155992614171382638517172343434709773157830653068345460095645923786227142501726845570176903714857675,
						"7.999793368501693864618899276337261004254518911839486949026584842739288661365815567129975824066809680676338957957461597475732862540361815`110.61906475472135 + 2.921259984229067422951020263673489384561706959000562858161030395451636164193192074827702807368208353463029555451235441058189564905992004`110.18155619496584*I",
						"7.999793368501693864618899276337261004254518911839486949026584842739288661365815567129975824066809680676338957957461405989020059140642087`114.76458308252478 - 2.921259984229067422951020263673489384561706959000562858161030395451636164193192074827702807368208353463029555451251483663831587912096507`114.3270745240552*I"
					],
					"GeometricComponent":"{1, 2}",
					"SortedReprnIndices":"{2, 1, 6, 7, 4, 3, 5}",
					"Abelian":false,
					"Obstruction":-1,
					"ij_list":[
						[
							"{1, 2}",
							"{6, 7}"
						],
						[
							"{1, 3}"
						],
						[
							"{1, 4}"
						],
						[
							"{1, 5}"
						],
						[
							"{1, 6}",
							"{2, 6}",
							"{2, 7}"
						],
						[
							"{1, 7}",
							"{2, 5}"
						],
						[
							"{1, 8}"
						],
						[
							"{1, 9}"
						],
						[
							"{2, 3}",
							"{5, 6}"
						],
						[
							"{2, 4}"
						],
						[
							"{2, 8}"
						],
						[
							"{2, 9}"
						],
						[
							"{3, 4}"
						],
						[
							"{3, 5}"
						],
						[
							"{3, 6}"
						],
						[
							"{3, 7}"
						],
						[
							"{3, 8}"
						],
						[
							"{3, 9}"
						],
						[
							"{4, 5}"
						],
						[
							"{4, 6}"
						],
						[
							"{4, 7}"
						],
						[
							"{4, 8}"
						],
						[
							"{4, 9}"
						],
						[
							"{5, 7}"
						],
						[
							"{5, 8}"
						],
						[
							"{5, 9}"
						],
						[
							"{6, 8}"
						],
						[
							"{6, 9}"
						],
						[
							"{7, 8}"
						],
						[
							"{7, 9}"
						],
						[
							"{8, 9}"
						]
					],
					"uPolys_ij_N":[
						"1 + 4*u + 6*u^2 + 10*u^3 + 5*u^4 + 6*u^5 + u^6 + u^7",
						"1 + 4*u + 6*u^2 + 10*u^3 + 5*u^4 + 6*u^5 + u^6 + u^7",
						"2 + 3*u + 5*u^2 + 24*u^3 - 11*u^4 + 20*u^5 - u^6 + u^7",
						"4 - 8*u - 19*u^2 + 37*u^3 - 2*u^4 + 18*u^5 + u^6 + u^7",
						"1 - 2*u^2 + 2*u^3 + u^4 - u^6 + u^7",
						"8 + 5*u - 39*u^2 + 14*u^3 + 21*u^4 - 6*u^5 - 3*u^6 + u^7",
						"1 - 10*u^2 + 28*u^3 - 27*u^4 + 4*u^5 + 7*u^6 + u^7",
						"1 + 4*u - 34*u^2 + 86*u^3 - 91*u^4 + 46*u^5 - 11*u^6 + u^7",
						"1 + 4*u - 34*u^2 + 86*u^3 - 91*u^4 + 46*u^5 - 11*u^6 + u^7",
						"1 - 10*u^2 + 28*u^3 - 27*u^4 + 4*u^5 + 7*u^6 + u^7",
						"4 - 8*u - 19*u^2 + 37*u^3 - 2*u^4 + 18*u^5 + u^6 + u^7",
						"2 + 3*u + 5*u^2 + 24*u^3 - 11*u^4 + 20*u^5 - u^6 + u^7",
						"1 + 4*u - 34*u^2 + 86*u^3 - 91*u^4 + 46*u^5 - 11*u^6 + u^7",
						"1 - 10*u^2 + 28*u^3 - 27*u^4 + 4*u^5 + 7*u^6 + u^7",
						"8 + 5*u - 39*u^2 + 14*u^3 + 21*u^4 - 6*u^5 - 3*u^6 + u^7",
						"4 - 8*u - 19*u^2 + 37*u^3 - 2*u^4 + 18*u^5 + u^6 + u^7",
						"2 + 3*u + 5*u^2 + 24*u^3 - 11*u^4 + 20*u^5 - u^6 + u^7",
						"1 + 4*u + 6*u^2 + 10*u^3 + 5*u^4 + 6*u^5 + u^6 + u^7",
						"1 + 4*u - 34*u^2 + 86*u^3 - 91*u^4 + 46*u^5 - 11*u^6 + u^7",
						"1 - 10*u^2 + 28*u^3 - 27*u^4 + 4*u^5 + 7*u^6 + u^7",
						"2 + 3*u + 5*u^2 + 24*u^3 - 11*u^4 + 20*u^5 - u^6 + u^7",
						"1 + 4*u + 6*u^2 + 10*u^3 + 5*u^4 + 6*u^5 + u^6 + u^7",
						"1 + 4*u + 6*u^2 + 10*u^3 + 5*u^4 + 6*u^5 + u^6 + u^7",
						"1 + 4*u + 6*u^2 + 10*u^3 + 5*u^4 + 6*u^5 + u^6 + u^7",
						"1 + 4*u + 6*u^2 + 10*u^3 + 5*u^4 + 6*u^5 + u^6 + u^7",
						"2 + 3*u + 5*u^2 + 24*u^3 - 11*u^4 + 20*u^5 - u^6 + u^7",
						"2 + 3*u + 5*u^2 + 24*u^3 - 11*u^4 + 20*u^5 - u^6 + u^7",
						"4 - 8*u - 19*u^2 + 37*u^3 - 2*u^4 + 18*u^5 + u^6 + u^7",
						"1 + 4*u - 34*u^2 + 86*u^3 - 91*u^4 + 46*u^5 - 11*u^6 + u^7",
						"1 - 10*u^2 + 28*u^3 - 27*u^4 + 4*u^5 + 7*u^6 + u^7",
						"1 + 4*u - 34*u^2 + 86*u^3 - 91*u^4 + 46*u^5 - 11*u^6 + u^7"
					],