{
	"Index":38,
	"Name":"9_3",
	"Hyperbolic":true,
	"Torus":false,
	"Satellite":false,
	"Diagrams":[
		{
			"Scode":"{10, 12, 14, 18, 16, 2, 4, 6, 8}",
			"Acode":"{6, 7, 8, 1, 9, 2, 3, 4, 5}",
			"PDcode":[
				"{1, 11, 2, 10}",
				"{3, 13, 4, 12}",
				"{5, 15, 6, 14}",
				"{7, 1, 8, 18}",
				"{9, 17, 10, 16}",
				"{11, 3, 12, 2}",
				"{13, 5, 14, 4}",
				"{15, 7, 16, 6}",
				"{17, 9, 18, 8}"
			],
			"SolvingSeqs":[
				[
					"{3, 7}",
					[],
					[
						"{7, 3, 8, 1}",
						"{3, 8, 4, 1}",
						"{8, 4, 9, 1}",
						"{3, 7, 2, 2}",
						"{7, 2, 6, 2}",
						"{2, 6, 1, 2}",
						"{6, 9, 5, 2}"
					],
					"{4}",
					"{9}",
					9
				]
			],
			"GeometricRepresentation":{
				"Volume":4.9948564041257137238843715572205846829967199845740578325723705023956234565991767489116212944145248029671849975087655380876,
				"ChernSimons":-12.1688592886025142305037513958745131091896741436569017736419061628805138975576971870160852913087219985336720668981393324038
			}
		}
	],
	"ParabolicReps":[
		{
			"DiagramIdx":1,
			"SolvingSeqIdx":1,
			"u":{
				"CheckEq":[
					"-u + u^2 + u^3 + (-u^2 - u*(u - u^3))*(-(u^2*(1 - u^2)) + (1 - u^2)*(-u^2 - u*(u - u^3))) + (u + u^2*(-u^3 - u*(1 - u^2)))*(u*(u + u^2*(-u^3 - u*(1 - u^2))) - (u - u^3)*(-u + (1 - u^2)*(-u^3 - u*(1 - u^2))))",
					"1 - u - u^2 + (1 - u^2)*(-(u^2*(1 - u^2)) + (1 - u^2)*(-u^2 - u*(u - u^3))) + (-u + (1 - u^2)*(-u^3 - u*(1 - u^2)))*(u*(u + u^2*(-u^3 - u*(1 - u^2))) - (u - u^3)*(-u + (1 - u^2)*(-u^3 - u*(1 - u^2))))"
				],
				"TimingForPrimaryIdeals":5.2713e-2
			},
			"v":{
				"CheckEq":[
					"1 - v"
				],
				"TimingForPrimaryIdeals":3.666e-2
			},
			"PrimaryIdeals":[
				{
					"IdealName":"J9_3_0",
					"Generators":[
						"1 - u - 4*u^2 - 6*u^3 + 7*u^4 + 11*u^5 - 5*u^6 - 6*u^7 + u^8 + u^9"
					],
					"VariableOrder":[
						"u"
					],
					"Characteristic":0,
					"KnownGroebner":[],
					"Status":[
						"vCompNormalize"
					],
					"MonomialOrder":"lex",
					"IsHomogeneous":false,
					"IsZeroDim":true,
					"IdealDimension":0,
					"ZeroDimensionalVars":[
						"u"
					],
					"Timings":{
						"TimingmagmaVCompNormalize":3.88e-4,
						"TimingComplexVolumeN":0.871899,
						"TimingObstruction":2.904e-3,
						"TiminguValues_ij":8.01e-4,
						"TiminguPolys_ij_N":1.0105e-2
					},
					"ComplexVolumeN":[
						"-12.168859288602514230503751395874513109189674143656901773641906162880513897557697187016085291308721998533672066898139332403775808410534686`122.56710831296762 - 4.994856404125713723884371557220584682996719984574057832572370502395623456599176748911621294414524802967184997508765538087585840433477216`122.21625225073689*I",
						"-12.168859288602514230503751395874513109189674143656901773641906162880513897557697187016085291308721998533672066898139332403775784300138733`122.31520052766659 + 4.994856404125713723884371557220584682996719984574057832572370502395623456599176748911621294414524802967184997508765538087585895635348094`121.94837250582789*I",
						-5.5011960125531587341926329834989846571135867993886219369103649143458455271052046508282465062064846315546465813526814301532,
						"2.847888144335132303880697423524385347470916486323578389087222652493241535396305722223508418453020089568739550741947659759105316306427121`120.11214233696218 - 1.554227768471583220649065050673963274682250850254239289324867067459095604506444646911544738517004796550157782977370462626524964721371649`119.84917090942925*I",
						"2.84788814433513230388069742352438534747091648632357838908722265249324153539630572222350841845302008956873955074973789114092034708744909`107.95496507550469 + 1.554227768471583220649065050673963274682250850254239289324867067459095604506444646911544738517004796550157782984268177934035829555449418`107.69195681183851*I",
						-0.561234155806170243842195944382641633529215953116156447148463547137154162488570181622817337034835764646851072967864574,
						"-1.758070857101968610039218883428670315087536784183211112815690613029650085953921074473275047577419088699296464375739275116465625032259655`121.00408529932086 + 3.863535739443849519991971236445906613641067019265616308223126338040762153132001093941007698317639610176251442091507168877351217442835059`121.34833525892965*I",
						"-1.758070857101968610039218883428670315087536784183211112815690613029650085953921074473275047577419088699296464375739275116465608568883266`122.48490725229253 - 3.863535739443849519991971236445906613641067019265616308223126338040762153132001093941007698317639610176251442091507168877351222567433866`122.88684242268529*I",
						-16.19270563380408373339583486000345766465625569704571044006049548467335711506202368252521263262592265167816099659869624871
					],
					"GeometricComponent":"{1, 2}",
					"SortedReprnIndices":"{2, 1, 7, 8, 5, 4, 9, 3, 6}",
					"Abelian":false,
					"Obstruction":-1,
					"ij_list":[
						[
							"{1, 2}"
						],
						[
							"{1, 3}",
							"{6, 8}"
						],
						[
							"{1, 4}"
						],
						[
							"{1, 5}"
						],
						[
							"{1, 6}"
						],
						[
							"{1, 7}",
							"{4, 7}"
						],
						[
							"{1, 8}"
						],
						[
							"{1, 9}"
						],
						[
							"{2, 3}",
							"{3, 4}",
							"{6, 7}",
							"{7, 8}"
						],
						[
							"{2, 4}"
						],
						[
							"{2, 5}"
						],
						[
							"{2, 6}",
							"{2, 7}",
							"{3, 7}",
							"{3, 8}"
						],
						[
							"{2, 8}",
							"{3, 6}"
						],
						[
							"{2, 9}"
						],
						[
							"{3, 5}"
						],
						[
							"{3, 9}"
						],
						[
							"{4, 5}"
						],
						[
							"{4, 6}"
						],
						[
							"{4, 8}"
						],
						[
							"{4, 9}"
						],
						[
							"{5, 6}"
						],
						[
							"{5, 7}"
						],
						[
							"{5, 8}"
						],
						[
							"{5, 9}"
						],
						[
							"{6, 9}"
						],
						[
							"{7, 9}"
						],
						[
							"{8, 9}"
						]
					],