{
	"Index":39,
	"Name":"9_4",
	"Hyperbolic":true,
	"Torus":false,
	"Satellite":false,
	"Diagrams":[
		{
			"Scode":"{10, 12, 18, 16, 14, 2, 4, 8, 6}",
			"Acode":"{6, 7, 1, 9, 8, 2, 3, 5, 4}",
			"PDcode":[
				"{1, 11, 2, 10}",
				"{3, 13, 4, 12}",
				"{5, 1, 6, 18}",
				"{7, 17, 8, 16}",
				"{9, 15, 10, 14}",
				"{11, 3, 12, 2}",
				"{13, 5, 14, 4}",
				"{15, 9, 16, 8}",
				"{17, 7, 18, 6}"
			],
			"SolvingSeqs":[
				[
					"{4, 9}",
					[],
					[
						"{4, 9, 5, 1}",
						"{9, 4, 1, 1}",
						"{4, 1, 3, 2}",
						"{9, 5, 8, 2}",
						"{5, 8, 6, 1}",
						"{8, 3, 7, 2}",
						"{3, 7, 2, 2}"
					],
					"{1}",
					"{6}",
					6
				]
			],
			"GeometricRepresentation":{
				"Volume":5.556518816346559286667047653914881572932237070135089084742897149435118315706721,
				"ChernSimons":4.098157752684510286751996757662719222701528681512585818739026054905515526601766
			}
		}
	],
	"ParabolicReps":[
		{
			"DiagramIdx":1,
			"SolvingSeqIdx":1,
			"u":{
				"CheckEq":[
					"u + u^2 + (u^2 + u*(u + u^3))*(-(u*(1 + u^2)) - u*(u^2 + u*(u + u^3))) + (u + u^3 + u^2*(-u^3 - (1 + u^2)*(u + u^3)))*((1 + u^2)*(u + u^3 + u^2*(-u^3 - (1 + u^2)*(u + u^3))) + u^2*(u - (1 + u^2)*(-u^3 - (1 + u^2)*(u + u^3))))",
					"-1 - u - u^2 + (1 + u^2)*(-(u*(1 + u^2)) - u*(u^2 + u*(u + u^3))) + (u - (1 + u^2)*(-u^3 - (1 + u^2)*(u + u^3)))*((1 + u^2)*(u + u^3 + u^2*(-u^3 - (1 + u^2)*(u + u^3))) + u^2*(u - (1 + u^2)*(-u^3 - (1 + u^2)*(u + u^3))))"
				],
				"TimingForPrimaryIdeals":3.6012e-2
			},
			"v":{
				"CheckEq":[
					"-1 + v"
				],
				"TimingForPrimaryIdeals":3.6299e-2
			},
			"PrimaryIdeals":[
				{
					"IdealName":"J9_4_0",
					"Generators":[
						"-1 - u + 3*u^2 - 6*u^3 + 13*u^4 - 11*u^5 + 16*u^6 - 6*u^7 + 7*u^8 - u^9 + u^10"
					],
					"VariableOrder":[
						"u"
					],
					"Characteristic":0,
					"KnownGroebner":[],
					"Status":[
						"vCompNormalize"
					],
					"MonomialOrder":"lex",
					"IsHomogeneous":false,
					"IsZeroDim":true,
					"IdealDimension":0,
					"ZeroDimensionalVars":[
						"u"
					],
					"Timings":{
						"TimingmagmaVCompNormalize":4.18e-4,
						"TimingComplexVolumeN":0.99558,
						"TimingObstruction":3.528e-3,
						"TiminguValues_ij":8.29e-4,
						"TiminguPolys_ij_N":1.3173e-2
					},
					"ComplexVolumeN":[
						-0.6095224097468438663523648918412906212274309690759578123878286588961827232843679272156819515282496524383764249298047,
						"1.859260209021382268914739946513303890512946532129727059773522517014438379885387433365481672657071676867336916652719786216356959684324638`122.85811177952411 - 1.60531652282655339159964608702909748060930032529822511479077091123370938005370373975775750479532121934107734934098561167578192686816145`122.83529125066505*I",
						"1.859260209021382268914739946513303890512946532129727059773522517014438379885387433365481672657071676867336916652719786216357143021751213`120.73459314812507 + 1.605316522826553391599646087029097480609300325298225114790770911233709380053703739757757504795321219341077349340985611675781893550263056`120.67117999576793*I",
						"10.720284999152440234603771268282594978027693272011333976332411135855238291094625942325727746877314035538084796286135933572795991507631789`120.07386487082758 - 2.286319208366806773633742537716709399279843832877867000838024351425550441383299222028480284387268777587513610044054981587151310261467089`119.40688094790183*I",
						"10.720284999152440234603771268282594978027693272011333976332411135855238291094625942325727746877314035538084796286135933572796699300313314`121.26039083332564 + 2.286319208366806773633742537716709399279843832877867000838024351425550441383299222028480284387268777587513610044054981587151320937135882`120.59784468280779*I",
						"4.098157752684510286751996757662719222701528681512585818739026054905515526601766160166148692249134`79.36642228666362 + 5.556518816346559286667047653914881572932237070135089084742897149435118315706721380186846365520172`79.49863640409733*I",
						"4.098157752684510286751996757662719222701528681512585818739026054905515526601766169817355705445763132713951990366372068832274271444552506`111.88655140456692 - 5.556518816346559286667047653914881572932237070135089084742897149435118315706721378369908694594948422533662211121677229734103402448133346`112.01876552202944*I",
						"-4.58158945759687885942758772768861828600215293987550363801363385914395266336579745992487026533060237712165282208906031027913955695565066`112.12304891508776 + 3.559455092287483616532594361807849250121805920430547543481320870788137513840532279114635564485014138443962899493834024068905651146066565`112.01341626235961*I",
						"-4.581589457596878859427587727688618286002152939875503638013633859143952663365797459924870265330602377121652822089066001314016929448506488`112.24143806698814 - 3.559455092287483616532594361807849250121805920430547543481320870788137513840532279114635564485014138443962899493826038925362039551664651`112.13731751189076*I",
						-7.13336392829379963060932393123845709706310111041234424391924074466622164111558750561541876157325623051702214787914972529736
					],
					"GeometricComponent":"{6, 7}",
					"SortedReprnIndices":"{6, 7, 8, 9, 5, 4, 3, 2, 10, 1}",
					"Abelian":false,
					"Obstruction":-1,
					"ij_list":[
						[
							"{1, 2}"
						],
						[
							"{1, 3}"
						],
						[
							"{1, 4}",
							"{4, 9}",
							"{5, 8}",
							"{5, 9}"
						],
						[
							"{1, 5}",
							"{4, 8}"
						],
						[
							"{1, 6}"
						],
						[
							"{1, 7}"
						],
						[
							"{1, 8}",
							"{4, 6}"
						],
						[
							"{1, 9}",
							"{3, 4}",
							"{4, 5}",
							"{8, 9}"
						],
						[
							"{2, 3}"
						],
						[
							"{2, 4}"
						],
						[
							"{2, 5}"
						],
						[
							"{2, 6}"
						],
						[
							"{2, 7}"
						],
						[
							"{2, 8}"
						],
						[
							"{2, 9}"
						],
						[
							"{3, 5}"
						],
						[
							"{3, 6}"
						],
						[
							"{3, 7}"
						],
						[
							"{3, 8}"
						],
						[
							"{3, 9}",
							"{6, 9}"
						],
						[
							"{4, 7}"
						],
						[
							"{5, 6}"
						],
						[
							"{5, 7}"
						],
						[
							"{6, 7}"
						],
						[
							"{6, 8}"
						],
						[
							"{7, 8}"
						],
						[
							"{7, 9}"
						]
					],