{
	"Index":77,
	"Name":"9_42",
	"Hyperbolic":true,
	"Torus":false,
	"Satellite":false,
	"Diagrams":[
		{
			"Scode":"{-8, 18, 13, -2, 4, -15, -17, 5, -11}",
			"Acode":"{-5, 1, 8, -2, 3, -9, -1, 3, -7}",
			"PDcode":[
				"{1, 8, 2, 9}",
				"{3, 1, 4, 18}",
				"{6, 14, 7, 13}",
				"{7, 2, 8, 3}",
				"{9, 5, 10, 4}",
				"{10, 15, 11, 16}",
				"{12, 17, 13, 18}",
				"{14, 6, 15, 5}",
				"{16, 11, 17, 12}"
			],
			"SolvingSeqs":[
				[
					"{1, 5, 8}",
					[],
					[
						"{1, -5, 2, 1}",
						"{2, 1, 3, 1}",
						"{5, -2, 4, 2}",
						"{8, -1, 7, 2}",
						"{1, -7, 9, 2}",
						"{7, -9, 6, 2}"
					],
					"{3, 8}",
					"{5}",
					5
				]
			],
			"GeometricRepresentation":{
				"Volume":4.0568602242368201441819241840176594471606643770938095602265600154439730336958914633489323856675,
				"ChernSimons":17.6978656440842118625565833090562234907062555388465697344043611682208226782893232031978735462226
			}
		}
	],
	"ParabolicReps":[
		{
			"DiagramIdx":1,
			"SolvingSeqIdx":1,
			"u":{
				"CheckEq":[
					"b - b^2 - u^2*(-(a*u^2) - b*(1 + u^2))",
					"-1 + a - (a - b)*b + (1 + u^2)*(-(a*u^2) - b*(1 + u^2))",
					"1 + u + u^2 + a*(a*u^2 + b*(1 + u^2))",
					"-u - u^2 - u^3 + b*(a*u^2 + b*(1 + u^2))"
				],
				"TimingForPrimaryIdeals":3.4609e-2
			},
			"v":{
				"CheckEq":[
					"b^2",
					"-1 + a - b - (a - b)*b",
					"b - b^2",
					"1 + a*b - v"
				],
				"TimingForPrimaryIdeals":3.2689e-2
			},
			"PrimaryIdeals":[
				{
					"IdealName":"J9_42_0",
					"Generators":[
						"-1 + u + 2*u^3 - 2*u^4 + u^5",
						"1 + a + u + u^2 - u^3 + u^4",
						"-1 + b - u^2 + u^3 - u^4"
					],
					"VariableOrder":[
						"u",
						"a",
						"b"
					],
					"Characteristic":0,
					"KnownGroebner":[],
					"Status":[
						"vCompNormalize"
					],
					"MonomialOrder":"lex",
					"IsHomogeneous":false,
					"IsZeroDim":true,
					"IdealDimension":0,
					"ZeroDimensionalVars":[
						"u",
						"a",
						"b"
					],
					"Timings":{
						"TimingmagmaVCompNormalize":4.53e-4,
						"TimingComplexVolumeN":0.513832,
						"TimingObstruction":1.461e-3,
						"TiminguValues_ij":5.86e-4,
						"TiminguPolys_ij_N":3.588e-3
					},
					"ComplexVolumeN":[
						"-0.057510954636879697787770539532369369141247115367890314010449887770481089381364180517819172243338148100974925972248948027326925499208016`121.87940606538142 + 1.373617771354093619455478821655271279167695156902036052081770769694219643746194860778023919243422024355676012318513036686525952955235538`123.26422049109918*I",
						"-0.057510954636879697787770539532369369141247115367890314010449887770481089381364180517819172243338148100974925972248948027326925538246652`120.40382849722255 - 1.373617771354093619455478821655271279167695156902036052081770769694219643746194860778023919243422024355676012318513036686525952923848801`121.78214625166594*I",
						2.55277415861454370932792329381087110890583088079900522713001671460948864145770205281335596629600212394130528763523713,
						"17.6978656440842118625565833090562234907062555388465697344043611682208226782893232031978735462225627201894261386573685`96.20672598192394 - 4.0568602242368201441819241840176594471606643770938095602265600154439730336958914633489323856675493642381582350248262`95.56699513285969*I",
						"17.697865644084211862556583309056223490706255538846569734404361168220822678289323203197873546222562197126371950221508074091755685684024582`121.61998688646939 + 4.056860224236820144181924184017659447160664377093809560226560015443973033695891463348932385667550030505861921452212163198329749682613814`121.0070997120045*I"
					],
					"GeometricComponent":"{4, 5}",
					"SortedReprnIndices":"{5, 4, 1, 2, 3}",
					"Abelian":false,
					"Obstruction":-1,
					"ij_list":[
						[
							"{1, 2}",
							"{1, 3}",
							"{4, 5}"
						],
						[
							"{1, 4}"
						],
						[
							"{1, 5}",
							"{2, 4}",
							"{2, 5}"
						],
						[
							"{1, 6}"
						],
						[
							"{1, 7}",
							"{1, 8}"
						],
						[
							"{1, 9}"
						],
						[
							"{2, 3}"
						],
						[
							"{2, 6}"
						],
						[
							"{2, 7}"
						],
						[
							"{2, 8}"
						],
						[
							"{2, 9}"
						],
						[
							"{3, 4}"
						],
						[
							"{3, 5}"
						],
						[
							"{3, 6}"
						],
						[
							"{3, 7}"
						],
						[
							"{3, 8}"
						],
						[
							"{3, 9}"
						],
						[
							"{4, 6}"
						],
						[
							"{4, 7}"
						],
						[
							"{4, 8}"
						],
						[
							"{4, 9}"
						],
						[
							"{5, 6}"
						],
						[
							"{5, 7}"
						],
						[
							"{5, 8}"
						],
						[
							"{5, 9}"
						],
						[
							"{6, 7}"
						],
						[
							"{6, 8}"
						],
						[
							"{6, 9}"
						],
						[
							"{7, 8}"
						],
						[
							"{7, 9}"
						],
						[
							"{8, 9}"
						]
					],
					"uPolys_ij_N":[
						"-1 + u + 6*u^3 + u^5",
						"9 + 9*u + 16*u^2 + 14*u^3 - 2*u^4 + u^5",
						"1 + u + 2*u^3 + 2*u^4 + u^5",
						"16 + 8*u + 73*u^2 + 54*u^3 - 15*u^4 + u^5",
						"-1 - 6*u^2 - u^3 + 3*u^4 + u^5",
						"-1 - 12*u - 30*u^2 + 37*u^3 - 11*u^4 + u^5",
						"1 + u - 12*u^2 + 38*u^3 - 12*u^4 + u^5",
						"216 + 324*u + 12*u^2 + 595*u^3 - 15*u^4 + u^5",
						"4 + 26*u + 11*u^2 + 60*u^3 + u^4 + u^5",
						"-1 + u + 6*u^3 + u^5",
						"-29 + 73*u + 158*u^2 + 208*u^3 - 4*u^4 + u^5",
						"16 + 8*u + 73*u^2 + 54*u^3 - 15*u^4 + u^5",
						"9 + 9*u + 16*u^2 + 14*u^3 - 2*u^4 + u^5",
						"9 + 9*u + 16*u^2 + 14*u^3 - 2*u^4 + u^5",
						"-1 + u + 6*u^3 + u^5",
						"-4 - 4*u - u^2 + 8*u^3 - u^4 + u^5",
						"-4 - 4*u - u^2 + 8*u^3 - u^4 + u^5",
						"277 + 295*u + 554*u^2 + 1326*u^3 + 44*u^4 + u^5",
						"-88 - 68*u - 272*u^2 + 155*u^3 - 11*u^4 + u^5",
						"-4 - 4*u - u^2 + 8*u^3 - u^4 + u^5",
						"-548 - 268*u - 825*u^2 + 434*u^3 + 19*u^4 + u^5",
						"81 - 207*u - 32*u^2 + 278*u^3 - 24*u^4 + u^5",
						"-7 + 33*u - 64*u^2 + 4*u^3 + 6*u^4 + u^5",
						"-1 - 6*u^2 - u^3 + 3*u^4 + u^5",
						"-163 + 260*u - 340*u^2 + 149*u^3 - 19*u^4 + u^5",
						"-1 - 12*u - 30*u^2 + 37*u^3 - 11*u^4 + u^5",
						"-7 - 22*u + 60*u^2 + 199*u^3 + 25*u^4 + u^5",
						"-1 - 6*u^2 - u^3 + 3*u^4 + u^5",
						"-1 - 12*u - 30*u^2 + 37*u^3 - 11*u^4 + u^5",
						"-1 - 6*u^2 - u^3 + 3*u^4 + u^5",
						"16 + 8*u + 73*u^2 + 54*u^3 - 15*u^4 + u^5"
					],
					"uPolysN":[
						"1 + u + 2*u^3 + 2*u^4 + u^5",
						"1 + u + 6*u^3 + u^5",
						"-4 - 4*u - u^2 + 8*u^3 - u^4 + u^5",
						"1 - u - 2*u^3 + 2*u^4 - u^5",
						"9 - 9*u + 16*u^2 - 14*u^3 - 2*u^4 - u^5",
						"-1 - 6*u^2 - u^3 + 3*u^4 + u^5",
						"1 + 6*u^2 - u^3 - 3*u^4 + u^5",
						"4 - 4*u + u^2 + 8*u^3 + u^4 + u^5",
						"1 + 6*u^2 - u^3 - 3*u^4 + u^5"
					]
				},
				{
					"IdealName":"J9_42_1",
					"Generators":[
						"1 + u + u^2",
						"1 + a + u",
						"-1 + b"
					],
					"VariableOrder":[
						"u",
						"a",
						"b"
					],
					"Characteristic":0,
					"KnownGroebner":[],
					"Status":[
						"vCompNormalize"
					],
					"MonomialOrder":"lex",
					"IsHomogeneous":false,
					"IsZeroDim":true,
					"IdealDimension":0,
					"ZeroDimensionalVars":[
						"u",
						"a",
						"b"
					],
					"Timings":{
						"TimingmagmaVCompNormalize":4.75e-4,
						"TimingComplexVolumeN":0.220319,
						"TimingObstruction":5.7e-4,
						"TiminguValues_ij":5.46e-4,
						"TiminguPolys_ij_N":1.332e-3
					},