{
	"Index":78,
	"Name":"9_43",
	"Hyperbolic":true,
	"Torus":false,
	"Satellite":false,
	"Diagrams":[
		{
			"Scode":"{-8, 18, 12, -2, 4, 15, 6, 17, 11}",
			"Acode":"{-5, 1, 7, -2, 3, 9, 4, 1, 7}",
			"PDcode":[
				"{1, 8, 2, 9}",
				"{3, 1, 4, 18}",
				"{5, 13, 6, 12}",
				"{7, 2, 8, 3}",
				"{9, 5, 10, 4}",
				"{10, 16, 11, 15}",
				"{13, 7, 14, 6}",
				"{14, 18, 15, 17}",
				"{16, 12, 17, 11}"
			],
			"SolvingSeqs":[
				[
					"{1, 5, 7}",
					[],
					[
						"{1, -5, 2, 1}",
						"{2, 1, 3, 1}",
						"{5, -2, 4, 2}",
						"{1, 7, 9, 2}",
						"{7, 9, 6, 2}",
						"{9, 1, 8, 2}"
					],
					"{3, 7}",
					"{5}",
					5
				]
			],
			"GeometricRepresentation":{
				"Volume":5.90408585850810334339929156774360116411144909359283277072291456355022506378551311522093035177573190591034461634215109819,
				"ChernSimons":-15.43599756682334823128561473715087792060005562919216367473018634260596400085709276324202885725767458461289226882281303791
			}
		}
	],
	"ParabolicReps":[
		{
			"DiagramIdx":1,
			"SolvingSeqIdx":1,
			"u":{
				"CheckEq":[
					"1 + u + u^2 + a*(a*u^2 + b*(1 + u^2))",
					"-u - u^2 - u^3 + b*(a*u^2 + b*(1 + u^2))",
					"-1 + a + a*b + b^2 - u*(b*u + a*(u + u^3))",
					"b + b^2 + (u + u^3)*(b*u + a*(u + u^3))"
				],
				"TimingForPrimaryIdeals":5.2808e-2
			},
			"v":{
				"CheckEq":[
					"b^2",
					"b + b^2",
					"1 + a*b - v",
					"-1 + a + a*b + b^2 - b*v^2"
				],
				"TimingForPrimaryIdeals":3.5233e-2
			},
			"PrimaryIdeals":[
				{
					"IdealName":"J9_43_0",
					"Generators":[
						"1 - 4*u + 4*u^2 - 7*u^3 + 7*u^4 - 6*u^5 + 5*u^6 - 2*u^7 + u^8",
						"-3 + a + 3*u - 5*u^2 + 6*u^3 - 5*u^4 + 5*u^5 - 2*u^6 + u^7",
						"1 + b - u + u^2 - 2*u^3 + u^4 - u^5"
					],
					"VariableOrder":[
						"u",
						"a",
						"b"
					],
					"Characteristic":0,
					"KnownGroebner":[],
					"Status":[
						"vCompNormalize"
					],
					"MonomialOrder":"lex",
					"IsHomogeneous":false,
					"IsZeroDim":true,
					"IdealDimension":0,
					"ZeroDimensionalVars":[
						"u",
						"a",
						"b"
					],
					"Timings":{
						"TimingmagmaVCompNormalize":4.52e-4,
						"TimingComplexVolumeN":0.690246,
						"TimingObstruction":2.166e-3,
						"TiminguValues_ij":5.65e-4,
						"TiminguPolys_ij_N":5.872e-3
					},
					"ComplexVolumeN":[
						"-0.363400998614295512125051306712786934657397972779755810004842826980675274772822808058868842036743109000481323576476683180058276047301451`123.1720591809883 + 1.661949290749820441793195376552594398324991634348218202245440899081837022065502404174968351578191726617248546068899454747129459916358217`123.83344802449353*I",
						"-0.363400998614295512125051306712786934657397972779755810004842826980675274772822808058868842036743109000481323576476686015621943613321027`113.39436017207242 - 1.661949290749820441793195376552594398324991634348218202245440899081837022065502404174968351578191726617248546068899448432921721061532494`114.05459182416874*I",
						"-4.432089463884811514353786601298426920477112643883597534606343469581508341515387797146486999412124104771286050506820001195594889497742248`118.4711613416442 - 1.625410999510000176794208182420050463920621386273241441955805132845397915213710957142802881696203454542160997908214297506395768251683896`118.03551602900082*I",
						"-4.432089463884811514353786601298426920477112643883597534606343469581508341515387797146486999412124104771286050506820001195939375266663863`124.74631939236578 + 1.625410999510000176794208182420050463920621386273241441955805132845397915213710957142802881696203454542160997908214297507158500624306578`124.38125589350645*I",
						-1.103614624264965260078968080670533621280642106235763027979988631945077437067402017372215526870781172421094487210793234,
						"-15.435997566823348231285614737150877920600055629192163674730186342605964000857092763242028857257674584612892268822813037906221415791175891`120.31213295443992 - 5.904085858508103343399291567743601164111449093592832770722914563550225063785513115220930351775731905910344616342151098185795044340159937`119.89475344489985*I",
						"-15.43599756682334823128561473715087792060005562919216367473018634260596400085709276324202885725767458461289226885296948272451958617612861`108.5246912853338 + 5.90408585850810334339929156774360116411144909359283277072291456355022506378551311522093035177573190591034461637263534421070934870863671`108.10730924835856*I",
						-11.071299456233370191509411961678088882256622240670752940875129429558866381544419208409139895548413800537724433772
					],
					"GeometricComponent":"{6, 7}",
					"SortedReprnIndices":"{7, 6, 1, 2, 4, 3, 8, 5}",
					"Abelian":false,
					"Obstruction":-1,
					"ij_list":[
						[
							"{1, 2}",
							"{1, 3}",
							"{4, 5}"
						],
						[
							"{1, 4}"
						],
						[
							"{1, 5}",
							"{2, 4}",
							"{2, 5}"
						],
						[
							"{1, 6}"
						],
						[
							"{1, 7}"
						],
						[
							"{1, 8}",
							"{1, 9}"
						],
						[
							"{2, 3}"
						],
						[
							"{2, 6}"
						],
						[
							"{2, 7}"
						],
						[
							"{2, 8}"
						],
						[
							"{2, 9}"
						],
						[
							"{3, 4}"
						],
						[
							"{3, 5}"
						],
						[
							"{3, 6}"
						],
						[
							"{3, 7}"
						],
						[
							"{3, 8}"
						],
						[
							"{3, 9}"
						],
						[
							"{4, 6}"
						],
						[
							"{4, 7}"
						],
						[
							"{4, 8}"
						],
						[
							"{4, 9}"
						],
						[
							"{5, 6}"
						],
						[
							"{5, 7}"
						],
						[
							"{5, 8}"
						],
						[
							"{5, 9}"
						],
						[
							"{6, 7}"
						],
						[
							"{6, 8}"
						],
						[
							"{6, 9}"
						],
						[
							"{7, 8}"
						],
						[
							"{7, 9}"
						],
						[
							"{8, 9}"
						]
					],