{
	"Index":79,
	"Name":"9_44",
	"Hyperbolic":true,
	"Torus":false,
	"Satellite":false,
	"Diagrams":[
		{
			"Scode":"{-8, 18, -13, -2, 4, 15, -5, 17, 11}",
			"Acode":"{-5, 1, -8, -2, 3, 9, -3, 1, 7}",
			"PDcode":[
				"{1, 8, 2, 9}",
				"{3, 1, 4, 18}",
				"{6, 13, 7, 14}",
				"{7, 2, 8, 3}",
				"{9, 5, 10, 4}",
				"{10, 16, 11, 15}",
				"{12, 5, 13, 6}",
				"{14, 18, 15, 17}",
				"{16, 12, 17, 11}"
			],
			"SolvingSeqs":[
				[
					"{1, 3, 8}",
					[],
					[
						"{3, -8, 4, 1}",
						"{3, 1, 2, 2}",
						"{4, -2, 5, 1}",
						"{5, 3, 6, 1}",
						"{8, -3, 7, 2}",
						"{1, 7, 9, 2}"
					],
					"{1, 8}",
					"{6}",
					6
				]
			],
			"GeometricRepresentation":{
				"Volume":7.406767572367503230450694635253254663268340770408296705786041956403800617046027155017112835470358424367192580417,
				"ChernSimons":9.399141593341813642621378136025549765763164061147543180005787444709717317816230500594235951776775208086933700133
			}
		}
	],
	"ParabolicReps":[
		{
			"DiagramIdx":1,
			"SolvingSeqIdx":1,
			"u":{
				"CheckEq":[
					"-1 + a - b + a*(b + a*u^2)",
					"b + (b + a*u^2)^2",
					"1 - u - (a^2*u - u*(a^2*u^2 - u*(u + a*b*u)))*(u + a*b*u - u*(a^2*u^2 - u*(u + a*b*u)))",
					"-u - (u + a*b*u - u*(a^2*u^2 - u*(u + a*b*u)))^2"
				],
				"TimingForPrimaryIdeals":3.9023e-2
			},
			"v":{
				"CheckEq":[
					"b + b^2",
					"-(b^4*v^2)",
					"-1 + a - b + b*(a - b*v^2)",
					"1 - v + b^2*v*(v - a*b*v - b^2*v^3)"
				],
				"TimingForPrimaryIdeals":5.1943e-2
			},
			"PrimaryIdeals":[
				{
					"IdealName":"J9_44_0",
					"Generators":[
						"1 - 5*u + 15*u^2 - 20*u^3 + 35*u^4 - 31*u^5 + 28*u^6 - 14*u^7 + 9*u^8 - 2*u^9 + u^10",
						"-916 + 449*a + 95*u - 1369*u^2 + 1314*u^3 - 1893*u^4 + 1009*u^5 - 909*u^6 + 280*u^7 - 140*u^8 + 25*u^9",
						"377 + 449*b + 380*u + 810*u^2 + 766*u^3 - 388*u^4 + 1342*u^5 - 493*u^6 + 671*u^7 - 111*u^8 + 100*u^9"
					],
					"VariableOrder":[
						"u",
						"a",
						"b"
					],
					"Characteristic":0,
					"KnownGroebner":[],
					"Status":[
						"vCompNormalize"
					],
					"MonomialOrder":"lex",
					"IsHomogeneous":false,
					"IsZeroDim":true,
					"IdealDimension":0,
					"ZeroDimensionalVars":[
						"u",
						"a",
						"b"
					],
					"Timings":{
						"TimingmagmaVCompNormalize":4.56e-4,
						"TimingComplexVolumeN":0.913842,
						"TimingObstruction":3.35e-3,
						"TiminguValues_ij":7.93e-4,
						"TiminguPolys_ij_N":1.2261e-2
					},
					"ComplexVolumeN":[
						"9.8614696028799021837333011608610831535174754626926536474538541423561281779738921339076324616720705137492586122117963`105.62019831991611 - 0.5025282007317542032492137851493954834170224527588540947114474118252479947924124495838681288418562792960394650390427`104.32741711792062*I",
						"9.86146960287990218373330116086108315351747546269265364745385414235612817797389213390766637140626`84.69956001905842 + 0.502528200731754203249213785149395483417022452758854094711447411825247994792412449584214049633103`83.40677881706291*I",
						"1.145793521165386042476096583103018613511191640110136308987394830769319627489523408317698493884195`79.55272486705925 + 1.460725298491171789250816483017708938581763657654641346742929524826182668956069341834633472826609`79.65818705576932*I",
						"1.145793521165386042476096583103018613511191640110136308987394830769319627489523407832671103349314093527840376439677323639974109191090058`110.05547941873587 - 1.46072529849117178925081648301770893858176365765464134674292952482618266895606934224447400371183798592449097892423107987371022652058444`110.16094160744593*I",
						"-1.899218588203530753103805232812833588964514072219777880707099200936195139398255440550596705864096934655806843960852158102935419895828189`120.30304993923122 + 0.795913342098851036997999488853387757717337009471700421902339684320175397456230399738543437625733820350837730078486100029435912157666278`119.9253843552527*I",
						"-1.899218588203530753103805232812833588964514072219777880707099200936195139398255440550596705864096934655806843960852158102935741718245258`122.81462629429552 - 0.795913342098851036997999488853387757717337009471700421902339684320175397456230399738543437625733820350837730078486100029435968805422017`122.44343531743904*I",
						"9.399141593341813642621378136025549765763164061147543180005787444709717317816230500594235951776775208086933700133331606102014627171069594`112.12178921273448 + 7.406767572367503230450694635253254663268340770408296705786041956403800617046027155017112835470358424367192580417150355950984318208074228`112.01832973716972*I",
						"9.399141593341813642621378136025549765763164061147543180005787444709717317816230500594235951776775208086933700129258658592587328073825291`110.22936171043294 - 7.406767572367503230450694635253254663268340770408296705786041956403800617046027155017112835470358424367192580419617870909791121889098005`110.12590223486735*I",
						"-0.41291139385308031453040381407054086241886817845577244064879669382888780944618098961402490411671712236417826980182941412639386585425482`120.17401827446658 + 2.812074796331359327438368147055794559705839430715432115551761547665688220944058625349295806487189391829084084160179985506133478910023862`121.00729781549379*I",
						"-0.412911393853080314530403814070540862418868178455772440648796693828887809446180989614024904116717122364178269801829460884988224522446929`111.25282908122202 - 2.812074796331359327438368147055794559705839430715432115551761547665688220944058625349295806487189391829084084160179984298330641573862332`112.08599908226999*I"
					],
					"GeometricComponent":"{7, 8}",
					"SortedReprnIndices":"{7, 8, 9, 10, 3, 4, 5, 6, 2, 1}",
					"Abelian":false,
					"Obstruction":-1,
					"ij_list":[
						[
							"{1, 2}",
							"{1, 3}"
						],
						[
							"{1, 4}"
						],
						[
							"{1, 5}"
						],
						[
							"{1, 6}"
						],
						[
							"{1, 7}"
						],
						[
							"{1, 8}"
						],
						[
							"{1, 9}"
						],
						[
							"{2, 3}"
						],
						[
							"{2, 4}"
						],
						[
							"{2, 5}"
						],
						[
							"{2, 6}"
						],
						[
							"{2, 7}"
						],
						[
							"{2, 8}"
						],
						[
							"{2, 9}"
						],
						[
							"{3, 4}"
						],
						[
							"{3, 5}",
							"{3, 6}"
						],
						[
							"{3, 7}",
							"{3, 8}"
						],
						[
							"{3, 9}"
						],
						[
							"{4, 5}"
						],
						[
							"{4, 6}"
						],
						[
							"{4, 7}"
						],
						[
							"{4, 8}"
						],
						[
							"{4, 9}"
						],
						[
							"{5, 6}"
						],
						[
							"{5, 7}"
						],
						[
							"{5, 8}"
						],
						[
							"{5, 9}"
						],
						[
							"{6, 7}"
						],
						[
							"{6, 8}"
						],
						[
							"{6, 9}"
						],
						[
							"{7, 8}"
						],
						[
							"{7, 9}"
						],
						[
							"{8, 9}"
						]
					],