{
	"Index":81,
	"Name":"9_46",
	"Hyperbolic":true,
	"Torus":false,
	"Satellite":false,
	"Diagrams":[
		{
			"Scode":"{-10, 18, -13, -11, 15, -2, -5, -17, 7}",
			"Acode":"{-7, 1, -8, -7, 9, -2, -4, -1, 5}",
			"PDcode":[
				"{1, 10, 2, 11}",
				"{3, 1, 4, 18}",
				"{4, 13, 5, 14}",
				"{6, 11, 7, 12}",
				"{8, 16, 9, 15}",
				"{9, 2, 10, 3}",
				"{12, 5, 13, 6}",
				"{14, 17, 15, 18}",
				"{16, 8, 17, 7}"
			],
			"SolvingSeqs":[
				[
					"{1, 4, 7}",
					[],
					[
						"{1, -7, 2, 1}",
						"{4, -7, 5, 1}",
						"{7, -4, 8, 1}",
						"{4, -8, 3, 2}",
						"{1, 5, 9, 2}",
						"{5, 9, 6, 1}"
					],
					"{2, 8}",
					"{6}",
					6
				]
			],
			"GeometricRepresentation":{
				"Volume":4.75170196551789951697494438070506302102209752924001429287849855674680900546362216343557392469440398251030143080498681400197,
				"ChernSimons":-16.87607683006514081808264952316291290081968860954819203343494504756694864902479865891678340731362326992030725614397434039280
			}
		}
	],
	"ParabolicReps":[
		{
			"DiagramIdx":1,
			"SolvingSeqIdx":1,
			"u":{
				"CheckEq":[
					"1 - a*b + b^2 + a^2*u",
					"-1 + a + b - a*u^2 + a^2*u*(u + a*b*u)",
					"b - a*u^2 + (u + a*b*u)^2",
					"-b^2 - u + a*u*(b - a*u^2)"
				],
				"TimingForPrimaryIdeals":3.7189e-2
			},
			"v":{
				"CheckEq":[
					"-b^2 - b^2*v",
					"b + b^4*v^2",
					"-1 + a + b + b*v^2 - b^2*v*(v - a*b*v)",
					"1 - a*b + b^2 - v - b*v*(a + b*v^2)"
				],
				"TimingForPrimaryIdeals":5.1564e-2
			},
			"PrimaryIdeals":[
				{
					"IdealName":"J9_46_0",
					"Generators":[
						"2 + 6*u^2 + 5*u^3 + u^4",
						"-2 + 2*a - 2*u - 3*u^2 - u^3",
						"-1 + b + u - 2*u^2 - u^3"
					],
					"VariableOrder":[
						"u",
						"a",
						"b"
					],
					"Characteristic":0,
					"KnownGroebner":[],
					"Status":[
						"vCompNormalize"
					],
					"MonomialOrder":"lex",
					"IsHomogeneous":false,
					"IsZeroDim":true,
					"IdealDimension":0,
					"ZeroDimensionalVars":[
						"u",
						"a",
						"b"
					],
					"Timings":{
						"TimingmagmaVCompNormalize":4.67e-4,
						"TimingComplexVolumeN":0.357284,
						"TimingObstruction":1.507e-3,
						"TiminguValues_ij":8.69e-4,
						"TiminguPolys_ij_N":4.897e-3
					},
					"ComplexVolumeN":[
						"-16.876076830065140818082649523162912900819688609548192033434945047566948649024798658916783407313623269920307256143974340392797247519150926`123.46332991591574 + 4.751701965517899516974944380705063021022097529240014292878498556746809005463622163435573924694403982510301430804986814001968683717701991`122.94791444010541*I",
						"-16.876076830065140818082649523162912900819688609548192033434945047566948649024798658916783407313623269920307256143974792596816886981004599`112.13477758961767 - 4.751701965517899516974944380705063021022097529240014292878498556746809005463622163435573924694403982510301430804986686891173438856744092`111.58435528890445*I",
						"0.426736161582876453358497856702661008630189597480207656079362753866873944992789920580494401116036216880264066520602433596453988110863587`117.4667008804178 + 1.17563301006556123911940696049645757063334968220763758768738402285810588659922304564449403004876880233131061615101368197616541643806465`117.92063680836058*I",
						"0.4267361615828764533584978567026610086301895974802076560793627538668739449927899205804944011160362168802640859134387`102.91557933455368 - 1.1756330100655612391194069604964575706333496822076375876873840228581058865992230456444940300487688023313105927501548`103.35569165999013*I"
					],
					"GeometricComponent":"{1, 2}",
					"SortedReprnIndices":"{1, 2, 3, 4}",
					"Abelian":false,
					"Obstruction":-1,
					"ij_list":[
						[
							"{1, 2}"
						],
						[
							"{1, 3}"
						],
						[
							"{1, 4}"
						],
						[
							"{1, 5}"
						],
						[
							"{1, 6}"
						],
						[
							"{1, 7}"
						],
						[
							"{1, 8}"
						],
						[
							"{1, 9}"
						],
						[
							"{2, 3}"
						],
						[
							"{2, 4}"
						],
						[
							"{2, 5}"
						],
						[
							"{2, 6}"
						],
						[
							"{2, 7}"
						],
						[
							"{2, 8}"
						],
						[
							"{2, 9}"
						],
						[
							"{3, 4}",
							"{4, 5}"
						],
						[
							"{3, 5}"
						],
						[
							"{3, 6}"
						],
						[
							"{3, 7}"
						],
						[
							"{3, 8}"
						],
						[
							"{3, 9}"
						],
						[
							"{4, 6}"
						],
						[
							"{4, 7}",
							"{4, 8}"
						],
						[
							"{4, 9}"
						],
						[
							"{5, 6}"
						],
						[
							"{5, 7}"
						],
						[
							"{5, 8}"
						],
						[
							"{5, 9}"
						],
						[
							"{6, 7}"
						],
						[
							"{6, 8}"
						],
						[
							"{6, 9}"
						],
						[
							"{7, 8}"
						],
						[
							"{7, 9}"
						],
						[
							"{8, 9}"
						]
					],
					"uPolys_ij_N":[
						"1 + 4*u + 18*u^2 + 8*u^3 + u^4",
						"1 + 4*u + 18*u^2 + 8*u^3 + u^4",
						"2 + 6*u^2 - 5*u^3 + u^4",
						"2 + 3*u + 5*u^2 + 3*u^3 + u^4",
						"8 - 12*u + 40*u^2 - 6*u^3 + u^4",
						"1 - 2*u + 4*u^2 + u^4",
						"4 - 11*u + 11*u^2 - u^3 + u^4",
						"4 - 11*u + 11*u^2 - u^3 + u^4",
						"1 - 20*u + 262*u^2 + 28*u^3 + u^4",
						"4 - u + 43*u^2 - 13*u^3 + u^4",
						"2 + 6*u^2 - 5*u^3 + u^4",
						"1 - 2*u + 4*u^2 + u^4",
						"1 - 2*u + 4*u^2 + u^4",
						"34 - 100*u + 130*u^2 - 7*u^3 + u^4",
						"1 - 2*u + 4*u^2 + u^4",
						"1 + 4*u + 18*u^2 + 8*u^3 + u^4",
						"17 + 36*u + 70*u^2 - 12*u^3 + u^4",
						"133 - 208*u + 696*u^2 + 34*u^3 + u^4",
						"8 - 12*u + 40*u^2 - 6*u^3 + u^4",
						"1 - 2*u + 4*u^2 + u^4",
						"62 - 60*u + 228*u^2 + 7*u^3 + u^4",
						"34 - 100*u + 130*u^2 - 7*u^3 + u^4",
						"1 - 2*u + 4*u^2 + u^4",
						"19 - 2*u + 44*u^2 + 2*u^3 + u^4",
						"4 - 11*u + 11*u^2 - u^3 + u^4",
						"1 - 2*u + 4*u^2 + u^4",
						"8 - 12*u + 40*u^2 - 6*u^3 + u^4",
						"2 + 3*u + 5*u^2 + 3*u^3 + u^4",
						"1 + 4*u + 18*u^2 + 8*u^3 + u^4",
						"86 + 93*u + 331*u^2 - 33*u^3 + u^4",
						"2 + 3*u + 5*u^2 + 3*u^3 + u^4",
						"1 + 4*u + 18*u^2 + 8*u^3 + u^4",
						"2 + 6*u^2 - 5*u^3 + u^4",
						"16 - 33*u + 107*u^2 + 21*u^3 + u^4"
					],
					"uPolysN":[
						"1 - 2*u + 4*u^2 + u^4",
						"1 - 4*u + 18*u^2 - 8*u^3 + u^4",
						"1 - 2*u + 4*u^2 + u^4",
						"1 - 2*u + 4*u^2 + u^4",
						"2 + 3*u + 5*u^2 + 3*u^3 + u^4",
						"1 + 2*u + 4*u^2 + u^4",
						"1 + 2*u + 4*u^2 + u^4",
						"4 + 11*u + 11*u^2 + u^3 + u^4",
						"2 - 3*u + 5*u^2 - 3*u^3 + u^4"
					]
				},
				{
					"IdealName":"J9_46_1",
					"Generators":[
						"-1 + u",
						"2 - a + a^2",
						"1 - a + b"
					],
					"VariableOrder":[
						"u",
						"a",
						"b"
					],
					"Characteristic":0,
					"KnownGroebner":[],
					"Status":[
						"vCompNormalize"
					],
					"MonomialOrder":"lex",
					"IsHomogeneous":false,
					"IsZeroDim":true,
					"IdealDimension":0,
					"ZeroDimensionalVars":[
						"u",
						"a",
						"b"
					],
					"Timings":{
						"TimingmagmaVCompNormalize":4.71e-4,
						"TimingComplexVolumeN":0.178275,
						"TimingObstruction":6.86e-4,
						"TiminguValues_ij":8.32e-4,
						"TiminguPolys_ij_N":2.269e-3
					},
					"ComplexVolumeN":[
						-4.934802200544679309417245499938075567656849703620395313206674688110022411209602621500886701859276115912012956887,
						-4.93480220054467930941724549993807556765684970362039531320667468811002241120960262150088670185927611591201296
					],
					"GeometricComponent":0,
					"SortedReprnIndices":"{1, 2}",
					"Abelian":false,
					"Obstruction":-1,