{
	"Index":40,
	"Name":"9_5",
	"Hyperbolic":true,
	"Torus":false,
	"Satellite":false,
	"Diagrams":[
		{
			"Scode":"{12, 10, 18, 16, 14, 2, 4, 8, 6}",
			"Acode":"{7, 6, 1, 9, 8, 2, 3, 5, 4}",
			"PDcode":[
				"{1, 13, 2, 12}",
				"{3, 11, 4, 10}",
				"{5, 1, 6, 18}",
				"{7, 17, 8, 16}",
				"{9, 15, 10, 14}",
				"{11, 3, 12, 2}",
				"{13, 5, 14, 4}",
				"{15, 9, 16, 8}",
				"{17, 7, 18, 6}"
			],
			"SolvingSeqs":[
				[
					"{4, 9}",
					[],
					[
						"{4, 9, 5, 1}",
						"{9, 4, 1, 1}",
						"{4, 1, 3, 2}",
						"{9, 5, 8, 2}",
						"{5, 8, 6, 1}",
						"{3, 6, 2, 2}",
						"{8, 3, 7, 2}"
					],
					"{1}",
					"{6}",
					6
				]
			],
			"GeometricRepresentation":{
				"Volume":5.69844175094005750647534030700085118606521939654690490055088797847502876771708363470742664970866120657085390830545,
				"ChernSimons":17.75939811056502515813129321497541349769881462134057279678157641460934187059205881668227866201312123052884663772686
			}
		}
	],
	"ParabolicReps":[
		{
			"DiagramIdx":1,
			"SolvingSeqIdx":1,
			"u":{
				"CheckEq":[
					"u + u^2 + (u^2 + u*(u + u^3))*(u^2*(1 + u^2) + (1 + u^2)*(u^2 + u*(u + u^3))) + (u + u^3 + u^2*(-u^3 - (1 + u^2)*(u + u^3)))*(-(u*(u + u^3 + u^2*(-u^3 - (1 + u^2)*(u + u^3)))) - u*(u - (1 + u^2)*(-u^3 - (1 + u^2)*(u + u^3))))",
					"-1 - u - u^2 + (1 + u^2)*(u^2*(1 + u^2) + (1 + u^2)*(u^2 + u*(u + u^3))) + (u - (1 + u^2)*(-u^3 - (1 + u^2)*(u + u^3)))*(-(u*(u + u^3 + u^2*(-u^3 - (1 + u^2)*(u + u^3)))) - u*(u - (1 + u^2)*(-u^3 - (1 + u^2)*(u + u^3))))"
				],
				"TimingForPrimaryIdeals":3.6393e-2
			},
			"v":{
				"CheckEq":[
					"-1 + v"
				],
				"TimingForPrimaryIdeals":5.7369e-2
			},
			"PrimaryIdeals":[
				{
					"IdealName":"J9_5_0",
					"Generators":[
						"1 - 3*u^2 + 9*u^3 - 13*u^4 + 24*u^5 - 16*u^6 + 22*u^7 - 7*u^8 + 8*u^9 - u^10 + u^11"
					],
					"VariableOrder":[
						"u"
					],
					"Characteristic":0,
					"KnownGroebner":[],
					"Status":[
						"vCompNormalize"
					],
					"MonomialOrder":"lex",
					"IsHomogeneous":false,
					"IsZeroDim":true,
					"IdealDimension":0,
					"ZeroDimensionalVars":[
						"u"
					],
					"Timings":{
						"TimingmagmaVCompNormalize":4.34e-4,
						"TimingComplexVolumeN":1.105625,
						"TimingObstruction":3.524e-3,
						"TiminguValues_ij":6.79e-4,
						"TiminguPolys_ij_N":1.1275e-2
					},
					"ComplexVolumeN":[
						-0.6368354601454861747063478471184539275475011121116581963027187626121586804533531662114037740998606114217772172062800409,
						"2.02227512949696644392151433118237721059113906153248292197077739726264795430455147828288982654315076519913266630680910982729685712209079`120.07114653237255 - 1.658476592169167883812997226339918822088758111018833418134729884949149711061886524212637450285077930702547859944380633891758501399311054`119.98511424281408*I",
						"2.022275129496966443921514331182377210591139061532482921970777397262647954304551478282889826543150765199132666306809109827297265484003356`121.25772345526217 + 1.658476592169167883812997226339918822088758111018833418134729884949149711061886524212637450285077930702547859944380633891758559765010672`121.17355604965799*I",
						"11.245398505138365936498314685517615826385825313607633749358713247109483443687148223268259053054156831093246094167306539473083790508217207`114.58181081942402 - 2.302190524890106059333220249055066675146859161318730760375537870538358471217764571036666301222907939711550283690658151407466498541822722`113.89297723373119*I",
						"11.245398505138365936498314685517615826385825313607633749358713247109483443687148223268259053054156831093246094167342460067076666232350264`111.61786074101937 + 2.302190524890106059333220249055066675146859161318730760375537870538358471217764571036666301222907939711550283690634447520485412747309667`110.9290271529706*I",
						"17.759398110565025158131293214975413497698814621340572796781576414609341870592058816682278662013121230528846637726860488912558529860441572`114.42553324057155 + 5.698441750940057506475340307000851186065219396546904900550887978475028767717083634707426649708661206570853908305453118683416345611176104`113.93186111826374*I",
						"17.7593981105650251581312932149754134976988146213405727967815764146093418705920588166822786620131212305289936674116809`101.89988756739682 - 5.6984417509400575064753403070008511860652193965469049005508879784750287677170836347074266497086612065711768405604061`101.40621543782412*I",
						"7.766989706771446207978826232556295460791223998991242953075449741093672516939870488747282085447407251378212434787503889457690226317376395`115.95685797223038 + 4.263740792915282268812746307456382444686239320834978250222884214908450694414056712517938843723217008221778447677844823207769357386810272`115.69639606622084*I",
						"7.766989706771446207978826232556295460791223998991242953075449741093672516939870488747282085447407251378212434787503889509228048000685765`120.75808111272802 - 4.263740792915282268812746307456382444686239320834978250222884214908450694414056712517938843723217008221778447677844823080182145033644225`120.49809422161945*I",
						"3.470174982730713470869812208801167293389970041357256839221577430166124049984669858882529225795941212763560909154258364683583419971919761`116.90659994891007 + 1.625535071187984948379104326319112365067480116323642575777973204072459875625408832623078955301694822643762421179536749498509049025561892`116.57725107442542*I",
						"3.470174982730713470869812208801167293389970041357256839221577430166124049984669858882529225795941212763560909154301019679776687524759437`111.036241594486 - 1.625535071187984948379104326319112365067480116323642575777973204072459875625408832623078955301694822643762421179864704381636621171199175`110.70688656385784*I"
					],
					"GeometricComponent":"{6, 7}",
					"SortedReprnIndices":"{6, 7, 8, 9, 5, 4, 3, 2, 10, 11, 1}",
					"Abelian":false,
					"Obstruction":-1,
					"ij_list":[
						[
							"{1, 2}"
						],
						[
							"{1, 3}"
						],
						[
							"{1, 4}",
							"{4, 9}",
							"{5, 8}",
							"{5, 9}"
						],
						[
							"{1, 5}",
							"{4, 8}"
						],
						[
							"{1, 6}"
						],
						[
							"{1, 7}"
						],
						[
							"{1, 8}",
							"{4, 6}"
						],
						[
							"{1, 9}",
							"{3, 4}",
							"{4, 5}",
							"{8, 9}"
						],
						[
							"{2, 3}"
						],
						[
							"{2, 4}"
						],
						[
							"{2, 5}"
						],
						[
							"{2, 6}"
						],
						[
							"{2, 7}"
						],
						[
							"{2, 8}"
						],
						[
							"{2, 9}"
						],
						[
							"{3, 5}"
						],
						[
							"{3, 6}"
						],
						[
							"{3, 7}"
						],
						[
							"{3, 8}"
						],
						[
							"{3, 9}",
							"{6, 9}"
						],
						[
							"{4, 7}"
						],
						[
							"{5, 6}"
						],
						[
							"{5, 7}"
						],
						[
							"{6, 7}"
						],
						[
							"{6, 8}"
						],
						[
							"{7, 8}"
						],
						[
							"{7, 9}"
						]
					],