{
	"Index":41,
	"Name":"9_6",
	"Hyperbolic":true,
	"Torus":false,
	"Satellite":false,
	"Diagrams":[
		{
			"Scode":"{10, 18, 14, 16, 12, 2, 4, 6, 8}",
			"Acode":"{6, 1, 8, 9, 7, 2, 3, 4, 5}",
			"PDcode":[
				"{1, 11, 2, 10}",
				"{3, 1, 4, 18}",
				"{5, 15, 6, 14}",
				"{7, 17, 8, 16}",
				"{9, 13, 10, 12}",
				"{11, 3, 12, 2}",
				"{13, 5, 14, 4}",
				"{15, 7, 16, 6}",
				"{17, 9, 18, 8}"
			],
			"SolvingSeqs":[
				[
					"{2, 6}",
					[],
					[
						"{6, 2, 7, 1}",
						"{2, 6, 1, 2}",
						"{2, 1, 3, 1}",
						"{7, 3, 8, 1}",
						"{6, 7, 5, 2}",
						"{1, 5, 9, 2}",
						"{5, 9, 4, 2}"
					],
					"{3}",
					"{8}",
					8
				]
			],
			"GeometricRepresentation":{
				"Volume":7.2036007616231649637630308175991154602865089167784251188936228009263037037979628382148086605696510060401849468984109,
				"ChernSimons":-10.3490117627548555461221467623119624325785468789691499782112761679801977602949875019256357131642986707294840491828500
			}
		}
	],
	"ParabolicReps":[
		{
			"DiagramIdx":1,
			"SolvingSeqIdx":1,
			"u":{
				"CheckEq":[
					"-u + u^3 + u^4 + (-u^2 - (u - u^3)*(u - u^3 + u^5))*(-((u - u^3)*(1 - u^3*(u - u^3 + u^5))) + u^3*(-u^2 - (u - u^3)*(u - u^3 + u^5))) + (u + u^4*(-u^5 - u*(1 - u^2)))*((1 - u^2)*(u + u^4*(-u^5 - u*(1 - u^2))) - u^4*(-u + (1 - u^2)*(-u^5 - u*(1 - u^2))))",
					"1 - u^2 - u^3 + (1 - u^3*(u - u^3 + u^5))*(-((u - u^3)*(1 - u^3*(u - u^3 + u^5))) + u^3*(-u^2 - (u - u^3)*(u - u^3 + u^5))) + (-u + (1 - u^2)*(-u^5 - u*(1 - u^2)))*((1 - u^2)*(u + u^4*(-u^5 - u*(1 - u^2))) - u^4*(-u + (1 - u^2)*(-u^5 - u*(1 - u^2))))"
				],
				"TimingForPrimaryIdeals":3.7219e-2
			},
			"v":{
				"CheckEq":[
					"1 - v"
				],
				"TimingForPrimaryIdeals":3.4526e-2
			},
			"PrimaryIdeals":[
				{
					"IdealName":"J9_6_0",
					"Generators":[
						"1 - 2*u - u^2 + u^3 + 3*u^4 - 3*u^5 - 3*u^6 + u^7 + 4*u^8 - u^9 - 2*u^10 + u^12"
					],
					"VariableOrder":[
						"u"
					],
					"Characteristic":0,
					"KnownGroebner":[],
					"Status":[
						"vCompNormalize"
					],
					"MonomialOrder":"lex",
					"IsHomogeneous":false,
					"IsZeroDim":true,
					"IdealDimension":0,
					"ZeroDimensionalVars":[
						"u"
					],
					"Timings":{
						"TimingmagmaVCompNormalize":4.25e-4,
						"TimingComplexVolumeN":1.239921,
						"TimingObstruction":4.448e-3,
						"TiminguValues_ij":8.35e-4,
						"TiminguPolys_ij_N":1.84e-2
					},
					"ComplexVolumeN":[
						"-10.349011762754855546122146762311962432578546878969149978211276167980197760294987501925635713164298670729484049182849960150413419537537764`116.9245605919546 - 7.203600761623164963763030817599115460286508916778425118893622800926303703797962838214808660569651006040184946898410890133727502635348809`116.76721152540445*I",
						"-10.349011762754855546122146762311962432578546878969149978211276167980197760294987501925635713164298670729484049156059440493740631470469318`108.44640529002575 + 7.203600761623164963763030817599115460286508916778425118893622800926303703797962838214808660569651006040184946911064363775133449659013804`108.28905604477795*I",
						"1.769187672055737126795667174799439620756614950818869460651397980396025092839934293101448559122259971026436031519746668072607728824415364`121.22245649809861 - 2.469071455670760900902657221253070357407254444723076974726445340543274802807676765810113651853187015430876418828225270057672278786538015`121.37290795306588*I",
						"1.769187672055737126795667174799439620756614950818869460651397980396025092839934293101448559122259971026436031478847872514551034291632303`108.51096064200333 + 2.469071455670760900902657221253070357407254444723076974726445340543274802807676765810113651853187015430876418735123965659514656392199824`108.65572039626461*I",
						"-8.67410000264834802832357929461039918010665191460261830300491111052702528391972913013948567471342641574546514097335495850273144072402817`117.49164947633756 + 1.70958646811339350168983427792856627521228573947138129072386187909391882989926377339404164832534933466581692653445252624149856354354604`116.78631626512755*I",
						"-8.674100002648348028323579294610399180106651914602618303004911110527025283919729130139485674713426415745465140973354936865822563062871816`112.96996763262216 - 1.709586468113393501689834277928566275212285739471381290723861879093918829899263773394041648325349334665816926534453262215692913717934297`112.26463427945815*I",
						-0.6606924366193048605984386251326401787687150644540575649034327802244648299487635354053735003052236936909077204001668,
						"-0.207771241598663858174765357888539012989334495175640914548176802069119803837686349260529849365604791536435169088222005740458586936000542`120.9436386018021 - 0.49850282327583173772716779561755241442654119932394370554516683519523549247145535704708969000367463140429489017871817946929912419667478`121.34227875770787*I",
						"-0.207771241598663858174765357888539012989334495175640914548176802069119803837686349260529849365604791536435169088222005740307021939056273`116.71948699844697 + 0.498502823275831737727167795617552414426541199323943705545166835195235492471455357047089690003674631404294890178718179469306046005691562`117.10101843132361*I",
						"-1.2320810871593544190916715892486885626221816420096159597827353769047434945322032756759666387089`81.22549997199174 + 5.522851845494332359659261595634407111621135273273884225984629444698975851963188476965921071477013`81.87702407404265*I",
						"-1.232081087159354419091671589248688562622181642009615959782735376904743494532203275656279602555048023629801412770182729035727383347543732`110.43988585195082 - 5.52285184549433235965926159563440711162113527327388422598462944469897585196318847689724826530645678010909958507455407023374607569852307`111.09140995400212*I",
						-14.5896448583129716566858550490198667411574818142871810528430276054456517234643204995097867581748190148077310054049017570
					],
					"GeometricComponent":"{1, 2}",
					"SortedReprnIndices":"{2, 1, 10, 11, 4, 3, 5, 6, 9, 8, 12, 7}",
					"Abelian":false,
					"Obstruction":-1,
					"ij_list":[
						[
							"{1, 2}",
							"{6, 7}"
						],
						[
							"{1, 3}"
						],
						[
							"{1, 4}"
						],
						[
							"{1, 5}"
						],
						[
							"{1, 6}",
							"{2, 6}",
							"{2, 7}"
						],
						[
							"{1, 7}",
							"{2, 5}"
						],
						[
							"{1, 8}"
						],
						[
							"{1, 9}"
						],
						[
							"{2, 3}",
							"{5, 6}"
						],
						[
							"{2, 4}"
						],
						[
							"{2, 8}"
						],
						[
							"{2, 9}"
						],
						[
							"{3, 4}"
						],
						[
							"{3, 5}"
						],
						[
							"{3, 6}"
						],
						[
							"{3, 7}"
						],
						[
							"{3, 8}"
						],
						[
							"{3, 9}"
						],
						[
							"{4, 5}"
						],
						[
							"{4, 6}"
						],
						[
							"{4, 7}"
						],
						[
							"{4, 8}"
						],
						[
							"{4, 9}"
						],
						[
							"{5, 7}"
						],
						[
							"{5, 8}"
						],
						[
							"{5, 9}"
						],
						[
							"{6, 8}"
						],
						[
							"{6, 9}"
						],
						[
							"{7, 8}"
						],
						[
							"{7, 9}"
						],
						[
							"{8, 9}"
						]
					],