{
	"Index":42,
	"Name":"9_7",
	"Hyperbolic":true,
	"Torus":false,
	"Satellite":false,
	"Diagrams":[
		{
			"Scode":"{10, 18, 16, 14, 12, 2, 8, 4, 6}",
			"Acode":"{6, 1, 9, 8, 7, 2, 5, 3, 4}",
			"PDcode":[
				"{1, 11, 2, 10}",
				"{3, 1, 4, 18}",
				"{5, 17, 6, 16}",
				"{7, 15, 8, 14}",
				"{9, 13, 10, 12}",
				"{11, 3, 12, 2}",
				"{13, 9, 14, 8}",
				"{15, 5, 16, 4}",
				"{17, 7, 18, 6}"
			],
			"SolvingSeqs":[
				[
					"{2, 7}",
					[],
					[
						"{7, 2, 6, 2}",
						"{2, 6, 1, 2}",
						"{2, 1, 3, 1}",
						"{6, 7, 5, 2}",
						"{7, 5, 8, 1}",
						"{5, 8, 4, 2}",
						"{1, 4, 9, 2}"
					],
					"{8}",
					"{3}",
					3
				]
			],
			"GeometricRepresentation":{
				"Volume":8.01486145782995389761205644067477317239123502359414905717936467429890197106260194461952058712319315080654615706655,
				"ChernSimons":5.53769492910948989113353553959554029622442385196690359022282198239717693539627424528113333438588917874342936560323
			}
		}
	],
	"ParabolicReps":[
		{
			"DiagramIdx":1,
			"SolvingSeqIdx":1,
			"u":{
				"CheckEq":[
					"-1 + u^2 - u^3 + (1 - u^2*(1 - u^2))*(-u^7 - (1 - u^2*(1 - u^2))*(u - u^2*(u - u^3))) + (u + u^3*(u^3*(u - u^3) + u*(u - u^2*(u - u^3))))*(u^2*(u + u^3*(u^3*(u - u^3) + u*(u - u^2*(u - u^3)))) + (1 - u^2)*(u - u^3 - (u - u^2*(u - u^3))*(u^3*(u - u^3) + u*(u - u^2*(u - u^3)))))",
					"u + u^2 - u^2*(u - u^3) + u^4*(-u^7 - (1 - u^2*(1 - u^2))*(u - u^2*(u - u^3))) + (u - u^3 - (u - u^2*(u - u^3))*(u^3*(u - u^3) + u*(u - u^2*(u - u^3))))*(u^2*(u + u^3*(u^3*(u - u^3) + u*(u - u^2*(u - u^3)))) + (1 - u^2)*(u - u^3 - (u - u^2*(u - u^3))*(u^3*(u - u^3) + u*(u - u^2*(u - u^3)))))"
				],
				"TimingForPrimaryIdeals":4.0189e-2
			},
			"v":{
				"CheckEq":[
					"-1 + v"
				],
				"TimingForPrimaryIdeals":3.5039e-2
			},
			"PrimaryIdeals":[
				{
					"IdealName":"J9_7_0",
					"Generators":[
						"-1 - u + 2*u^2 + 2*u^3 - 2*u^4 - 6*u^5 + 4*u^6 + 6*u^7 - 3*u^8 - 5*u^9 + 4*u^10 + 2*u^11 - u^12 - u^13 + u^14"
					],
					"VariableOrder":[
						"u"
					],
					"Characteristic":0,
					"KnownGroebner":[],
					"Status":[
						"vCompNormalize"
					],
					"MonomialOrder":"lex",
					"IsHomogeneous":false,
					"IsZeroDim":true,
					"IdealDimension":0,
					"ZeroDimensionalVars":[
						"u"
					],
					"Timings":{
						"TimingmagmaVCompNormalize":4.27e-4,
						"TimingComplexVolumeN":1.646322,
						"TimingObstruction":6.015e-3,
						"TiminguValues_ij":1.098e-3,
						"TiminguPolys_ij_N":2.8125e-2
					},
					"ComplexVolumeN":[
						"9.651211870594671128096810455397284105906985278714005819012892194660184044696170763596087940230574196895283645948943102374396747662207217`120.62744549726499 - 3.264989549498317628597481205353131317305233687380516979963442868509303856777507117264173573610932426249478826352111192491058579315181525`120.15880935338387*I",
						"9.651211870594671128096810455397284105906985278714005819012892194660184044696170763596087940230574196895283645974745850382927777256254621`107.72437383849102 + 3.264989549498317628597481205353131317305233687380516979963442868509303856777507117264173573610932426249478826341610458371519506838330995`107.25367378434242*I",
						"-2.9796091244789038726894852119148804644975443325888457441502660010593993836252891960548950674549250015058257646288411`103.91484616199014 - 4.8825567215957975305618440698907248310228195196767562352743659025827921107102724316191990170338461575327110120455707`104.12933416371402*I",
						"-2.979609124478903872689485211914880464497544332588845744150266001059399383625289196054895067454925001505825994154318498953560836394747055`122.3521393853616 + 4.882556721595797530561844069890724831022819519676756235274365902582792110710272431619199017033846157532710735162810906305940451885459829`122.60444865146013*I",
						-0.730641325059145694305678315906681494061631538171948257105594551532211629331415952724321744940313958175885602628713831,
						"-1.412869352353426210433263403577461963122290133409015562390860706577396206696455024923596751958750892858848756750781960943748274316887077`122.6755558176125 + 0.852236799887334693287322095482671137363737619663769016531574378359282825946555324963092100384521896110814022131119287171594400355096074`122.48857964207033*I",
						"-1.412869352353426210433263403577461963122290133409015562390860706577396206696455024923596751958750892858848756750781960943748274068276448`121.62424332077711 - 0.852236799887334693287322095482671137363737619663769016531574378359282825946555324963092100384521896110814022131119287171594400378941634`121.40849090027768*I",
						"1.352255985950018240546469757825242999354865136185015874877388780470463857151597746456480218482257717650335254806361639592877605305131828`117.34404928950647 + 1.986380547440755563546163930761468190099795141673036396267061832217547789766669242255614755756374791242994181202102446571903408417441877`117.51153406749813*I",
						"1.35225598595001824054646975782524299935486513618501587487738878047046385715159774645648021848225771765033525480636164066149176148492699`113.65832282493827 - 1.986380547440755563546163930761468190099795141673036396267061832217547789766669242255614755756374791242994181202102449083531660974906783`113.82532636639786*I",
						"5.801019132074530378600769774025600015705872892967252807342337259915359100914597961154789319507883540355211901623235727448809426581881162`112.32727426523857 - 1.519342024448105482634513430894025990708861988600667223983192681238621542008690727693040299581019125003595218930389114429665090026743196`111.74542551789291*I",
						"5.801019132074530378600769774025600015705872892967252807342337259915359100914597961165813786914226`82.4302417324349 + 1.519342024448105482634513430894025990708861988600667223983192681238621542008690727676501668649488`81.84839298507129*I",
						-5.55995235346553755970052250716751507914189562777631343348298433942043059908476130929035603028988682491120749020254751711749,
						"5.537694929109489891133535539595540296224423851966903590222821982397176935396274245281133334385889178743429365603225407221714525899810956`114.23031297740319 + 8.014861457829953897612056440674773172391235023594149057179364674298901971062601944619520587123193150806546157066553015737345251994412948`114.39087997273087*I",
						"5.537694929109489891133535539595540296224423851966903590222821982397176935396274245281133334385889178743429365603225408342154960441194519`121.2913132487902 - 8.014861457829953897612056440674773172391235023594149057179364674298901971062601944619520587123193150806546157066553064363055218015418356`121.48436344522464*I"
					],
					"GeometricComponent":"{13, 14}",
					"SortedReprnIndices":"{13, 14, 4, 3, 2, 1, 8, 9, 11, 10, 6, 7, 12, 5}",
					"Abelian":false,
					"Obstruction":-1,
					"ij_list":[
						[
							"{1, 2}",
							"{5, 7}",
							"{6, 7}"
						],
						[
							"{1, 3}"
						],
						[
							"{1, 4}"
						],
						[
							"{1, 5}"
						],
						[
							"{1, 6}"
						],
						[
							"{1, 7}"
						],
						[
							"{1, 8}"
						],
						[
							"{1, 9}"
						],
						[
							"{2, 3}",
							"{7, 8}"
						],
						[
							"{2, 4}"
						],
						[
							"{2, 5}"
						],
						[
							"{2, 6}",
							"{2, 7}"
						],
						[
							"{2, 8}"
						],
						[
							"{2, 9}"
						],
						[
							"{3, 4}"
						],
						[
							"{3, 5}"
						],
						[
							"{3, 6}"
						],
						[
							"{3, 7}"
						],
						[
							"{3, 8}"
						],
						[
							"{3, 9}"
						],
						[
							"{4, 5}"
						],
						[
							"{4, 6}"
						],
						[
							"{4, 7}"
						],
						[
							"{4, 8}"
						],
						[
							"{4, 9}"
						],
						[
							"{5, 6}"
						],
						[
							"{5, 8}"
						],
						[
							"{5, 9}"
						],
						[
							"{6, 8}"
						],
						[
							"{6, 9}"
						],
						[
							"{7, 9}"
						],
						[
							"{8, 9}"
						]
					],