{
	"Index":44,
	"Name":"9_9",
	"Hyperbolic":true,
	"Torus":false,
	"Satellite":false,
	"Diagrams":[
		{
			"Scode":"{10, 12, 18, 16, 14, 2, 4, 6, 8}",
			"Acode":"{6, 7, 1, 9, 8, 2, 3, 4, 5}",
			"PDcode":[
				"{1, 11, 2, 10}",
				"{3, 13, 4, 12}",
				"{5, 1, 6, 18}",
				"{7, 17, 8, 16}",
				"{9, 15, 10, 14}",
				"{11, 3, 12, 2}",
				"{13, 5, 14, 4}",
				"{15, 7, 16, 6}",
				"{17, 9, 18, 8}"
			],
			"SolvingSeqs":[
				[
					"{3, 7}",
					[],
					[
						"{7, 3, 8, 1}",
						"{3, 7, 2, 2}",
						"{7, 2, 6, 2}",
						"{2, 6, 1, 2}",
						"{3, 1, 4, 1}",
						"{6, 8, 5, 2}",
						"{1, 5, 9, 2}"
					],
					"{8}",
					"{4}",
					4
				]
			],
			"GeometricRepresentation":{
				"Volume":8.0168155656780159284333197609445874131581510992206701783895671510128737783082806008182632299605119893260471494301,
				"ChernSimons":-9.5189517615974500636886463185912946463166970937658225972269647671961169313972084071848185417800323570546926311028
			}
		}
	],
	"ParabolicReps":[
		{
			"DiagramIdx":1,
			"SolvingSeqIdx":1,
			"u":{
				"CheckEq":[
					"u + u^2 + u*(u - u^3) + (-u^2 - u*(u - u^3))^2*(-(u*(-u^2 - u*(u - u^3))^2) - u*(1 + (1 - u^2)*(-u^2 - u*(u - u^3)))) + (u - u^3 - u*(u^2 + u*(u - u^3)))*((1 - u^2)*(u - u^3 - u*(u^2 + u*(u - u^3))) - (-u^2 - u*(u - u^3))*(u + u*(u^2 + u*(u - u^3))))",
					"-1 - u + u^2 + (1 + (1 - u^2)*(-u^2 - u*(u - u^3)))*(-(u*(-u^2 - u*(u - u^3))^2) - u*(1 + (1 - u^2)*(-u^2 - u*(u - u^3)))) + (u + u*(u^2 + u*(u - u^3)))*((1 - u^2)*(u - u^3 - u*(u^2 + u*(u - u^3))) - (-u^2 - u*(u - u^3))*(u + u*(u^2 + u*(u - u^3))))"
				],
				"TimingForPrimaryIdeals":4.0351e-2
			},
			"v":{
				"CheckEq":[
					"-1 + v"
				],
				"TimingForPrimaryIdeals":3.5395e-2
			},
			"PrimaryIdeals":[
				{
					"IdealName":"J9_9_0",
					"Generators":[
						"-1 - 2*u + 2*u^2 + 4*u^3 - 14*u^5 + 2*u^6 + 26*u^7 + 11*u^8 - 34*u^9 - 16*u^10 + 24*u^11 + 7*u^12 - 8*u^13 - u^14 + u^15"
					],
					"VariableOrder":[
						"u"
					],
					"Characteristic":0,
					"KnownGroebner":[],
					"Status":[
						"vCompNormalize"
					],
					"MonomialOrder":"lex",
					"IsHomogeneous":false,
					"IsZeroDim":true,
					"IdealDimension":0,
					"ZeroDimensionalVars":[
						"u"
					],
					"Timings":{
						"TimingmagmaVCompNormalize":4.24e-4,
						"TimingComplexVolumeN":1.789481,
						"TimingObstruction":5.257e-3,
						"TiminguValues_ij":8.93e-4,
						"TiminguPolys_ij_N":2.2215e-2
					},
					"ComplexVolumeN":[
						-13.8019970523651045751120580885912409898352077490663975730751317579395647079975454675252724093620536399472047736113539588976,
						"-4.522733196205011470013493325144336257929976161265814017011371015370855058544668024127991681746934265953612992639594717600735182980087909`116.75630352078073 - 4.11724999222324558839441507715480244391194344953463140762434080335306337897101814284664422308656291602475991895683438796766139702863148`116.71551038498686*I",
						"-4.522733196205011470013493325144336257929976161265814017011371015370855058544668024127991681746934265953612992639594715738009365315680918`114.27214558928077 + 4.117249992223245588394415077154802443911943449534631407624340803353063378971018142846644223086562916024759918956834385758404828377077609`114.23166561617306*I",
						"-2.1832923731490877846514943376435316557496206602440952585013781754630952811599818900471499788513078346950058900433175`102.94081572971383 - 5.4532364249283085626854718686555746211836904875874956009989041826696787153990126233731894391914912007801987403062886`103.33835815897325*I",
						"-2.183292373149087784651494337643531655749620660244095258501378175463095281159981890047149978851307834695005077705705996865495467846160343`111.04912852747448 + 5.453236424928308562685471868655574621183690487587495600998904182669678715399012623373189439191491200780197229341872744154522046149486491`111.44667095673431*I",
						-0.5979304529162921665823163803264400030217635817562004210829642511211464010867656859750314513554039102956278656194905,
						"-1.298945170555896012283029808515452518328757564291072990101910501278671715881700623893944949359121123694372969922881084390255094062986101`112.59829285457116 + 1.649254506944482923681619590715607493595836800851187642732038343523101619881563617478297814387095334441702254903135132587914689287620295`112.701989714567*I",
						"-1.2989451705558960122830298085154525183287575642910729901019105012786717158817006238939449493591211236943730127530995`105.20186881607403 - 1.6492545069444829236816195907156074935958368008511876427320383435231016198815636174782978143870953344417022736095983`105.30556567606561*I",
						"2.174254544664219762866066020731006546639466210672486193086662258580441331626573431994702257449477295160977936128904310517726258299713993`121.55259256230565 + 1.812480717128574564452696903894362742603350925231448547541106285809061800817525914765494405560481730462611604145609347626219872869845966`121.47842889474306*I",
						"2.174254544664219762866066020731006546639466210672486193086662258580441331626573431994702257449477295160977936128904308845338219577854641`114.35944647884601 - 1.812480717128574564452696903894362742603350925231448547541106285809061800817525914765494405560481730462611604145609350369072408068602621`114.2804932318807*I",
						-5.5254829671670189004202871106315589925545266283486119972647797712582279671103994185842088473403657750696589775577017661667,
						"-6.763841110472982122384167190659262665378188825052645870376985381827378479408076240454304313768464804535132676129183090910470101312706966`122.18789792632784 + 0.15907615675361873147878642376749567987057839303804553505253162479962686629829629917518936948259806303130630511879522653204425242794496`120.59908474540983*I",
						"-6.763841110472982122384167190659262665378188825052645870376985381827378479408076240454304313768464804535132676129183090910470096426676256`122.27529849953194 - 0.159076156753618731478786423767495679870578393038045535052531624799626866298296299175189369482598063031306305118795226532044261706070254`120.68182724686478*I",
						"-9.518951761597450063688646318591294646316697093765822597226964767196116931397208407184818541780032357054692631102840062503199566993579881`113.31658479272281 + 8.016815565678015928433319760944587413158151099220670178389567151012873778308280600818263229960511989326047149430128075655211445160242306`113.24199755921487*I",
						"-9.51895176159745006368864631859129464631669709376582259722696476719611693139720840718481854178003235705469263110283565419708257829230966`120.87199164997278 - 8.016815565678015928433319760944587413158151099220670178389567151012873778308280600818263229960511989326047149430123499243185681672359831`120.80214836076046*I"
					],
					"GeometricComponent":"{14, 15}",
					"SortedReprnIndices":"{14, 15, 5, 4, 3, 2, 9, 10, 7, 8, 12, 13, 1, 11, 6}",
					"Abelian":false,
					"Obstruction":-1,
					"ij_list":[
						[
							"{1, 2}"
						],
						[
							"{1, 3}",
							"{6, 8}"
						],
						[
							"{1, 4}"
						],
						[
							"{1, 5}"
						],
						[
							"{1, 6}"
						],
						[
							"{1, 7}"
						],
						[
							"{1, 8}"
						],
						[
							"{1, 9}"
						],
						[
							"{2, 3}",
							"{6, 7}",
							"{7, 8}"
						],
						[
							"{2, 4}"
						],
						[
							"{2, 5}"
						],
						[
							"{2, 6}",
							"{2, 7}",
							"{3, 7}",
							"{3, 8}"
						],
						[
							"{2, 8}",
							"{3, 6}"
						],
						[
							"{2, 9}"
						],
						[
							"{3, 4}"
						],
						[
							"{3, 5}"
						],
						[
							"{3, 9}"
						],
						[
							"{4, 5}"
						],
						[
							"{4, 6}"
						],
						[
							"{4, 7}"
						],
						[
							"{4, 8}"
						],
						[
							"{4, 9}"
						],
						[
							"{5, 6}"
						],
						[
							"{5, 7}"
						],
						[
							"{5, 8}"
						],
						[
							"{5, 9}"
						],
						[
							"{6, 9}"
						],
						[
							"{7, 9}"
						],
						[
							"{8, 9}"
						]
					],